{"type": "FeatureCollection", "features": [{"type": "Feature", "properties": {"code": "26", "name": "京都府"}, "geometry": {"type": "MultiPolygon", "coordinates": [[[[135.0367, 35.5373], [134.9959, 35.5353], [134.9592, 35.513], [134.9265, 35.5125], [134.9146, 35.5277], [134.9143, 35.5448], [134.8542, 35.5881], [134.8725, 35.6197], [134.8671, 35.6581], [134.882, 35.6589], [134.8834, 35.6467], [134.9353, 35.6505], [134.9659, 35.6655], [134.9663, 35.676], [134.9849, 35.6923], [135.0222, 35.6895], [135.0354, 35.7019], [135.0607, 35.7081], [135.0817, 35.7235], [135.0857, 35.7398], [135.1235, 35.7458], [135.1383, 35.7577], [135.1441, 35.7503], [135.1854, 35.7659], [135.2045, 35.7639], [135.223, 35.7792], [135.2468, 35.7573], [135.2531, 35.7593], [135.257, 35.7445], [135.2733, 35.7425], [135.2742, 35.7303], [135.2872, 35.7259], [135.286, 35.7051], [135.308, 35.6944], [135.2993, 35.6788], [135.3029, 35.6628], [135.288, 35.6647], [135.2939, 35.6737], [135.2874, 35.6756], [135.268, 35.6674], [135.2543, 35.6515], [135.2443, 35.6205], [135.1926, 35.5711], [135.1873, 35.5587], [135.1931, 35.5383], [135.2081, 35.5427], [135.2041, 35.5587], [135.2237, 35.5675], [135.2278, 35.5858], [135.2412, 35.5843], [135.2547, 35.5989], [135.2555, 35.5887], [135.2469, 35.5865], [135.2507, 35.5702], [135.2739, 35.5609], [135.254, 35.5527], [135.2449, 35.5613], [135.2369, 35.5458], [135.2442, 35.5359], [135.2673, 35.5339], [135.2882, 35.5155], [135.3098, 35.5124], [135.3234, 35.5256], [135.3303, 35.517], [135.3297, 35.4922], [135.3114, 35.459], [135.3163, 35.4512], [135.3467, 35.4753], [135.3467, 35.4823], [135.3407, 35.4798], [135.3491, 35.4864], [135.3468, 35.494], [135.3598, 35.4876], [135.378, 35.4908], [135.382, 35.4857], [135.3718, 35.477], [135.3975, 35.4788], [135.4004, 35.5006], [135.3904, 35.5079], [135.3963, 35.5152], [135.3813, 35.5032], [135.3445, 35.5041], [135.3487, 35.5205], [135.3385, 35.5239], [135.3359, 35.5339], [135.3423, 35.5518], [135.3486, 35.5431], [135.378, 35.5613], [135.3926, 35.5579], [135.4121, 35.5701], [135.4263, 35.5665], [135.4337, 35.5907], [135.4619, 35.6035], [135.4627, 35.5928], [135.4518, 35.5913], [135.4481, 35.5791], [135.4521, 35.5675], [135.4655, 35.5705], [135.4657, 35.5621], [135.4865, 35.558], [135.4599, 35.5472], [135.449, 35.5235], [135.4748, 35.5049], [135.4754, 35.4891], [135.4591, 35.4675], [135.4968, 35.4377], [135.4958, 35.4251], [135.5253, 35.4207], [135.5285, 35.3797], [135.6419, 35.3668], [135.7007, 35.3437], [135.7185, 35.3553], [135.7684, 35.3561], [135.7637, 35.3445], [135.809, 35.3161], [135.8313, 35.2761], [135.8581, 35.2891], [135.8342, 35.2411], [135.8368, 35.2258], [135.8291, 35.2207], [135.8439, 35.1699], [135.8558, 35.1595], [135.8353, 35.0909], [135.8355, 35.059], [135.815, 35.0461], [135.8268, 35.0223], [135.8334, 35.0223], [135.8347, 35.0128], [135.8199, 35.0129], [135.8351, 35.0032], [135.8268, 34.9911], [135.8493, 34.991], [135.8525, 34.9707], [135.8782, 34.9475], [135.8709, 34.9105], [135.8625, 34.9029], [135.8664, 34.8923], [135.898, 34.8712], [135.9405, 34.8932], [135.9457, 34.8517], [135.9614, 34.8537], [135.9707, 34.8384], [136.005, 34.8427], [136.0047, 34.8282], [136.0281, 34.8192], [136.0104, 34.8007], [136.0335, 34.7789], [136.0285, 34.7572], [136.0552, 34.7384], [136.0427, 34.7361], [136.0285, 34.7062], [136.0055, 34.7169], [135.9859, 34.7151], [135.9754, 34.7409], [135.9588, 34.7402], [135.955, 34.7477], [135.9428, 34.738], [135.9254, 34.7403], [135.9254, 34.7575], [135.8982, 34.7315], [135.89, 34.7087], [135.8765, 34.7136], [135.8486, 34.7059], [135.7928, 34.7241], [135.7551, 34.7275], [135.7567, 34.7351], [135.7334, 34.7547], [135.7284, 34.7779], [135.7447, 34.8043], [135.7098, 34.8466], [135.6955, 34.8482], [135.6749, 34.8987], [135.6486, 34.9094], [135.6503, 34.9231], [135.6307, 34.9353], [135.5999, 34.928], [135.6176, 34.9575], [135.6129, 34.9713], [135.5733, 34.9717], [135.5783, 34.9557], [135.5636, 34.9536], [135.5568, 34.9381], [135.5577, 34.933], [135.5633, 34.9422], [135.5622, 34.9335], [135.58, 34.937], [135.5807, 34.9236], [135.5722, 34.9165], [135.5418, 34.9153], [135.5132, 34.9439], [135.49, 34.9418], [135.481, 34.9495], [135.4863, 34.9564], [135.4809, 34.9625], [135.4901, 34.9677], [135.4832, 34.9814], [135.4928, 34.9877], [135.4874, 34.9919], [135.4361, 35.0083], [135.423, 35.0023], [135.4099, 35.0109], [135.3821, 35.0101], [135.3802, 35.0363], [135.3688, 35.0536], [135.3992, 35.0761], [135.4031, 35.0894], [135.3885, 35.0971], [135.3894, 35.1288], [135.3435, 35.1357], [135.3405, 35.1499], [135.2822, 35.1449], [135.278, 35.1511], [135.2909, 35.1597], [135.2898, 35.1699], [135.2738, 35.1771], [135.2327, 35.1774], [135.2245, 35.1639], [135.2067, 35.1609], [135.1869, 35.1718], [135.1863, 35.1898], [135.199, 35.194], [135.1967, 35.2029], [135.1556, 35.2262], [135.1662, 35.2402], [135.1583, 35.2599], [135.109, 35.2663], [135.0675, 35.2372], [135.0565, 35.264], [135.0382, 35.2607], [135.01, 35.2698], [135.0095, 35.2837], [134.9988, 35.2911], [134.9256, 35.3112], [134.9185, 35.3645], [134.9264, 35.3775], [134.923, 35.3943], [134.9338, 35.4074], [134.9448, 35.4132], [134.9586, 35.4091], [134.9872, 35.3945], [134.9895, 35.3863], [135.0192, 35.3945], [135.0291, 35.4096], [135.0483, 35.4074], [135.0495, 35.4511], [135.0358, 35.4753], [135.0417, 35.4934], [135.0328, 35.4973], [135.0447, 35.5085], [135.0367, 35.5373]]]]}}, {"type": "Feature", "properties": {"code": "41", "name": "佐賀県"}, "geometry": {"type": "MultiPolygon", "coordinates": [[[[129.8622, 33.5875], [129.8479, 33.5998], [129.8612, 33.6183], [129.8592, 33.6041], [129.8671, 33.5967], [129.8622, 33.5875]]], [[[129.8933, 33.5932], [129.9018, 33.6029], [129.9007, 33.594], [129.8933, 33.5932]]], [[[129.8368, 33.5837], [129.8351, 33.5891], [129.8459, 33.5915], [129.8368, 33.5837]]], [[[129.757, 33.5634], [129.7394, 33.5728], [129.7412, 33.5781], [129.7679, 33.582], [129.7726, 33.5736], [129.757, 33.5634]]], [[[129.8741, 33.5438], [129.8804, 33.5675], [129.892, 33.5561], [129.8741, 33.5438]]], [[[130.0387, 33.4697], [130.0875, 33.4689], [130.107, 33.4776], [130.1384, 33.4705], [130.15, 33.4774], [130.1748, 33.4663], [130.198, 33.4811], [130.2468, 33.4707], [130.2766, 33.4783], [130.3555, 33.4335], [130.3684, 33.4358], [130.3774, 33.4249], [130.3953, 33.4273], [130.4144, 33.4103], [130.4102, 33.395], [130.4374, 33.4006], [130.444, 33.4173], [130.4962, 33.4448], [130.5116, 33.4493], [130.5362, 33.4382], [130.541, 33.3663], [130.5352, 33.3428], [130.5098, 33.3438], [130.4974, 33.3257], [130.479, 33.3307], [130.4863, 33.3123], [130.482, 33.3049], [130.4554, 33.3017], [130.4548, 33.2942], [130.4668, 33.2886], [130.4526, 33.2831], [130.4489, 33.265], [130.4396, 33.2649], [130.431, 33.2925], [130.4146, 33.2532], [130.4011, 33.249], [130.3983, 33.2595], [130.3907, 33.2599], [130.3843, 33.2403], [130.3713, 33.243], [130.3766, 33.2204], [130.3386, 33.2033], [130.3406, 33.1883], [130.3524, 33.1803], [130.3549, 33.1404], [130.2878, 33.1469], [130.285, 33.1615], [130.2514, 33.1894], [130.2574, 33.1979], [130.2454, 33.2029], [130.2465, 33.1923], [130.2149, 33.1993], [130.2306, 33.1887], [130.2217, 33.1653], [130.149, 33.1127], [130.1219, 33.1247], [130.1277, 33.1085], [130.1123, 33.1011], [130.1301, 33.1043], [130.1341, 33.0981], [130.1255, 33.0933], [130.1398, 33.0943], [130.1437, 33.0731], [130.1683, 33.0517], [130.1903, 32.9911], [130.2032, 32.9901], [130.2206, 32.9751], [130.2198, 32.9595], [130.0857, 32.9748], [130.0752, 32.9873], [130.0503, 32.993], [130.0244, 33.0208], [130.0087, 33.019], [129.9925, 33.0389], [129.9935, 33.0477], [129.9389, 33.0727], [129.9325, 33.088], [129.9215, 33.0904], [129.9256, 33.1075], [129.9504, 33.1099], [129.9545, 33.1166], [129.9425, 33.1643], [129.8877, 33.1563], [129.8517, 33.1767], [129.8372, 33.1732], [129.818, 33.1835], [129.8066, 33.2101], [129.8134, 33.2421], [129.7588, 33.2903], [129.7755, 33.3322], [129.7899, 33.3403], [129.8144, 33.3226], [129.8126, 33.3147], [129.8197, 33.3156], [129.8129, 33.3091], [129.8196, 33.3103], [129.836, 33.2867], [129.8528, 33.2921], [129.8274, 33.3124], [129.8484, 33.3287], [129.8273, 33.3373], [129.8474, 33.3369], [129.842, 33.3462], [129.85, 33.3515], [129.8465, 33.3619], [129.8663, 33.3737], [129.868, 33.4075], [129.8622, 33.4125], [129.8539, 33.4035], [129.8227, 33.4118], [129.8307, 33.4218], [129.7896, 33.4423], [129.7828, 33.4541], [129.8062, 33.4573], [129.7936, 33.4713], [129.8055, 33.485], [129.8259, 33.4782], [129.8261, 33.468], [129.8382, 33.4621], [129.8352, 33.4436], [129.8374, 33.4501], [129.8477, 33.4447], [129.8579, 33.4538], [129.8497, 33.4751], [129.8399, 33.4698], [129.8314, 33.4762], [129.8443, 33.4786], [129.8288, 33.505], [129.8349, 33.5129], [129.8273, 33.5176], [129.8441, 33.5167], [129.8563, 33.5055], [129.8481, 33.5217], [129.8396, 33.5222], [129.8562, 33.5191], [129.8451, 33.5553], [129.8749, 33.5371], [129.8744, 33.5161], [129.885, 33.5217], [129.8821, 33.5395], [129.8936, 33.5377], [129.8901, 33.5469], [129.8958, 33.5494], [129.9161, 33.5419], [129.9278, 33.5507], [129.9288, 33.537], [129.956, 33.5295], [129.9554, 33.5197], [129.967, 33.5086], [129.9526, 33.5032], [129.9362, 33.4786], [129.9469, 33.4723], [129.9491, 33.4783], [129.9546, 33.4693], [129.9624, 33.4835], [129.97, 33.4763], [129.9585, 33.4645], [129.9671, 33.4552], [130.0194, 33.4463], [130.0402, 33.4558], [130.0387, 33.4697]]], [[[129.9674, 33.5271], [129.9698, 33.5404], [129.9645, 33.5389], [129.9721, 33.5432], [129.9772, 33.5349], [129.9674, 33.5271]]], [[[130.2173, 32.9505], [130.2127, 32.9546], [130.222, 32.9584], [130.2173, 32.9505]]]]}}, {"type": "Feature", "properties": {"code": "43", "name": "熊本県"}, "geometry": {"type": "MultiPolygon", "coordinates": [[[[131.1104, 33.1831], [131.1178, 33.1699], [131.1597, 33.1409], [131.1736, 33.0834], [131.1859, 33.0739], [131.1921, 33.0777], [131.2145, 33.055], [131.2271, 33.0109], [131.2468, 32.9952], [131.2468, 32.9823], [131.2628, 32.9762], [131.2452, 32.9586], [131.2518, 32.9545], [131.246, 32.9408], [131.2549, 32.8919], [131.3286, 32.8329], [131.2649, 32.8262], [131.2344, 32.7811], [131.2444, 32.7713], [131.2342, 32.7442], [131.1788, 32.7111], [131.1747, 32.6725], [131.1429, 32.6761], [131.1162, 32.6427], [131.1193, 32.6057], [131.1073, 32.5831], [131.0991, 32.5785], [131.0503, 32.5865], [131.0427, 32.5825], [131.039, 32.5565], [131.0171, 32.5455], [131.0249, 32.5209], [131.0098, 32.5155], [131.0062, 32.4925], [131.019, 32.4395], [131.0422, 32.4091], [131.0665, 32.4074], [131.0685, 32.3845], [131.0782, 32.3733], [131.0735, 32.3575], [131.0934, 32.3501], [131.1105, 32.3285], [131.0779, 32.2813], [131.0503, 32.2863], [131.0521, 32.266], [131.0422, 32.2604], [131.0415, 32.2502], [131.0708, 32.2367], [131.0682, 32.2251], [131.0827, 32.2071], [131.0997, 32.2014], [131.1081, 32.1599], [131.0963, 32.1528], [131.0711, 32.1601], [131.0583, 32.1553], [131.0368, 32.1699], [131.0127, 32.1738], [130.9722, 32.1337], [130.9724, 32.1211], [130.9328, 32.1162], [130.9044, 32.1331], [130.8774, 32.1209], [130.8565, 32.0995], [130.8386, 32.1067], [130.8202, 32.0949], [130.7581, 32.0967], [130.7528, 32.1032], [130.7417, 32.0983], [130.7343, 32.1087], [130.7197, 32.1006], [130.7013, 32.1057], [130.6541, 32.1355], [130.6507, 32.1511], [130.6218, 32.1558], [130.604, 32.1869], [130.5908, 32.1859], [130.5954, 32.1768], [130.5814, 32.1546], [130.5414, 32.1493], [130.5386, 32.137], [130.476, 32.1389], [130.4748, 32.1221], [130.4533, 32.1134], [130.4035, 32.1197], [130.36, 32.1678], [130.3666, 32.1729], [130.3594, 32.1803], [130.3725, 32.1832], [130.3686, 32.1777], [130.379, 32.176], [130.3718, 32.2027], [130.3838, 32.2074], [130.3772, 32.2109], [130.3974, 32.2224], [130.3932, 32.2265], [130.4016, 32.2353], [130.4094, 32.2305], [130.4218, 32.2379], [130.4326, 32.2293], [130.4394, 32.2367], [130.424, 32.2504], [130.4352, 32.2532], [130.4274, 32.2641], [130.4487, 32.2717], [130.4492, 32.2884], [130.4573, 32.2898], [130.4644, 32.2768], [130.4642, 32.2961], [130.472, 32.2861], [130.489, 32.2961], [130.4712, 32.3011], [130.4641, 32.3263], [130.4802, 32.3268], [130.4823, 32.3447], [130.5054, 32.3538], [130.4867, 32.3598], [130.489, 32.3658], [130.5464, 32.4221], [130.5732, 32.4341], [130.564, 32.4559], [130.5689, 32.4753], [130.5471, 32.4771], [130.5415, 32.4953], [130.5661, 32.5032], [130.5543, 32.5113], [130.5726, 32.5094], [130.5365, 32.5252], [130.5388, 32.5332], [130.5556, 32.5429], [130.5615, 32.5377], [130.6005, 32.5865], [130.6083, 32.5934], [130.616, 32.5876], [130.6334, 32.6033], [130.6163, 32.6173], [130.6393, 32.6235], [130.6532, 32.6129], [130.6533, 32.629], [130.6595, 32.6313], [130.651, 32.6424], [130.593, 32.6225], [130.5427, 32.6249], [130.5108, 32.6116], [130.459, 32.6067], [130.461, 32.6152], [130.4504, 32.6231], [130.4593, 32.633], [130.5355, 32.6647], [130.5664, 32.6988], [130.6075, 32.7129], [130.6075, 32.7457], [130.5994, 32.7647], [130.5901, 32.7638], [130.5993, 32.7649], [130.5967, 32.7753], [130.6135, 32.7925], [130.5919, 32.8133], [130.589, 32.8259], [130.5778, 32.8285], [130.5834, 32.8415], [130.5229, 32.8517], [130.5229, 32.8813], [130.4755, 32.9049], [130.4618, 32.9013], [130.4562, 32.905], [130.4601, 32.9193], [130.4508, 32.9089], [130.4433, 32.9145], [130.429, 32.9962], [130.4164, 32.9937], [130.4132, 33.0029], [130.5053, 33.0032], [130.5151, 33.0121], [130.4968, 33.0522], [130.5175, 33.0654], [130.5307, 33.0643], [130.5411, 33.0821], [130.565, 33.0872], [130.5609, 33.104], [130.5797, 33.1157], [130.6588, 33.1101], [130.6536, 33.1133], [130.6676, 33.1381], [130.6668, 33.1571], [130.6792, 33.1712], [130.6922, 33.1599], [130.6905, 33.1519], [130.7305, 33.1546], [130.7708, 33.1245], [130.8389, 33.1039], [130.8449, 33.0921], [130.8612, 33.0953], [130.8863, 33.0865], [130.8979, 33.0646], [130.9195, 33.0526], [130.9491, 33.0509], [130.9693, 33.0237], [130.988, 33.0236], [131.0106, 33.0426], [131.0166, 33.0631], [131.0104, 33.072], [131.0231, 33.0874], [130.9776, 33.1405], [130.9834, 33.1421], [130.9916, 33.1833], [131.0133, 33.1772], [131.0383, 33.1943], [131.0578, 33.1947], [131.1104, 33.1831]]], [[[130.4223, 32.5461], [130.4033, 32.5523], [130.4063, 32.5668], [130.4184, 32.5749], [130.4152, 32.5813], [130.3931, 32.5865], [130.4101, 32.6145], [130.4164, 32.6167], [130.4137, 32.6069], [130.4243, 32.6037], [130.419, 32.6175], [130.4295, 32.6133], [130.4406, 32.6255], [130.4434, 32.6173], [130.4571, 32.6141], [130.4406, 32.5952], [130.4576, 32.5881], [130.4419, 32.5691], [130.4524, 32.554], [130.4352, 32.5477], [130.4195, 32.5521], [130.4223, 32.5461]]], [[[130.487, 32.5763], [130.4893, 32.5922], [130.4795, 32.5902], [130.4826, 32.5987], [130.4726, 32.6032], [130.5077, 32.6067], [130.5102, 32.594], [130.487, 32.5763]]], [[[130.3405, 32.5992], [130.3297, 32.605], [130.3422, 32.6042], [130.3405, 32.5992]]], [[[130.4638, 32.5398], [130.4602, 32.5722], [130.472, 32.5877], [130.486, 32.5712], [130.4638, 32.5398]]], [[[130.3533, 32.4048], [130.3492, 32.4213], [130.3285, 32.3985], [130.2854, 32.3983], [130.2738, 32.4121], [130.2608, 32.4104], [130.2517, 32.3875], [130.2336, 32.3848], [130.2455, 32.3957], [130.2444, 32.4079], [130.2283, 32.4199], [130.2256, 32.4115], [130.2108, 32.4308], [130.2163, 32.4211], [130.2053, 32.4199], [130.1964, 32.4015], [130.2006, 32.3935], [130.1928, 32.3884], [130.1983, 32.3849], [130.2067, 32.3957], [130.2189, 32.3919], [130.2147, 32.3874], [130.2227, 32.3836], [130.2166, 32.377], [130.2238, 32.3661], [130.2107, 32.3575], [130.2035, 32.3255], [130.172, 32.3103], [130.1666, 32.3246], [130.1755, 32.3393], [130.1621, 32.3289], [130.1578, 32.3357], [130.1581, 32.3217], [130.1517, 32.322], [130.1561, 32.3121], [130.1419, 32.3171], [130.1389, 32.2973], [130.1445, 32.3027], [130.1653, 32.2967], [130.1442, 32.2813], [130.1364, 32.2909], [130.1073, 32.2645], [130.1063, 32.2537], [130.0916, 32.255], [130.0933, 32.2472], [130.1009, 32.249], [130.101, 32.2369], [130.0898, 32.2273], [130.0841, 32.2395], [130.0906, 32.243], [130.0795, 32.2428], [130.0821, 32.2312], [130.0712, 32.2247], [130.0853, 32.2196], [130.0771, 32.2124], [130.0575, 32.211], [130.0442, 32.199], [130.0424, 32.2089], [130.0279, 32.2139], [130.0312, 32.1965], [130.0223, 32.1886], [130.0122, 32.1892], [130.0113, 32.2014], [129.9999, 32.1901], [129.99, 32.199], [129.9996, 32.2206], [130.0039, 32.2111], [130.0127, 32.2203], [130.0102, 32.2375], [129.9878, 32.2408], [129.9985, 32.2532], [129.9858, 32.242], [129.9674, 32.2427], [129.9918, 32.2841], [130.0117, 32.2987], [130.0245, 32.3011], [130.0316, 32.2744], [130.0355, 32.2844], [130.0278, 32.2988], [130.0509, 32.3027], [130.0448, 32.2916], [130.0603, 32.2775], [130.0663, 32.2876], [130.0603, 32.2959], [130.0699, 32.2995], [130.0409, 32.3143], [130.0307, 32.3029], [130.0242, 32.3159], [130.0209, 32.3092], [130.0041, 32.3153], [130.0014, 32.3059], [129.9943, 32.3065], [129.9929, 32.321], [129.9874, 32.3167], [129.9765, 32.3297], [129.9753, 32.3582], [129.992, 32.3745], [129.9876, 32.3831], [130.0023, 32.4027], [129.9969, 32.4047], [130.0058, 32.4278], [130.0355, 32.4643], [130.0398, 32.4895], [130.0457, 32.4886], [130.031, 32.5209], [130.0119, 32.5289], [130.0194, 32.5348], [130.0357, 32.5362], [130.0416, 32.5284], [130.0328, 32.5309], [130.0331, 32.5214], [130.0434, 32.5124], [130.0906, 32.5285], [130.1175, 32.548], [130.185, 32.5476], [130.1979, 32.5359], [130.1921, 32.4969], [130.2072, 32.4728], [130.1963, 32.463], [130.1951, 32.4566], [130.2027, 32.4571], [130.1969, 32.4573], [130.1995, 32.4477], [130.2578, 32.4787], [130.2888, 32.4839], [130.2925, 32.4963], [130.317, 32.5174], [130.3328, 32.5214], [130.3397, 32.5142], [130.3599, 32.5281], [130.361, 32.5227], [130.3704, 32.5257], [130.3724, 32.5166], [130.3828, 32.5241], [130.3784, 32.5131], [130.3885, 32.514], [130.3919, 32.4995], [130.4177, 32.5242], [130.4277, 32.5165], [130.4369, 32.5269], [130.4536, 32.521], [130.4599, 32.5301], [130.4278, 32.4555], [130.4079, 32.4353], [130.4219, 32.4325], [130.4126, 32.4217], [130.4017, 32.4255], [130.41, 32.4143], [130.4029, 32.3946], [130.3915, 32.3947], [130.3797, 32.3825], [130.3647, 32.389], [130.3553, 32.3768], [130.3456, 32.3957], [130.3533, 32.4048]]], [[[130.4175, 32.5383], [130.4046, 32.5444], [130.4277, 32.5431], [130.4175, 32.5383]]], [[[130.4014, 32.5357], [130.3936, 32.5395], [130.4048, 32.5432], [130.4014, 32.5357]]], [[[130.419, 32.3673], [130.4202, 32.3779], [130.4072, 32.3915], [130.4134, 32.3991], [130.4266, 32.3794], [130.4358, 32.3817], [130.419, 32.3673]]], [[[130.4063, 32.3871], [130.3976, 32.3873], [130.3992, 32.3937], [130.4063, 32.3871]]], [[[130.3474, 32.3607], [130.3409, 32.3693], [130.3489, 32.3731], [130.3543, 32.3652], [130.3474, 32.3607]]], [[[130.3091, 32.3391], [130.3233, 32.3482], [130.3015, 32.3506], [130.3027, 32.3631], [130.311, 32.3586], [130.3125, 32.3679], [130.3203, 32.3669], [130.3232, 32.3569], [130.3267, 32.3642], [130.3267, 32.3575], [130.3402, 32.3557], [130.3368, 32.3467], [130.3091, 32.3391]]], [[[130.3017, 32.3039], [130.3205, 32.3169], [130.331, 32.3142], [130.3293, 32.3324], [130.3459, 32.3499], [130.3734, 32.3483], [130.3441, 32.3127], [130.3017, 32.3039]]], [[[130.2993, 32.3225], [130.2938, 32.3329], [130.3025, 32.3359], [130.2993, 32.3225]]], [[[130.1357, 32.2621], [130.1309, 32.2675], [130.1367, 32.2752], [130.1461, 32.2749], [130.1496, 32.2697], [130.1357, 32.2621]]], [[[130.0461, 32.1567], [130.0313, 32.1748], [130.0202, 32.1589], [130.0164, 32.1625], [130.0189, 32.186], [130.026, 32.1908], [130.0382, 32.1836], [130.0317, 32.1799], [130.0463, 32.1699], [130.0461, 32.1567]]]]}}, {"type": "Feature", "properties": {"code": "37", "name": "香川県"}, "geometry": {"type": "MultiPolygon", "coordinates": [[[[134.332, 34.5631], [134.3495, 34.5641], [134.3461, 34.5561], [134.3648, 34.5611], [134.3443, 34.5457], [134.3595, 34.5301], [134.3469, 34.5014], [134.3511, 34.4927], [134.3425, 34.4847], [134.3528, 34.4758], [134.335, 34.4481], [134.3378, 34.4342], [134.3189, 34.458], [134.301, 34.4572], [134.2838, 34.442], [134.2777, 34.4468], [134.2861, 34.4475], [134.2825, 34.4593], [134.2883, 34.4621], [134.3149, 34.459], [134.3128, 34.4768], [134.2967, 34.4798], [134.2671, 34.4675], [134.2468, 34.4311], [134.2503, 34.425], [134.232, 34.4145], [134.2243, 34.4259], [134.2366, 34.4301], [134.2364, 34.4375], [134.2236, 34.4373], [134.2413, 34.4581], [134.2277, 34.4805], [134.2156, 34.4733], [134.2084, 34.4829], [134.1943, 34.4843], [134.1517, 34.4603], [134.1413, 34.4698], [134.1568, 34.4929], [134.1803, 34.4873], [134.1642, 34.5072], [134.156, 34.5047], [134.1715, 34.5289], [134.1861, 34.5159], [134.2367, 34.529], [134.2618, 34.552], [134.3028, 34.5488], [134.332, 34.5631]]], [[[134.0069, 34.4982], [134.0166, 34.4969], [134.0234, 34.5069], [134.0205, 34.4788], [134.0069, 34.4982]]], [[[134.0795, 34.4598], [134.0359, 34.4826], [134.0819, 34.4999], [134.1023, 34.4917], [134.1028, 34.4799], [134.0795, 34.4598]]], [[[134.1171, 34.4729], [134.1091, 34.4784], [134.1274, 34.4819], [134.1171, 34.4729]]], [[[133.9913, 34.4431], [133.9736, 34.4531], [133.9679, 34.4785], [133.9808, 34.4769], [134.0018, 34.4513], [134.012, 34.4534], [133.9913, 34.4431]]], [[[134.001, 34.4605], [134.0006, 34.4721], [134.0084, 34.4713], [134.001, 34.4605]]], [[[133.9586, 34.4545], [133.9568, 34.4611], [133.9646, 34.4617], [133.9671, 34.4551], [133.9586, 34.4545]]], [[[134.0066, 34.4356], [134.0034, 34.4399], [134.0129, 34.4423], [134.0066, 34.4356]]], [[[134.0545, 34.4163], [134.0599, 34.434], [134.0639, 34.4215], [134.0545, 34.4163]]], [[[133.8066, 34.4128], [133.7953, 34.4253], [133.8049, 34.4271], [133.8066, 34.4128]]], [[[134.1022, 34.4006], [134.1043, 34.4143], [134.1109, 34.4054], [134.1022, 34.4006]]], [[[133.6659, 34.3825], [133.6517, 34.4088], [133.6742, 34.4099], [133.6768, 34.3956], [133.6659, 34.3825]]], [[[134.039, 34.3793], [134.055, 34.4079], [134.0534, 34.3904], [134.039, 34.3793]]], [[[133.7639, 34.3691], [133.7549, 34.37], [133.7597, 34.3785], [133.7522, 34.3983], [133.7635, 34.3904], [133.7763, 34.4008], [133.7946, 34.389], [133.7639, 34.3691]]], [[[133.6994, 34.3517], [133.6852, 34.3647], [133.6903, 34.3787], [133.7082, 34.3871], [133.7116, 34.4003], [133.73, 34.3712], [133.6994, 34.3517]]], [[[134.1348, 34.1513], [134.1379, 34.1324], [134.1218, 34.1187], [134.0921, 34.1147], [134.0801, 34.1211], [134.0602, 34.1114], [134.0503, 34.1179], [134.0267, 34.0865], [134.0093, 34.0865], [133.9968, 34.0738], [133.9718, 34.0731], [133.9454, 34.0919], [133.9385, 34.1153], [133.9214, 34.1142], [133.9033, 34.1007], [133.8922, 34.108], [133.8329, 34.0975], [133.8218, 34.0922], [133.8195, 34.0739], [133.7976, 34.0695], [133.7907, 34.0781], [133.7774, 34.0781], [133.7283, 34.0442], [133.7203, 34.022], [133.679, 34.0124], [133.6658, 34.0263], [133.6393, 34.0259], [133.6267, 34.0375], [133.6108, 34.0332], [133.5979, 34.0436], [133.6269, 34.0529], [133.6336, 34.0716], [133.6385, 34.0922], [133.6327, 34.1231], [133.6479, 34.1935], [133.6051, 34.2333], [133.5716, 34.2438], [133.579, 34.2481], [133.5751, 34.2563], [133.5571, 34.2613], [133.5895, 34.2601], [133.6107, 34.2507], [133.6218, 34.2355], [133.6541, 34.2341], [133.6716, 34.2465], [133.6669, 34.2342], [133.6706, 34.2269], [133.6777, 34.2363], [133.6735, 34.2218], [133.681, 34.2339], [133.6991, 34.2345], [133.7366, 34.2632], [133.7307, 34.2786], [133.7404, 34.2717], [133.7461, 34.2853], [133.7513, 34.2786], [133.7721, 34.2883], [133.7615, 34.2999], [133.767, 34.3033], [133.7777, 34.2895], [133.7814, 34.3015], [133.7715, 34.3055], [133.7813, 34.3099], [133.7923, 34.2942], [133.7961, 34.3016], [133.7884, 34.308], [133.8286, 34.3229], [133.8223, 34.3255], [133.8186, 34.3529], [133.8221, 34.3489], [133.84, 34.3608], [133.8284, 34.3425], [133.8559, 34.3577], [133.8565, 34.3456], [133.8311, 34.3335], [133.834, 34.3248], [133.8645, 34.3271], [133.8615, 34.3319], [133.8779, 34.3447], [133.885, 34.3403], [133.894, 34.3542], [133.8884, 34.374], [133.8954, 34.3831], [133.9206, 34.3778], [133.927, 34.3896], [133.941, 34.3747], [133.9588, 34.3775], [133.9651, 34.3623], [133.9759, 34.3733], [134.0008, 34.3511], [134.0089, 34.3572], [134.032, 34.353], [134.0287, 34.3485], [134.0457, 34.3552], [134.0595, 34.3478], [134.0632, 34.3535], [134.0545, 34.3562], [134.0697, 34.362], [134.0683, 34.3471], [134.0769, 34.3616], [134.079, 34.3476], [134.0912, 34.3639], [134.0911, 34.3848], [134.1148, 34.3591], [134.1222, 34.3606], [134.1163, 34.3772], [134.1273, 34.3871], [134.1204, 34.3982], [134.1348, 34.3997], [134.1621, 34.3842], [134.1534, 34.3426], [134.165, 34.3259], [134.19, 34.332], [134.1817, 34.3526], [134.2027, 34.3429], [134.2129, 34.3502], [134.2042, 34.3651], [134.2101, 34.3694], [134.2332, 34.3373], [134.2491, 34.3515], [134.2658, 34.336], [134.2651, 34.3197], [134.2468, 34.3077], [134.2469, 34.2969], [134.262, 34.2829], [134.2697, 34.2897], [134.2877, 34.2755], [134.3067, 34.2775], [134.3419, 34.2532], [134.3636, 34.2495], [134.3774, 34.2616], [134.3932, 34.2512], [134.3957, 34.2386], [134.4091, 34.2367], [134.4075, 34.2246], [134.4397, 34.2079], [134.4384, 34.191], [134.4287, 34.1831], [134.4334, 34.1699], [134.4184, 34.1575], [134.3493, 34.1853], [134.3426, 34.1724], [134.3139, 34.1771], [134.2974, 34.1685], [134.2911, 34.1791], [134.2594, 34.1833], [134.1956, 34.1722], [134.1734, 34.1767], [134.1456, 34.1649], [134.1348, 34.1513]]], [[[133.8217, 34.383], [133.8133, 34.3932], [133.8201, 34.3951], [133.8217, 34.383]]], [[[133.6522, 34.3737], [133.6438, 34.3797], [133.6486, 34.3831], [133.6522, 34.3737]]], [[[133.7739, 34.3568], [133.7784, 34.3655], [133.7851, 34.3632], [133.7739, 34.3568]]], [[[133.6218, 34.331], [133.6187, 34.3545], [133.6312, 34.339], [133.6218, 34.331]]], [[[133.6766, 34.3056], [133.6634, 34.3256], [133.6792, 34.3173], [133.6766, 34.3056]]], [[[133.6218, 34.2559], [133.623, 34.2864], [133.6387, 34.2722], [133.655, 34.2809], [133.6544, 34.2705], [133.6328, 34.2687], [133.6218, 34.2559]]], [[[133.6805, 34.2674], [133.6694, 34.2701], [133.6777, 34.2735], [133.6805, 34.2674]]], [[[133.5314, 34.1246], [133.526, 34.1365], [133.5415, 34.1307], [133.5314, 34.1246]]]]}}, {"type": "Feature", "properties": {"code": "23", "name": "愛知県"}, "geometry": {"type": "MultiPolygon", "coordinates": [[[[136.9609, 35.4145], [136.993, 35.4243], [136.978, 35.4041], [137.0036, 35.3811], [137.0474, 35.365], [137.0472, 35.3365], [137.0681, 35.3351], [137.0722, 35.3257], [137.063, 35.3185], [137.0676, 35.3085], [137.0799, 35.3065], [137.0817, 35.2921], [137.096, 35.2907], [137.1022, 35.3016], [137.1315, 35.2935], [137.1453, 35.2799], [137.1652, 35.2825], [137.1858, 35.2532], [137.2224, 35.2557], [137.2756, 35.2905], [137.3078, 35.2911], [137.3452, 35.2726], [137.3443, 35.2578], [137.3832, 35.2601], [137.3892, 35.24], [137.4089, 35.2349], [137.417, 35.2402], [137.4297, 35.2228], [137.5054, 35.2634], [137.5207, 35.2739], [137.5196, 35.2831], [137.5448, 35.2812], [137.5673, 35.2896], [137.5702, 35.2821], [137.5556, 35.2736], [137.557, 35.2642], [137.5459, 35.2532], [137.5768, 35.2203], [137.5785, 35.1984], [137.6198, 35.2107], [137.644, 35.209], [137.656, 35.2281], [137.6822, 35.2347], [137.7217, 35.2307], [137.7217, 35.2226], [137.7597, 35.2215], [137.777, 35.2034], [137.8229, 35.2158], [137.838, 35.2125], [137.8278, 35.2114], [137.8307, 35.2049], [137.803, 35.1832], [137.8232, 35.1699], [137.8211, 35.1583], [137.8285, 35.1537], [137.8145, 35.1525], [137.8144, 35.1402], [137.8041, 35.1306], [137.7925, 35.1344], [137.8002, 35.1053], [137.7919, 35.0953], [137.7782, 35.0995], [137.7746, 35.0771], [137.7172, 35.035], [137.7009, 35.0032], [137.7071, 34.9723], [137.6961, 34.9714], [137.6752, 34.9454], [137.6614, 34.9457], [137.6398, 34.8921], [137.5971, 34.8722], [137.5868, 34.8499], [137.551, 34.8517], [137.5434, 34.8433], [137.502, 34.8328], [137.501, 34.8224], [137.4868, 34.8114], [137.4928, 34.7867], [137.4768, 34.7735], [137.4748, 34.7532], [137.491, 34.7001], [137.4839, 34.6738], [137.3411, 34.6476], [137.1443, 34.5904], [137.0953, 34.5911], [137.0175, 34.5783], [137.057, 34.6491], [137.074, 34.6623], [137.0894, 34.6568], [137.0843, 34.6466], [137.1063, 34.6425], [137.1023, 34.6327], [137.1185, 34.6348], [137.14, 34.6452], [137.1309, 34.6559], [137.1569, 34.6545], [137.2054, 34.6772], [137.224, 34.6759], [137.2437, 34.6889], [137.2379, 34.693], [137.2483, 34.6947], [137.2456, 34.7061], [137.2608, 34.6958], [137.2668, 34.7085], [137.2616, 34.7158], [137.2847, 34.7309], [137.3008, 34.7278], [137.3008, 34.6937], [137.2904, 34.6937], [137.2846, 34.6789], [137.3069, 34.6784], [137.3156, 34.6883], [137.3114, 34.6962], [137.3212, 34.6942], [137.325, 34.7022], [137.3096, 34.7006], [137.3082, 34.7248], [137.3327, 34.7189], [137.3515, 34.7274], [137.3203, 34.7326], [137.3209, 34.7709], [137.3305, 34.7806], [137.2979, 34.8105], [137.2928, 34.8045], [137.2785, 34.8102], [137.2509, 34.8055], [137.2468, 34.8137], [137.2161, 34.8229], [137.2226, 34.8167], [137.2145, 34.816], [137.2189, 34.8125], [137.2098, 34.8028], [137.1944, 34.8093], [137.1868, 34.7921], [137.1896, 34.7762], [137.1705, 34.7652], [137.1772, 34.7806], [137.1682, 34.7876], [137.1506, 34.7823], [137.1357, 34.7889], [137.1328, 34.7823], [137.1055, 34.7911], [137.0873, 34.7755], [137.0761, 34.7865], [137.0273, 34.7773], [136.9968, 34.8161], [136.9601, 34.8285], [136.9509, 34.8234], [136.9599, 34.8287], [136.955, 34.8548], [136.9678, 34.8749], [136.976, 34.8751], [136.9706, 34.8771], [136.9765, 34.8933], [136.9836, 34.8933], [136.9771, 34.8969], [136.9826, 34.9592], [136.9718, 34.9085], [136.957, 34.8811], [136.9625, 34.8741], [136.9439, 34.8807], [136.9341, 34.8746], [136.9458, 34.8741], [136.9395, 34.8613], [136.9279, 34.8655], [136.9367, 34.8543], [136.9349, 34.8485], [136.9268, 34.8522], [136.9295, 34.8297], [136.9216, 34.8283], [136.925, 34.8141], [136.9143, 34.7709], [136.9631, 34.7347], [136.9693, 34.7255], [136.9633, 34.7177], [136.9719, 34.7173], [136.9675, 34.7095], [136.976, 34.7059], [136.972, 34.6956], [136.9358, 34.7078], [136.9297, 34.7029], [136.8853, 34.723], [136.8398, 34.7639], [136.8663, 34.8365], [136.8571, 34.8624], [136.837, 34.8759], [136.8377, 34.8843], [136.8324, 34.8744], [136.8211, 34.8837], [136.8283, 34.9611], [136.8202, 34.9662], [136.8542, 35.0032], [136.8456, 35.0079], [136.8696, 35.0083], [136.8518, 35.0162], [136.8689, 35.0417], [136.8676, 35.0632], [136.8735, 35.0719], [136.8894, 35.0703], [136.8963, 35.0841], [136.8882, 35.094], [136.8847, 35.0887], [136.8672, 35.093], [136.8623, 35.0699], [136.8554, 35.0755], [136.8579, 35.0591], [136.8519, 35.044], [136.8459, 35.0455], [136.8494, 35.0402], [136.8438, 35.0415], [136.8458, 35.034], [136.8379, 35.0513], [136.8473, 35.0559], [136.8494, 35.0779], [136.8281, 35.0827], [136.8183, 35.0633], [136.8317, 35.0647], [136.8384, 35.0309], [136.8121, 35.0256], [136.8098, 35.0493], [136.8168, 35.0515], [136.7967, 35.0515], [136.8003, 35.0297], [136.7804, 35.0335], [136.7961, 35.0224], [136.7938, 35.0149], [136.7704, 35.0214], [136.7468, 35.0824], [136.6725, 35.1347], [136.6719, 35.1878], [136.6831, 35.2003], [136.6777, 35.241], [136.7252, 35.2955], [136.7703, 35.3687], [136.8338, 35.3559], [136.8644, 35.3723], [136.9211, 35.3791], [136.9611, 35.3993], [136.9609, 35.4145]]], [[[136.8119, 34.9961], [136.8004, 35.0036], [136.8217, 35.0176], [136.8119, 34.9961]]], [[[136.8203, 34.9498], [136.8109, 34.9549], [136.8187, 34.9645], [136.8257, 34.9605], [136.8203, 34.9498]]], [[[136.8086, 34.8393], [136.8001, 34.8772], [136.8223, 34.8624], [136.8243, 34.8487], [136.8086, 34.8393]]], [[[137.3063, 34.7847], [137.3033, 34.7929], [137.3154, 34.7963], [137.3244, 34.7869], [137.3084, 34.7791], [137.3063, 34.7847]]], [[[137.3187, 34.7329], [137.3079, 34.7348], [137.3143, 34.7484], [137.3187, 34.7329]]], [[[137.0492, 34.7155], [137.0441, 34.7264], [137.0374, 34.7208], [137.0302, 34.7275], [137.0385, 34.7333], [137.0545, 34.7265], [137.0492, 34.7155]]], [[[137.342, 34.7205], [137.3383, 34.7247], [137.3486, 34.7266], [137.342, 34.7205]]], [[[136.9991, 34.7005], [136.9991, 34.7071], [137.0122, 34.7073], [136.9991, 34.7005]]], [[[137.0057, 34.6669], [136.9985, 34.6704], [137.0076, 34.6851], [137.0057, 34.6669]]]]}}, {"type": "Feature", "properties": {"code": "09", "name": "栃木県"}, "geometry": {"type": "Polygon", "coordinates": [[[139.96139526367202, 37.153533935546896], [139.96369934082003, 37.14860153198238], [139.967407226563, 37.147933959960895], [139.97030639648403, 37.148666381835866], [139.97630310058602, 37.14706802368159], [139.99209594726594, 37.14326858520513], [139.99679565429696, 37.14366531372068], [140, 37.14308166503912], [140.00700378418003, 37.14179992675783], [140.01370239257795, 37.140598297119105], [140.01919555664097, 37.140331268310526], [140.02279663085898, 37.14319992065428], [140.03079223632798, 37.139198303222734], [140.03540039062497, 37.1397323608398], [140.04019165039097, 37.138134002685526], [140.04699707031298, 37.135467529296946], [140.05130004882798, 37.130733489990156], [140.059906005859, 37.12559890747073], [140.06379699707, 37.12726593017576], [140.079696655273, 37.124401092529276], [140.089599609375, 37.121734619140604], [140.095703125, 37.12406539916994], [140.10069274902304, 37.122665405273395], [140.108093261719, 37.11766815185548], [140.12179565429702, 37.10873413085942], [140.12660217285202, 37.10680007934572], [140.13020324707003, 37.10386657714839], [140.13580322265602, 37.10426712036129], [140.13780212402304, 37.10639953613281], [140.14860534668003, 37.096668243408196], [140.15089416503903, 37.09446716308592], [140.14979553222702, 37.09260177612298], [140.157104492188, 37.0904006958008], [140.15579223632804, 37.0880661010742], [140.15330505371102, 37.08653259277341], [140.16029357910196, 37.08020019531252], [140.16699218749997, 37.07699966430661], [140.17359924316395, 37.071067810058636], [140.17539978027298, 37.071132659912124], [140.18119812011696, 37.0690650939941], [140.18589782714798, 37.06866455078128], [140.19410705566398, 37.064132690429666], [140.19349670410196, 37.05839920043951], [140.19079589843804, 37.05686569213872], [140.19459533691398, 37.053131103515575], [140.20019531249997, 37.04700088500978], [140.19720458984395, 37.037799835205135], [140.19650268554696, 37.03540039062504], [140.19920349121097, 37.03186798095698], [140.20060729980497, 37.02753448486328], [140.20460510253898, 37.02399826049804], [140.21130371093804, 37.02140045166022], [140.21429443359398, 37.01979827880859], [140.21820068359398, 37.020133972168004], [140.220199584961, 37.018798828125036], [140.224594116211, 37.02386856079098], [140.231994628906, 37.02346801757807], [140.243591308594, 37.024932861328104], [140.246795654297, 37.02579879760741], [140.24920654296898, 37.02606582641598], [140.249908447266, 37.01953506469728], [140.251693725586, 37.009067535400426], [140.246795654297, 37.00946807861333], [140.245101928711, 37.0097999572754], [140.24530029296898, 37.00379943847658], [140.244598388672, 37.00320053100594], [140.240798950195, 37.00053405761718], [140.242095947266, 36.99646759033197], [140.24450683593798, 36.993400573730476], [140.24530029296898, 36.990665435790966], [140.246795654297, 36.98986816406251], [140.250396728516, 36.98860168457029], [140.25, 36.98293304443362], [140.246795654297, 36.980133056640625], [140.243896484375, 36.9771347045898], [140.24589538574202, 36.97119903564447], [140.246795654297, 36.970466613769496], [140.252304077148, 36.965801239013736], [140.252502441406, 36.962799072265554], [140.246795654297, 36.958465576171946], [140.240798950195, 36.9499320983887], [140.242202758789, 36.94540023803709], [140.243194580078, 36.94353103637697], [140.246795654297, 36.94233322143551], [140.253692626953, 36.94106674194339], [140.25729370117202, 36.93819808959963], [140.26179504394503, 36.93766784667966], [140.264297485352, 36.93339920043954], [140.26240539550798, 36.933067321777294], [140.25939941406298, 36.933132171630874], [140.252395629883, 36.92773437499996], [140.24890136718798, 36.91986846923829], [140.249694824219, 36.91299819946289], [140.250091552734, 36.90700149536134], [140.251892089844, 36.89686584472664], [140.253799438477, 36.88946533203127], [140.25390625, 36.88533401489257], [140.25419616699202, 36.882534027099574], [140.25549316406298, 36.87533569335938], [140.255905151367, 36.87206649780272], [140.253799438477, 36.861400604247955], [140.252502441406, 36.850467681884794], [140.25700378418, 36.84686660766598], [140.255599975586, 36.840667724609425], [140.259704589844, 36.83800125122067], [140.262802124023, 36.836532592773366], [140.264007568359, 36.83079910278321], [140.266998291016, 36.823600769043026], [140.266098022461, 36.812931060790994], [140.264099121094, 36.80939865112302], [140.2666015625, 36.796268463134766], [140.265396118164, 36.794399261474645], [140.26519775390602, 36.7886657714844], [140.26240539550798, 36.786201477050824], [140.259796142578, 36.786201477050824], [140.25390625, 36.783733367919886], [140.256698608398, 36.77626800537112], [140.254608154297, 36.77386856079103], [140.260894775391, 36.767333984374964], [140.25549316406298, 36.76453399658197], [140.256805419922, 36.75719833374018], [140.259704589844, 36.75466537475593], [140.259201049805, 36.753200531005895], [140.263900756836, 36.748001098632805], [140.270202636719, 36.74266815185547], [140.283706665039, 36.73333358764649], [140.28739929199202, 36.724468231201186], [140.288497924805, 36.71739959716797], [140.292602539063, 36.71266555786127], [140.284805297852, 36.71179962158197], [140.27990722656298, 36.70740127563478], [140.276397705078, 36.707199096679695], [140.274307250977, 36.70786666870118], [140.271102905273, 36.70546722412109], [140.26739501953102, 36.70259857177733], [140.258499145508, 36.70180130004878], [140.25520324707, 36.702800750732415], [140.246795654297, 36.70233154296884], [140.24299621582, 36.69813537597656], [140.241592407227, 36.69806671142581], [140.23660278320298, 36.69953536987302], [140.23210144042997, 36.70006561279299], [140.227096557617, 36.69319915771478], [140.220596313477, 36.685932159423835], [140.221893310547, 36.683799743652315], [140.22450256347696, 36.68026733398443], [140.223602294922, 36.67693328857419], [140.22169494628898, 36.67726516723634], [140.22160339355497, 36.67433547973628], [140.231597900391, 36.66986846923834], [140.231903076172, 36.66333389282227], [140.22950744628898, 36.662200927734396], [140.237106323242, 36.65506744384769], [140.23840332031298, 36.65406417846679], [140.240997314453, 36.64893341064454], [140.239898681641, 36.64440155029302], [140.242492675781, 36.636398315429744], [140.23390197753898, 36.63406753540041], [140.235000610352, 36.62506866455077], [140.23469543457, 36.62386703491213], [140.23669433593798, 36.62319946289056], [140.239898681641, 36.62440109252928], [140.24609375, 36.615001678466825], [140.246795654297, 36.613265991210945], [140.248397827148, 36.60626602172849], [140.24800109863298, 36.597267150878935], [140.246795654297, 36.594799041748], [140.24450683593798, 36.586532592773416], [140.244598388672, 36.582466125488295], [140.24490356445298, 36.5772666931152], [140.24299621582, 36.57386779785156], [140.245498657227, 36.570068359375014], [140.246795654297, 36.56766510009774], [140.246795654297, 36.56726837158201], [140.246795654297, 36.56520080566407], [140.246795654297, 36.56466674804692], [140.243896484375, 36.562931060791044], [140.246795654297, 36.559665679931555], [140.251602172852, 36.55446624755864], [140.248596191406, 36.549533843994126], [140.247894287109, 36.54606628417973], [140.248794555664, 36.53286743164063], [140.25329589843798, 36.52613449096684], [140.254699707031, 36.52246856689453], [140.26029968261702, 36.517601013183594], [140.249298095703, 36.51513290405274], [140.247695922852, 36.513931274414105], [140.248397827148, 36.50766754150389], [140.246795654297, 36.50733184814447], [140.245391845703, 36.50726699829098], [140.242401123047, 36.50726699829098], [140.241500854492, 36.503200531005945], [140.240097045898, 36.503200531005945], [140.23579406738298, 36.50479888916022], [140.235702514648, 36.503200531005945], [140.23089599609398, 36.50286483764653], [140.23010253906298, 36.50080108642577], [140.23030090332, 36.49340057373049], [140.22790527343798, 36.489933013916], [140.227600097656, 36.48740005493158], [140.223602294922, 36.48180007934567], [140.218994140625, 36.48026657104488], [140.21350097656295, 36.472999572753935], [140.21299743652298, 36.46839904785157], [140.20939636230497, 36.46513366699217], [140.20730590820298, 36.45786666870123], [140.20280456542997, 36.45433425903317], [140.20550537109398, 36.44713211059571], [140.20300292968804, 36.44053268432616], [140.20210266113295, 36.43280029296882], [140.20320129394497, 36.42893218994143], [140.20240783691398, 36.419868469238295], [140.19619750976597, 36.41059875488281], [140.19160461425804, 36.404335021972685], [140.18899536132798, 36.40326690673829], [140.18530273437497, 36.39833450317377], [140.17720031738304, 36.3980674743652], [140.16439819335898, 36.39953231811523], [140.15609741210895, 36.39839935302726], [140.14430236816403, 36.414066314697294], [140.14059448242193, 36.4121322631836], [140.13040161132804, 36.414665222168026], [140.12179565429702, 36.41326522827148], [140.115600585938, 36.4112663269043], [140.11009216308602, 36.40753173828132], [140.111099243164, 36.398868560791016], [140.100997924805, 36.39419937133789], [140.100997924805, 36.39659881591798], [140.098098754883, 36.39813232421877], [140.092803955078, 36.401264190673835], [140.08859252929702, 36.39833450317377], [140.083892822266, 36.40200042724608], [140.078994750977, 36.40359878540044], [140.066497802734, 36.40380096435553], [140.066299438477, 36.394268035888736], [140.069198608398, 36.388931274414134], [140.061096191406, 36.38086700439446], [140.044891357422, 36.375133514404304], [140.04150390624997, 36.37519836425779], [140.03979492187497, 36.37506484985346], [140.03419494628898, 36.37786483764646], [140.03269958496097, 36.37786483764646], [140.031295776367, 36.37786483764646], [140.02699279785196, 36.37593460083012], [140.02189636230497, 36.375732421875036], [140.02020263671895, 36.375865936279276], [140.01770019531304, 36.37580108642579], [140.01640319824196, 36.375865936279276], [140.01440429687497, 36.37493133544922], [140.01570129394497, 36.37720108032234], [140.01440429687497, 36.377265930175824], [140.01069641113304, 36.37333297729494], [140.00889587402298, 36.37440109252933], [140.00050354003903, 36.37659835815434], [140.00349426269497, 36.37020111083979], [140.00210571289102, 36.36813354492194], [140, 36.36874008178712], [139.99679565429696, 36.36966705322273], [139.99490356445304, 36.36959838867188], [139.99200439453097, 36.36959838867188], [139.98849487304696, 36.36753463745121], [139.98120117187503, 36.37026596069337], [139.97909545898395, 36.37026596069337], [139.97459411621094, 36.376064300537095], [139.97329711914102, 36.37853240966803], [139.96749877929702, 36.369468688964815], [139.96530151367202, 36.36413192749021], [139.96450805664102, 36.3509330749512], [139.96000671386702, 36.35106658935553], [139.945098876953, 36.348400115966776], [139.93829345703102, 36.346134185791016], [139.935302734375, 36.34486770629881], [139.934005737305, 36.34360122680659], [139.921997070313, 36.34133529663092], [139.914199829102, 36.33653259277338], [139.913101196289, 36.33506774902344], [139.912506103516, 36.32899856567377], [139.91119384765602, 36.3098678588867], [139.91510009765602, 36.309467315673785], [139.90960693359398, 36.3005981445313], [139.90400695800798, 36.29833221435554], [139.90310668945298, 36.298732757568445], [139.900207519531, 36.30046463012697], [139.899398803711, 36.301200866699205], [139.895401000977, 36.3008003234863], [139.895401000977, 36.304401397705114], [139.898895263672, 36.30659866333012], [139.896392822266, 36.30979919433594], [139.89129638671898, 36.309467315673785], [139.88420104980497, 36.311599731445305], [139.88020324707, 36.30979919433594], [139.878799438477, 36.31459808349612], [139.88259887695298, 36.321399688720675], [139.87820434570298, 36.322998046875036], [139.87469482421898, 36.32313537597664], [139.87440490722696, 36.32086563110352], [139.87240600585898, 36.31719970703131], [139.871795654297, 36.314998626709034], [139.86729431152298, 36.313865661621065], [139.86439514160196, 36.31520080566412], [139.85760498046898, 36.31053543090818], [139.84870910644497, 36.311332702636726], [139.83540344238304, 36.29353332519526], [139.84129333496097, 36.27539825439447], [139.83430480956997, 36.26879882812501], [139.82890319824196, 36.253799438476634], [139.82879638671903, 36.25320053100591], [139.82170104980503, 36.23979949951172], [139.786499023438, 36.22800064086908], [139.785598754883, 36.227733612060504], [139.75740051269503, 36.217533111572315], [139.74679565429702, 36.21093368530268], [139.727401733398, 36.20159912109379], [139.727203369141, 36.20600128173834], [139.720199584961, 36.20846557617192], [139.71919250488298, 36.2115325927734], [139.71780395507798, 36.21160125732416], [139.714904785156, 36.21006774902337], [139.710906982422, 36.21046829223628], [139.707092285156, 36.2106666564941], [139.707595825195, 36.20893478393549], [139.70640563964798, 36.201934814453125], [139.701995849609, 36.203933715820305], [139.70010375976597, 36.2035331726074], [139.69740295410196, 36.2063331604004], [139.695297241211, 36.20613479614258], [139.69140624999997, 36.20613479614258], [139.68890380859398, 36.20219802856452], [139.68789672851597, 36.199798583984425], [139.686096191406, 36.203735351562486], [139.68280029296898, 36.201465606689545], [139.67770385742196, 36.20140075683588], [139.67430114746097, 36.2091331481934], [139.66999816894497, 36.2076644897461], [139.66479492187497, 36.2071990966797], [139.66410827636696, 36.20840072631843], [139.66929626464798, 36.212467193603466], [139.66859436035196, 36.21580123901371], [139.66549682617196, 36.22306442260738], [139.65960693359403, 36.22086715698238], [139.66099548339798, 36.223731994628864], [139.65960693359403, 36.22806549072274], [139.66290283203097, 36.229999542236264], [139.66079711914097, 36.23020172119144], [139.65849304199196, 36.23086547851557], [139.65510559081997, 36.23133468627932], [139.65490722656304, 36.23320007324217], [139.65130615234403, 36.23860168457026], [139.64990234374994, 36.23820114135744], [139.64599609374997, 36.24039840698236], [139.64250183105503, 36.2357330322266], [139.64219665527295, 36.23986816406248], [139.63389587402304, 36.25320053100591], [139.63090515136696, 36.254531860351605], [139.63619995117196, 36.26093292236334], [139.64070129394497, 36.26353454589843], [139.64280700683602, 36.266666412353494], [139.63769531249994, 36.264198303222734], [139.63409423828097, 36.27006530761722], [139.62699890136696, 36.27146530151368], [139.62179565429693, 36.273735046386705], [139.61700439453102, 36.274131774902344], [139.61010742187503, 36.2685356140137], [139.589706420898, 36.26860046386719], [139.586700439453, 36.2690010070801], [139.58029174804702, 36.26779937744137], [139.57189941406298, 36.26733398437498], [139.563003540039, 36.266998291015554], [139.554306030273, 36.27326583862304], [139.555908203125, 36.27673339843753], [139.553604125977, 36.27939987182619], [139.550994873047, 36.278465270996136], [139.549392700195, 36.28020095825201], [139.54470825195298, 36.276401519775376], [139.54040527343798, 36.276798248291016], [139.540298461914, 36.279533386230526], [139.53649902343798, 36.281799316406286], [139.535293579102, 36.27913284301762], [139.526596069336, 36.2845993041992], [139.52119445800798, 36.28139877319338], [139.51670837402298, 36.28139877319338], [139.51319885253898, 36.27840042114256], [139.50410461425804, 36.28113555908198], [139.50019836425795, 36.276065826416044], [139.49679565429696, 36.27546691894531], [139.49369812011696, 36.27399826049801], [139.49119567871097, 36.274932861328075], [139.48750305175804, 36.27579879760738], [139.48260498046903, 36.272068023681584], [139.47760009765597, 36.27233123779298], [139.47560119628903, 36.27519989013674], [139.47270202636696, 36.276065826416044], [139.47239685058597, 36.27113342285161], [139.46440124511696, 36.271533966064524], [139.459106445313, 36.27593231201171], [139.46240234375003, 36.279067993164134], [139.46420288085903, 36.27899932861329], [139.46560668945304, 36.27913284301762], [139.467407226563, 36.27899932861329], [139.46510314941403, 36.282001495361285], [139.45880126953097, 36.28860092163092], [139.44369506835903, 36.288265228271506], [139.44360351562503, 36.293865203857415], [139.43789672851602, 36.297065734863324], [139.43580627441403, 36.29206848144532], [139.43170166015602, 36.29513168334963], [139.43150329589804, 36.30113220214836], [139.42700195312503, 36.303665161132784], [139.42909240722702, 36.30580139160157], [139.424194335938, 36.307933807373], [139.418395996094, 36.31333541870118], [139.41569519043, 36.31599807739258], [139.41749572753903, 36.317066192626974], [139.41560363769503, 36.31806564331052], [139.41819763183602, 36.321598052978494], [139.414703369141, 36.324932098388736], [139.418395996094, 36.326400756835945], [139.42149353027304, 36.32266616821288], [139.423004150391, 36.32500076293949], [139.42460632324202, 36.32386398315434], [139.426696777344, 36.32566452026371], [139.417999267578, 36.33653259277338], [139.414703369141, 36.33826446533199], [139.39360046386702, 36.34773254394529], [139.388900756836, 36.35419845581051], [139.371795654297, 36.36500167846678], [139.37030029296898, 36.366134643554666], [139.36950683593798, 36.36673355102539], [139.367401123047, 36.371467590332], [139.36669921875, 36.37806701660164], [139.36109924316398, 36.3838005065918], [139.36860656738298, 36.39493179321286], [139.371795654297, 36.39866638183592], [139.374099731445, 36.39926528930656], [139.376602172852, 36.40786743164057], [139.38049316406298, 36.4160003662109], [139.385406494141, 36.419868469238295], [139.385894775391, 36.42086791992193], [139.391799926758, 36.42480087280273], [139.393905639648, 36.42893218994143], [139.39459228515602, 36.43379974365228], [139.401397705078, 36.43666839599612], [139.404403686523, 36.44146728515631], [139.406600952148, 36.44580078125001], [139.410903930664, 36.44933319091798], [139.411804199219, 36.45373535156253], [139.40939331054702, 36.45706558227541], [139.409698486328, 36.45853424072271], [139.414505004883, 36.46179962158202], [139.41639709472702, 36.46139907836911], [139.420196533203, 36.457332611083984], [139.42460632324202, 36.45906829833977], [139.43099975585903, 36.457599639892564], [139.42979431152304, 36.46099853515629], [139.43510437011702, 36.46419906616211], [139.43809509277304, 36.474998474121115], [139.43190002441403, 36.471332550048814], [139.43000793457003, 36.480667114257784], [139.42689514160202, 36.48393249511718], [139.42799377441403, 36.49013137817382], [139.422302246094, 36.490467071533246], [139.42239379882804, 36.49300003051758], [139.41900634765602, 36.49486541748052], [139.419204711914, 36.5009346008301], [139.42120361328102, 36.503200531005945], [139.42359924316403, 36.505935668945284], [139.421905517578, 36.50866699218753], [139.42779541015602, 36.51079940795904], [139.43490600585903, 36.521266937255895], [139.438903808594, 36.52553176879884], [139.44290161132804, 36.53179931640633], [139.43479919433602, 36.53293228149412], [139.436706542969, 36.53419876098633], [139.43719482421903, 36.54040145874024], [139.43829345703094, 36.54819869995124], [139.44189453125003, 36.552333831787124], [139.45100402832003, 36.54986572265628], [139.45730590820304, 36.55319976806643], [139.45980834960903, 36.553066253662095], [139.46569824218804, 36.56259918212889], [139.46949768066403, 36.565467834472734], [139.47230529785202, 36.56520080566407], [139.47399902343804, 36.566665649414105], [139.47399902343804, 36.572532653808594], [139.48269653320295, 36.578266143798835], [139.48339843749997, 36.58240127563481], [139.47779846191395, 36.586532592773416], [139.47639465331997, 36.58739852905272], [139.47450256347693, 36.591865539550845], [139.47109985351602, 36.602001190185455], [139.46530151367196, 36.60653305053707], [139.45899963378903, 36.60586547851558], [139.45350646972702, 36.60373306274406], [139.45170593261693, 36.605201721191364], [139.446899414063, 36.607200622558636], [139.44219970703102, 36.60566711425776], [139.43760681152304, 36.60266876220703], [139.42799377441403, 36.60113525390633], [139.42599487304702, 36.60279846191409], [139.42070007324202, 36.60406875610349], [139.41299438476602, 36.60786819458012], [139.404006958008, 36.60886764526367], [139.406707763672, 36.60546875000003], [139.397903442383, 36.60226821899412], [139.388595581055, 36.61059951782228], [139.381607055664, 36.61253356933589], [139.371795654297, 36.61186599731449], [139.36880493164097, 36.61286544799804], [139.36270141601597, 36.61420059204101], [139.35499572753898, 36.61453247070307], [139.34880065917997, 36.61859893798828], [139.345794677734, 36.625133514404254], [139.33929443359398, 36.62659835815429], [139.33090209960898, 36.62720108032229], [139.32789611816398, 36.63360214233401], [139.32969665527298, 36.64066696166987], [139.32809448242196, 36.64853286743163], [139.32749938964798, 36.65213394165036], [139.32730102539097, 36.656333923339815], [139.32960510253898, 36.66126632690433], [139.33299255371097, 36.66479873657231], [139.33529663085898, 36.66986846923834], [139.33489990234398, 36.674068450927706], [139.33889770507798, 36.67826843261716], [139.33729553222696, 36.681400299072315], [139.33909606933597, 36.6849327087402], [139.33700561523398, 36.69206619262699], [139.34519958496097, 36.697998046874964], [139.35420227050798, 36.705665588378906], [139.356094360352, 36.709197998046875], [139.36050415039097, 36.71366500854491], [139.359909057617, 36.71693420410158], [139.36320495605497, 36.71853256225594], [139.36689758300798, 36.725734710693395], [139.36540222167997, 36.7279319763184], [139.368194580078, 36.7400016784668], [139.371795654297, 36.745735168457045], [139.371795654297, 36.74693298339841], [139.37080383300798, 36.74693298339841], [139.358001708984, 36.749866485595746], [139.354797363281, 36.753200531005895], [139.35510253906298, 36.7598686218262], [139.35090637206997, 36.76346588134766], [139.35360717773398, 36.767799377441364], [139.353103637695, 36.7737350463867], [139.35810852050798, 36.77446746826167], [139.362197875977, 36.779598236084006], [139.367401123047, 36.7836685180664], [139.370101928711, 36.7830657958984], [139.371795654297, 36.78346633911131], [139.374298095703, 36.78440093994137], [139.37640380859398, 36.788600921630916], [139.377197265625, 36.791599273681555], [139.37809753418, 36.79413223266598], [139.37600708007798, 36.79733276367189], [139.378005981445, 36.80366516113278], [139.38250732421898, 36.805198669433565], [139.386505126953, 36.805198669433565], [139.393493652344, 36.8096656799316], [139.3916015625, 36.812133789062536], [139.393493652344, 36.81706619262696], [139.400604248047, 36.82153320312499], [139.40490722656298, 36.8254013061523], [139.406402587891, 36.829601287841754], [139.398696899414, 36.834331512451186], [139.392807006836, 36.83459854125976], [139.392105102539, 36.83286666870124], [139.383193969727, 36.836532592773366], [139.377899169922, 36.838665008544886], [139.375, 36.83826828002933], [139.371795654297, 36.84026718139652], [139.36639404296898, 36.841400146484396], [139.36390686035196, 36.847133636474645], [139.356506347656, 36.84813308715819], [139.34870910644497, 36.85273361206047], [139.353897094727, 36.85686874389653], [139.357498168945, 36.868598937988324], [139.35639953613298, 36.87806701660163], [139.360992431641, 36.87426757812499], [139.36160278320298, 36.876667022705085], [139.369003295898, 36.877933502197294], [139.36950683593798, 36.879467010498], [139.371795654297, 36.882865905761726], [139.371795654297, 36.884201049804695], [139.370697021484, 36.88780212402342], [139.371795654297, 36.89006805419918], [139.376205444336, 36.89580154418952], [139.38960266113298, 36.90179824829098], [139.395294189453, 36.90533447265631], [139.393402099609, 36.91093444824222], [139.39889526367202, 36.91986846923829], [139.409805297852, 36.927200317382805], [139.412796020508, 36.92693328857423], [139.421997070313, 36.92466735839838], [139.42849731445304, 36.92499923706053], [139.430603027344, 36.9274024963379], [139.43150329589804, 36.931400299072266], [139.43479919433602, 36.937465667724574], [139.43580627441403, 36.942535400390604], [139.44169616699196, 36.94626617431639], [139.44279479980503, 36.94773101806643], [139.45269775390597, 36.950801849365185], [139.45730590820304, 36.95613479614261], [139.45809936523403, 36.961265563964766], [139.45989990234403, 36.969734191894524], [139.46560668945304, 36.971401214599645], [139.47689819335898, 36.9728012084961], [139.48480224609403, 36.97513198852544], [139.49470520019497, 36.96820068359383], [139.49679565429696, 36.968601226806555], [139.50579833984398, 36.97119903564447], [139.51690673828097, 36.978065490722685], [139.525604248047, 36.981399536132834], [139.53030395507798, 36.98080062866211], [139.53359985351597, 36.981800079345746], [139.53559875488298, 36.98106765747068], [139.542297363281, 36.987800598144474], [139.54870605468798, 36.993598937988295], [139.554595947266, 36.992668151855504], [139.55830383300798, 36.99713134765627], [139.564804077148, 36.99713134765627], [139.57429504394503, 37.00199890136721], [139.57739257812503, 37.00320053100594], [139.580093383789, 37.008666992187514], [139.58309936523403, 37.01539993286131], [139.588806152344, 37.01486587524407], [139.597198486328, 37.01206588745124], [139.60350036621102, 37.015666961669886], [139.61129760742202, 37.01380157470703], [139.61920166015602, 37.01726531982416], [139.61970520019503, 37.020332336425824], [139.62179565429693, 37.02186584472661], [139.625, 37.02726745605471], [139.62370300293003, 37.029933929443374], [139.62680053710903, 37.03359985351559], [139.63169860839804, 37.033199310302685], [139.63870239257804, 37.03219985961913], [139.64379882812494, 37.036132812500014], [139.65229797363304, 37.037868499755895], [139.65679931640597, 37.04173278808593], [139.66510009765597, 37.04059982299796], [139.66900634765597, 37.04499816894533], [139.67019653320298, 37.0471992492676], [139.67349243164097, 37.057933807373026], [139.67770385742196, 37.05746841430663], [139.68479919433597, 37.06053543090821], [139.69279479980497, 37.06259918212888], [139.70129394531298, 37.060199737548785], [139.706604003906, 37.064266204834], [139.710006713867, 37.067531585693395], [139.71470642089798, 37.068668365478544], [139.718307495117, 37.06900024414061], [139.72000122070298, 37.07086563110346], [139.727401733398, 37.06933212280267], [139.731201171875, 37.06919860839843], [139.736297607422, 37.070598602294886], [139.73840332031298, 37.072601318359425], [139.746002197266, 37.071067810058636], [139.74679565429702, 37.070934295654304], [139.75289916992202, 37.071067810058636], [139.754898071289, 37.07439804077152], [139.76339721679702, 37.07659912109379], [139.76879882812503, 37.08293533325204], [139.772399902344, 37.08653259277341], [139.775802612305, 37.09166717529301], [139.77859497070304, 37.089332580566406], [139.78930664062503, 37.09033203125004], [139.80490112304693, 37.08653259277341], [139.80970764160202, 37.08493423461913], [139.815307617188, 37.08599853515634], [139.82200622558594, 37.085468292236285], [139.82070922851602, 37.08653259277341], [139.81900024414102, 37.100532531738324], [139.82040405273395, 37.109535217285234], [139.81620788574196, 37.11166763305657], [139.81629943847693, 37.11820220947272], [139.81910705566403, 37.12053298950197], [139.82270812988304, 37.12353515624997], [139.82859802246097, 37.12699890136719], [139.83099365234395, 37.13240051269528], [139.83349609374997, 37.13373565673834], [139.83929443359398, 37.134132385253885], [139.84770202636696, 37.13953399658198], [139.85380554199196, 37.137668609619126], [139.860397338867, 37.14066696166986], [139.86640930175795, 37.14739990234383], [139.871795654297, 37.14686584472659], [139.877593994141, 37.14633560180662], [139.897705078125, 37.15359878540038], [139.902603149414, 37.15399932861329], [139.909103393555, 37.14860153198238], [139.916595458984, 37.14786529541023], [139.924499511719, 37.152065277099595], [139.930603027344, 37.151866912841776], [139.935302734375, 37.1539344787598], [139.944702148438, 37.153465270996136], [139.95489501953102, 37.154998779296925], [139.96139526367202, 37.153533935546896]]]}}, {"type": "Feature", "properties": {"code": "19", "name": "山梨県"}, "geometry": {"type": "Polygon", "coordinates": [[[138.370300292969, 35.97146606445307], [138.37179565429702, 35.97140121459958], [138.37379455566403, 35.97166442871089], [138.377807617188, 35.97166442871089], [138.38279724121102, 35.97040176391603], [138.39810180664102, 35.96440124511721], [138.40040588378903, 35.96479797363276], [138.41430664062503, 35.959400177002024], [138.41960144043003, 35.95986557006842], [138.44029235839798, 35.952266693115234], [138.44850158691398, 35.946067810058594], [138.45410156249997, 35.93906402587887], [138.44839477539097, 35.93013381958007], [138.44790649414094, 35.92653274536134], [138.44529724121097, 35.92319869995119], [138.44540405273398, 35.91986465454104], [138.44470214843804, 35.918266296386676], [138.44720458984403, 35.91419982910164], [138.45440673828097, 35.900333404540966], [138.45579528808597, 35.90159988403318], [138.45910644531304, 35.90366744995121], [138.47109985351597, 35.89673233032233], [138.481903076172, 35.89866638183594], [138.487396240234, 35.89633178710942], [138.490097045898, 35.89640045166018], [138.49450683593798, 35.902065277099574], [138.494705200195, 35.91159820556637], [138.496795654297, 35.91153335571288], [138.497604370117, 35.91153335571288], [138.49870300292997, 35.91220092773437], [138.501602172852, 35.91193389892579], [138.506591796875, 35.91986465454104], [138.50930786132798, 35.92200088500982], [138.511993408203, 35.92126464843749], [138.51679992675798, 35.91986465454104], [138.519393920898, 35.91880035400391], [138.52900695800798, 35.91466522216803], [138.53059387207003, 35.91573333740234], [138.53929138183602, 35.91439819335937], [138.542999267578, 35.91486740112303], [138.54750061035202, 35.91626739501949], [138.55400085449202, 35.91906738281249], [138.55569458007804, 35.91906738281249], [138.556304931641, 35.91640090942382], [138.56309509277304, 35.91699981689446], [138.56889343261696, 35.91419982910164], [138.57620239257804, 35.91153335571288], [138.58279418945304, 35.918064117431584], [138.58779907226602, 35.91779708862301], [138.59060668945304, 35.91959762573237], [138.594604492188, 35.91740036010737], [138.59959411621097, 35.913932800292976], [138.60110473632804, 35.911464691162124], [138.60549926757804, 35.908664703369126], [138.61169433593804, 35.909400939941364], [138.60729980468804, 35.89673233032233], [138.60600280761696, 35.89479827880863], [138.60659790039094, 35.880599975585895], [138.61050415039102, 35.87419891357417], [138.62150573730503, 35.870399475097706], [138.62179565429696, 35.87033462524413], [138.62789916992196, 35.87326812744138], [138.634094238281, 35.87019729614262], [138.64179992675798, 35.87406539916992], [138.64839172363298, 35.87340164184571], [138.65600585937497, 35.87586593627929], [138.661102294922, 35.87373352050777], [138.662200927734, 35.87319946289062], [138.664291381836, 35.873531341552685], [138.671295166016, 35.870800018310526], [138.67610168457, 35.86986541748047], [138.684707641602, 35.88933181762696], [138.685394287109, 35.8933334350586], [138.69049072265602, 35.895534515380874], [138.693298339844, 35.89946746826166], [138.695693969727, 35.89920043945309], [138.701400756836, 35.90333175659179], [138.70759582519503, 35.909400939941364], [138.713500976563, 35.90873336791988], [138.714706420898, 35.90913391113279], [138.71929931640602, 35.90813446044924], [138.727493286133, 35.90933227539061], [138.72880554199202, 35.909267425537124], [138.734802246094, 35.90393447875979], [138.739700317383, 35.905601501464815], [138.74679565429702, 35.9028015136719], [138.75030517578102, 35.901733398437514], [138.75819396972702, 35.902267456054666], [138.76750183105503, 35.89933395385742], [138.77819824218804, 35.90013122558588], [138.79110717773398, 35.89133453369141], [138.79240417480503, 35.880401611328075], [138.79299926757795, 35.87506866455083], [138.80290222167997, 35.870265960693374], [138.80859374999997, 35.86959838867189], [138.81359863281304, 35.862331390380945], [138.82040405273398, 35.865264892578104], [138.829895019531, 35.86520004272462], [138.83250427246097, 35.86240005493161], [138.843994140625, 35.86626434326174], [138.846298217773, 35.8671989440918], [138.856704711914, 35.86406707763673], [138.858993530273, 35.85746765136719], [138.862701416016, 35.85886764526373], [138.86590576171898, 35.85853195190431], [138.87179565429702, 35.85493469238276], [138.88000488281298, 35.84679794311524], [138.886505126953, 35.8464012145996], [138.89289855957003, 35.83986663818363], [138.89970397949202, 35.846866607666], [138.90989685058602, 35.85193252563476], [138.91499328613304, 35.85253143310549], [138.92819213867196, 35.84933471679694], [138.93389892578097, 35.851131439209034], [138.94400024414102, 35.85466766357418], [138.94830322265597, 35.84933471679694], [138.94810485839804, 35.841667175293], [138.95329284667994, 35.83653259277339], [138.96379089355497, 35.8293342590332], [138.96969604492196, 35.83133316040038], [138.96969604492196, 35.81573104858401], [138.97189331054696, 35.81073379516601], [138.97090148925804, 35.80379867553713], [138.97329711914097, 35.797668457031335], [138.97590637206997, 35.79213333129882], [138.97880554199196, 35.78786468505861], [138.98460388183597, 35.78459930419921], [138.98599243164097, 35.778999328613295], [138.98370361328097, 35.769466400146506], [138.99270629882798, 35.757068634033224], [138.99449157714798, 35.7543334960938], [138.99609374999997, 35.753200531005916], [138.996795654297, 35.75226593017577], [139.00320434570298, 35.750331878662074], [139.00529479980497, 35.74946594238277], [139.01190185546898, 35.738998413085916], [139.012496948242, 35.7388000488281], [139.020095825195, 35.72833251953133], [139.025604248047, 35.7193336486816], [139.032302856445, 35.71619796752927], [139.044204711914, 35.70933151245123], [139.049896240234, 35.70766830444338], [139.05450439453102, 35.70399856567381], [139.063705444336, 35.69993209838868], [139.066101074219, 35.69820022583007], [139.07150268554702, 35.69666671752928], [139.074096679688, 35.69566726684574], [139.08290100097702, 35.69473266601559], [139.092407226563, 35.69073104858404], [139.10000610351602, 35.69206619262701], [139.10850524902304, 35.68959808349607], [139.11500549316403, 35.684066772460916], [139.12179565429696, 35.67873382568358], [139.12950134277295, 35.67419815063479], [139.13099670410196, 35.671798706054695], [139.13040161132804, 35.66986846923827], [139.12870788574196, 35.66726684570309], [139.12400817871102, 35.66313171386721], [139.12179565429696, 35.66146469116209], [139.11959838867196, 35.658531188964844], [139.11779785156304, 35.65313339233402], [139.12179565429696, 35.64759826660159], [139.12620544433594, 35.64273452758792], [139.12710571289102, 35.63980102539059], [139.12429809570304, 35.63240051269531], [139.12390136718804, 35.62386703491207], [139.12579345703097, 35.62266540527343], [139.13119506835898, 35.61800003051758], [139.13429260253898, 35.6162643432617], [139.12789916992196, 35.61246490478524], [139.13310241699196, 35.60680007934566], [139.12820434570304, 35.59360122680656], [139.12390136718804, 35.591533660888715], [139.12229919433597, 35.58900070190429], [139.12179565429696, 35.58839797973629], [139.12159729003903, 35.58653259277344], [139.12179565429696, 35.586200714111285], [139.12309265136696, 35.58406448364259], [139.12489318847696, 35.58319854736329], [139.12469482421903, 35.58179855346683], [139.12779235839798, 35.580398559570284], [139.12829589843804, 35.57073211669916], [139.12910461425804, 35.56373214721679], [139.12179565429696, 35.55659866333009], [139.11500549316403, 35.553665161132756], [139.11189270019497, 35.54980087280272], [139.11270141601602, 35.54693222045896], [139.11239624023395, 35.5407981872559], [139.11299133300804, 35.53739929199217], [139.10879516601602, 35.53226470947274], [139.10690307617202, 35.53246688842774], [139.10270690918003, 35.52600097656253], [139.09089660644503, 35.518867492675824], [139.08520507812503, 35.512065887451186], [139.07949829101602, 35.51226806640628], [139.07260131835903, 35.51020050048834], [139.067993164063, 35.51046752929691], [139.066192626953, 35.509334564209034], [139.059692382813, 35.50746536254882], [139.052398681641, 35.50973129272458], [139.046096801758, 35.50973129272458], [139.04460144043, 35.50320053100588], [139.041900634766, 35.497264862060455], [139.03649902343798, 35.49079895019533], [139.02949523925798, 35.48699951171878], [139.026596069336, 35.48080062866214], [139.02360534667997, 35.48106765747072], [139.020492553711, 35.47906875610353], [139.01789855957, 35.479000091552685], [139.01359558105497, 35.47933197021484], [139.00700378417997, 35.4746017456055], [139.00579833984398, 35.474864959716804], [139.00170898437497, 35.47480010986332], [138.99749755859398, 35.474933624267564], [138.996795654297, 35.47420120239259], [138.99440002441398, 35.4739990234375], [138.99060058593804, 35.47413253784183], [138.98550415039097, 35.469799041747955], [138.97869873046898, 35.46386718749998], [138.97509765624997, 35.4664001464844], [138.97349548339798, 35.46673202514647], [138.96809387206997, 35.46373367309574], [138.96600341796903, 35.463932037353466], [138.95429992675804, 35.4599342346191], [138.93769836425804, 35.44893264770509], [138.93719482421903, 35.44886398315434], [138.93550109863304, 35.44499969482421], [138.92799377441403, 35.43679809570312], [138.92720031738304, 35.43026733398442], [138.93049621581994, 35.42553329467772], [138.92939758300804, 35.420864105224595], [138.92680358886693, 35.41986465454096], [138.92430114746102, 35.414333343505895], [138.91740417480503, 35.4099998474121], [138.91619873046903, 35.4005317687988], [138.91250610351602, 35.398933410644524], [138.90550231933602, 35.39693450927734], [138.899200439453, 35.39253234863279], [138.89419555664102, 35.39080047607418], [138.887893676758, 35.38639831542973], [138.87969970703102, 35.385864257812486], [138.873199462891, 35.38146591186521], [138.87179565429702, 35.38180160522463], [138.862396240234, 35.3901329040527], [138.856704711914, 35.38800048828127], [138.852096557617, 35.390201568603544], [138.847396850586, 35.38886642456049], [138.83360290527298, 35.38373184204097], [138.83000183105497, 35.379531860351605], [138.82179260253898, 35.374065399169936], [138.81990051269497, 35.37566757202148], [138.80279541015597, 35.376331329345696], [138.78649902343804, 35.37426757812502], [138.74679565429702, 35.367401123046896], [138.72999572753903, 35.36446762084957], [138.72689819335903, 35.36386871337893], [138.72549438476602, 35.36479949951172], [138.717697143555, 35.36493301391596], [138.700698852539, 35.3626670837402], [138.69929504394503, 35.360332489013686], [138.680404663086, 35.357666015625014], [138.67109680175798, 35.39279937744137], [138.66349792480497, 35.39826583862304], [138.63890075683597, 35.39820098876946], [138.62179565429696, 35.39526748657231], [138.60960388183597, 35.393199920654276], [138.60099792480503, 35.41986465454096], [138.59790039062503, 35.43080139160157], [138.59419250488304, 35.434467315673785], [138.58909606933594, 35.4365997314453], [138.58189392089804, 35.44573211669918], [138.57780456543003, 35.44186401367188], [138.57359313964804, 35.44039916992194], [138.56640625000003, 35.436134338378906], [138.55889892578102, 35.43413162231454], [138.55670166015602, 35.42793273925781], [138.548004150391, 35.41986465454096], [138.54589843750003, 35.416999816894474], [138.542190551758, 35.41506576538087], [138.533401489258, 35.410598754882834], [138.531600952148, 35.40620040893547], [138.53300476074202, 35.39813232421879], [138.535797119141, 35.38993453979488], [138.52799987793, 35.378932952880874], [138.529403686523, 35.377666473388665], [138.52990722656298, 35.35853195190432], [138.529296875, 35.34986495971683], [138.53300476074202, 35.34299850463871], [138.534591674805, 35.3365325927734], [138.53489685058602, 35.330600738525426], [138.52900695800798, 35.326999664306605], [138.525604248047, 35.32279968261724], [138.51249694824202, 35.314064025878906], [138.51330566406298, 35.30433273315429], [138.516494750977, 35.29673385620119], [138.5205078125, 35.28559875488277], [138.520294189453, 35.27280044555658], [138.51679992675798, 35.26753234863282], [138.51460266113298, 35.26319885253912], [138.521392822266, 35.25320053100593], [138.52180480957, 35.249931335449176], [138.526504516602, 35.235000610351555], [138.52909851074202, 35.23113250732416], [138.53219604492202, 35.223400115966825], [138.527404785156, 35.21666717529303], [138.531204223633, 35.21099853515627], [138.532897949219, 35.201534271240234], [138.529495239258, 35.19806671142584], [138.522308349609, 35.19906616210939], [138.521102905273, 35.19786834716802], [138.51860046386702, 35.19713211059569], [138.517593383789, 35.19846725463866], [138.514404296875, 35.19659805297854], [138.516204833984, 35.1966667175293], [138.514999389648, 35.19406509399411], [138.514205932617, 35.19160079956053], [138.50750732421898, 35.18640136718753], [138.501998901367, 35.178199768066435], [138.496795654297, 35.17466735839837], [138.496200561523, 35.17380142211907], [138.49279785156298, 35.16986846923828], [138.491592407227, 35.16846466064447], [138.487396240234, 35.16986846923828], [138.485198974609, 35.17326736450201], [138.481994628906, 35.173866271972734], [138.47779846191398, 35.17733383178713], [138.47239685058597, 35.17613220214841], [138.46229553222696, 35.17873382568359], [138.45880126953097, 35.178665161132834], [138.44219970703097, 35.17926406860347], [138.44039916992196, 35.17793273925777], [138.42919921874994, 35.18186569213874], [138.41889953613304, 35.19833374023442], [138.40939331054696, 35.202533721923785], [138.39860534668003, 35.200267791748026], [138.39540100097702, 35.20619964599609], [138.39210510253903, 35.21633148193361], [138.39129638671903, 35.22273254394534], [138.38819885253903, 35.237068176269496], [138.385696411133, 35.24520111083984], [138.38020324707003, 35.25320053100593], [138.379302978516, 35.25339889526366], [138.37179565429702, 35.26506805419924], [138.36920166015602, 35.268466949462876], [138.36729431152304, 35.272064208984425], [138.36799621582003, 35.278133392334006], [138.36669921875, 35.2893981933594], [138.37179565429702, 35.29766845703134], [138.372406005859, 35.29940032958977], [138.37179565429702, 35.299999237060504], [138.371505737305, 35.30113220214838], [138.36540222168, 35.311664581298814], [138.359497070313, 35.313331604003935], [138.358596801758, 35.317268371581996], [138.352401733398, 35.31586456298827], [138.346603393555, 35.316333770752024], [138.33549499511702, 35.32653427124021], [138.32830810546898, 35.32753372192376], [138.31750488281298, 35.32406616210936], [138.308898925781, 35.318531036377024], [138.29690551757798, 35.316467285156264], [138.29519653320298, 35.3146667480469], [138.28559875488295, 35.30459976196287], [138.27780151367196, 35.30659866333014], [138.27119445800804, 35.313331604003935], [138.26130676269497, 35.31519699096678], [138.25619506835898, 35.31859970092769], [138.25500488281304, 35.32333374023439], [138.25239562988304, 35.32573318481448], [138.25199890136696, 35.32880020141597], [138.24879455566403, 35.33153152465822], [138.25489807128903, 35.3365325927734], [138.25680541992196, 35.338466644287095], [138.25529479980503, 35.34153366088867], [138.25500488281304, 35.348266601562464], [138.25379943847693, 35.35266494750983], [138.25109863281304, 35.36233139038087], [138.24679565429696, 35.367134094238324], [138.24430847168003, 35.36566543579102], [138.24090576171903, 35.36746597290038], [138.23300170898403, 35.37080001831054], [138.23280334472702, 35.37620162963872], [138.23860168457003, 35.385864257812486], [138.24330139160202, 35.38940048217773], [138.24679565429696, 35.39379882812501], [138.24679565429696, 35.39693450927734], [138.24679565429696, 35.40000152587891], [138.25709533691395, 35.406734466552706], [138.25849914550804, 35.41986465454096], [138.25959777831997, 35.425933837890625], [138.25729370117196, 35.437866210937514], [138.25559997558597, 35.44426727294924], [138.24989318847696, 35.44626617431643], [138.24679565429696, 35.450065612792976], [138.24430847168003, 35.45579910278322], [138.24679565429696, 35.463397979736314], [138.25259399414094, 35.46526718139653], [138.25720214843804, 35.47520065307623], [138.26020812988304, 35.50320053100588], [138.26029968261696, 35.50473403930658], [138.26770019531304, 35.5135345458984], [138.26800537109403, 35.515666961669915], [138.26310729980503, 35.525665283203104], [138.26150512695304, 35.52846527099611], [138.25840759277304, 35.52966690063483], [138.25840759277304, 35.53766632080084], [138.25939941406304, 35.55193328857424], [138.25509643554696, 35.554599761962905], [138.24679565429696, 35.560600280761726], [138.24549865722702, 35.56159973144528], [138.24499511718804, 35.569133758544886], [138.24220275878903, 35.572334289550795], [138.23959350585895, 35.5831336975098], [138.23930358886696, 35.58653259277344], [138.24339294433597, 35.59140014648438], [138.24040222168003, 35.604465484619055], [138.236206054688, 35.60606765747069], [138.23600769043003, 35.61233139038091], [138.23420715332003, 35.61473464965818], [138.23669433593804, 35.62073135375982], [138.22880554199202, 35.625133514404276], [138.23179626464804, 35.63899993896477], [138.22830200195304, 35.645999908447315], [138.21859741210903, 35.64446640014653], [138.21760559082003, 35.64546585083008], [138.21009826660202, 35.65280151367187], [138.20700073242202, 35.66126632690427], [138.197296142578, 35.66986846923827], [138.194595336914, 35.67139816284179], [138.193801879883, 35.675464630127], [138.192108154297, 35.68646621704101], [138.194000244141, 35.69493103027341], [138.18949890136702, 35.70293426513668], [138.18029785156298, 35.712799072265625], [138.184005737305, 35.71993255615233], [138.18620300293, 35.721801757812536], [138.195007324219, 35.7257995605469], [138.20280456543, 35.734798431396456], [138.20449829101602, 35.73473358154297], [138.21810913085903, 35.74533462524407], [138.22019958496102, 35.74900054931637], [138.22669982910202, 35.753200531005916], [138.22680664062503, 35.75333404541016], [138.22930908203102, 35.75333404541016], [138.23559570312503, 35.75753402709962], [138.23359680175804, 35.76213455200198], [138.22630310058602, 35.765533447265625], [138.21940612793, 35.771198272705114], [138.213500976563, 35.77500152587893], [138.20590209960903, 35.78273391723627], [138.20059204101602, 35.78079986572266], [138.194198608398, 35.783134460449176], [138.185699462891, 35.7902641296387], [138.185501098633, 35.79486846923833], [138.19149780273403, 35.80393218994137], [138.192993164063, 35.80393218994137], [138.192993164063, 35.80559921264649], [138.19439697265602, 35.805397033691406], [138.19869995117202, 35.812198638916044], [138.200103759766, 35.812198638916044], [138.205108642578, 35.81539916992186], [138.20399475097702, 35.823200225830135], [138.20399475097702, 35.826133728027294], [138.21180725097702, 35.83653259277339], [138.21339416503903, 35.840667724609446], [138.21760559082003, 35.846065521240185], [138.22529602050804, 35.85659790039061], [138.23089599609403, 35.872131347656314], [138.23789978027304, 35.88219833374017], [138.24679565429696, 35.88553237915041], [138.24830627441403, 35.885932922363324], [138.26049804687497, 35.87833404541023], [138.26730346679696, 35.872131347656314], [138.27720642089798, 35.86199951171879], [138.283493041992, 35.85946655273437], [138.29220581054696, 35.866664886474645], [138.306701660156, 35.88633346557623], [138.32490539550798, 35.9028015136719], [138.33489990234398, 35.91986465454104], [138.33760070800798, 35.92226409912113], [138.34150695800798, 35.92526626586913], [138.343902587891, 35.93059921264647], [138.345108032227, 35.94106674194341], [138.356201171875, 35.95066833496087], [138.359298706055, 35.950531005859446], [138.360000610352, 35.9568672180176], [138.36149597168, 35.96239852905267], [138.367797851563, 35.966400146484396], [138.37010192871102, 35.970932006835916], [138.370300292969, 35.97146606445307]]]}}, {"type": "Feature", "properties": {"code": "25", "name": "滋賀県"}, "geometry": {"type": "Polygon", "coordinates": [[[136.14999389648403, 35.697799682617166], [136.157104492188, 35.700199127197344], [136.163208007813, 35.69620132446289], [136.16580200195304, 35.697998046874986], [136.16799926757804, 35.702800750732436], [136.17149353027298, 35.70179748535162], [136.17460632324196, 35.70353317260741], [136.18119812011696, 35.701732635497955], [136.18499755859403, 35.70373153686523], [136.19110107421903, 35.70133209228523], [136.19520568847696, 35.69580078124998], [136.19929504394497, 35.689533233642585], [136.20140075683597, 35.68846511840819], [136.20520019531304, 35.68706512451173], [136.20880126953097, 35.68673324584958], [136.21270751953097, 35.682201385497976], [136.21820068359398, 35.68453216552731], [136.227294921875, 35.68046569824219], [136.231994628906, 35.6825981140137], [136.23669433593798, 35.679866790771456], [136.24499511718798, 35.67399978637697], [136.246795654297, 35.67539978027342], [136.250503540039, 35.67599868774406], [136.258193969727, 35.6713333129883], [136.26469421386702, 35.670532226562486], [136.26580810546898, 35.66986846923827], [136.27099609375, 35.66606521606454], [136.280395507813, 35.66113281250002], [136.28059387207003, 35.658664703369084], [136.275894165039, 35.65333175659184], [136.28279113769503, 35.64333343505856], [136.278900146484, 35.63686752319343], [136.28329467773403, 35.63173294067383], [136.286895751953, 35.62606430053707], [136.288696289063, 35.62033462524409], [136.292999267578, 35.618534088134815], [136.29890441894503, 35.61800003051758], [136.30490112304702, 35.62073135375982], [136.31019592285202, 35.62326431274407], [136.31539916992202, 35.62326431274407], [136.32330322265602, 35.6162643432617], [136.31629943847702, 35.60713195800781], [136.31529235839804, 35.605598449707024], [136.320007324219, 35.601268768310504], [136.32310485839804, 35.58653259277344], [136.32279968261696, 35.583267211914134], [136.32150268554702, 35.56866455078131], [136.31730651855503, 35.56006622314449], [136.31689453125003, 35.553531646728516], [136.31779479980503, 35.54693222045896], [136.32159423828097, 35.54433441162114], [136.32539367675804, 35.54619979858399], [136.32679748535202, 35.54993438720697], [136.33189392089804, 35.550464630127024], [136.33770751953094, 35.549400329589815], [136.34019470214795, 35.54193115234378], [136.34049987793003, 35.537334442138686], [136.34570312500003, 35.53599929809572], [136.34820556640597, 35.53766632080084], [136.35629272460898, 35.5399322509766], [136.36329650878898, 35.558998107910185], [136.36790466308597, 35.55933380126952], [136.37179565429696, 35.55973434448242], [136.37490844726597, 35.554798126220724], [136.37939453124997, 35.546733856201236], [136.38169860839798, 35.537334442138686], [136.38490295410196, 35.53293228149414], [136.39680480956997, 35.53166580200202], [136.400192260742, 35.529865264892564], [136.40080261230497, 35.52633285522459], [136.399795532227, 35.5204658508301], [136.40530395507798, 35.5135345458984], [136.402801513672, 35.5120010375977], [136.399703979492, 35.513465881347734], [136.398193359375, 35.51033401489258], [136.39439392089798, 35.506732940673764], [136.39160156249997, 35.50320053100588], [136.38760375976597, 35.49560165405269], [136.387191772461, 35.487865447998], [136.39340209960898, 35.48440170288087], [136.39869689941398, 35.478199005127045], [136.40119934082, 35.47159957885741], [136.403396606445, 35.46939849853523], [136.41360473632798, 35.4668655395508], [136.419692993164, 35.466533660888736], [136.422592163086, 35.45433425903319], [136.425506591797, 35.44773101806637], [136.422103881836, 35.44066619873051], [136.41700744628898, 35.43413162231454], [136.41520690917997, 35.431732177734446], [136.418197631836, 35.427131652831996], [136.411392211914, 35.42099761962893], [136.41149902343798, 35.41986465454096], [136.41149902343798, 35.418598175048835], [136.42060852050798, 35.41139984130856], [136.42419433593798, 35.40593338012698], [136.429595947266, 35.39993286132807], [136.43640136718798, 35.396800994873004], [136.439605712891, 35.394332885742244], [136.443298339844, 35.38980102539064], [136.444091796875, 35.38946533203131], [136.43550109863298, 35.37853240966797], [136.4248046875, 35.3736686706543], [136.41780090332, 35.37333297729487], [136.41520690917997, 35.373466491699205], [136.41340637207, 35.371265411377024], [136.41230773925798, 35.36853408813478], [136.412994384766, 35.36473464965823], [136.41310119628898, 35.362266540527294], [136.41130065917997, 35.35846710205083], [136.40950012207, 35.35540008544917], [136.411392211914, 35.35213470458977], [136.416595458984, 35.354534149169865], [136.421203613281, 35.35313415527341], [136.42060852050798, 35.346599578857436], [136.41499328613298, 35.3365325927734], [136.413299560547, 35.332332611084034], [136.411102294922, 35.32780075073242], [136.41270446777298, 35.32360076904297], [136.410797119141, 35.3138008117676], [136.40669250488298, 35.3090667724609], [136.404693603516, 35.3038673400879], [136.402801513672, 35.301666259765625], [136.40229797363298, 35.30033111572274], [136.39790344238298, 35.29740142822268], [136.39469909667997, 35.293865203857436], [136.39079284667997, 35.28779983520513], [136.39149475097696, 35.28706741333007], [136.395492553711, 35.27873229980473], [136.39419555664097, 35.258998870849574], [136.39649963378898, 35.2574005126953], [136.39309692382798, 35.25320053100593], [136.38490295410196, 35.2483329772949], [136.38290405273398, 35.24846649169923], [136.38090515136696, 35.248401641845746], [136.37879943847696, 35.245067596435504], [136.37809753417997, 35.2426681518555], [136.38499450683597, 35.237068176269496], [136.38699340820298, 35.234668731689496], [136.39250183105497, 35.233398437500014], [136.392395019531, 35.23006820678713], [136.39880371093795, 35.227268218994126], [136.40029907226597, 35.225864410400405], [136.410003662109, 35.22186660766604], [136.41189575195298, 35.21839904785164], [136.414901733398, 35.21766662597658], [136.41569519043, 35.20719909667972], [136.41670227050798, 35.202732086181605], [136.412399291992, 35.19546508789057], [136.410202026367, 35.18920135498053], [136.408294677734, 35.18719863891599], [136.418594360352, 35.18339920043953], [136.42230224609398, 35.1834678649902], [136.424697875977, 35.18379974365226], [136.436599731445, 35.174465179443374], [136.44079589843798, 35.17153167724613], [136.44439697265602, 35.17113494873049], [136.445098876953, 35.16986846923828], [136.44560241699202, 35.16586685180664], [136.45219421386702, 35.16573333740231], [136.454299926758, 35.16159820556643], [136.45320129394503, 35.1581993103027], [136.453796386719, 35.15200042724606], [136.449005126953, 35.14953231811521], [136.445205688477, 35.14953231811521], [136.443603515625, 35.14306640624999], [136.44189453125, 35.13866806030272], [136.437393188477, 35.135334014892564], [136.436004638672, 35.130134582519474], [136.44779968261702, 35.123535156250014], [136.440704345703, 35.116931915283196], [136.441101074219, 35.11193466186519], [136.441299438477, 35.1088676452637], [136.44140625, 35.10066604614261], [136.439102172852, 35.09500122070312], [136.439102172852, 35.090732574462905], [136.44189453125, 35.08666610717769], [136.44189453125, 35.08653259277336], [136.43559265136702, 35.0827331542969], [136.43859863281298, 35.0762672424316], [136.441192626953, 35.065132141113345], [136.439697265625, 35.06486511230468], [136.438201904297, 35.065200805664105], [136.43359375, 35.06026840209959], [136.427795410156, 35.05640029907228], [136.424301147461, 35.05653381347661], [136.420501708984, 35.05066680908204], [136.418197631836, 35.04840087890628], [136.41670227050798, 35.04219818115228], [136.418701171875, 35.0299987792969], [136.42410278320298, 35.02899932861327], [136.42280578613298, 35.02613449096678], [136.41979980468798, 35.020599365234446], [136.41740417480497, 35.018665313720746], [136.41790771484398, 35.01806640625002], [136.417495727539, 35.009132385253864], [136.419403076172, 35.00320053100589], [136.42076110839804, 35], [136.4208984375, 34.99966812133792], [136.412994384766, 34.995334625244126], [136.41540527343798, 34.991001129150426], [136.414794921875, 34.98466491699219], [136.41430664062497, 34.97959899902342], [136.402801513672, 34.96806716918954], [136.40080261230497, 34.9642677307129], [136.39950561523398, 34.96213150024411], [136.39520263671898, 34.95173263549802], [136.38999938964798, 34.9515342712402], [136.38619995117196, 34.9524002075195], [136.37300109863304, 34.9417991638184], [136.37480163574196, 34.938335418701186], [136.37179565429696, 34.93439865112304], [136.37179565429696, 34.92993545532227], [136.37179565429696, 34.927734375], [136.37179565429696, 34.927333831787095], [136.37490844726597, 34.92433166503909], [136.37179565429696, 34.92359924316412], [136.36660766601594, 34.92039871215821], [136.36689758300804, 34.91986846923833], [136.36700439453097, 34.91406631469733], [136.36439514160196, 34.91026687622069], [136.36560058593804, 34.904933929443445], [136.36169433593804, 34.90499877929693], [136.35710144043003, 34.90053558349608], [136.34959411621097, 34.89846801757814], [136.34550476074196, 34.89519882202147], [136.33929443359403, 34.8953323364258], [136.32879638671903, 34.890598297119105], [136.32479858398403, 34.88880157470701], [136.32049560546903, 34.8897323608398], [136.31289672851602, 34.88619995117192], [136.31219482421903, 34.880264282226584], [136.30320739746102, 34.87493133544916], [136.300308227539, 34.87599945068364], [136.29100036621102, 34.87039947509773], [136.28619384765602, 34.87020111083982], [136.28349304199202, 34.870265960693395], [136.27699279785202, 34.87419891357419], [136.272201538086, 34.86913299560552], [136.26860046386702, 34.867065429687486], [136.266296386719, 34.86393356323242], [136.250305175781, 34.85779953002927], [136.246795654297, 34.858798980712905], [136.24479675293, 34.859001159668], [136.243194580078, 34.85873413085942], [136.236892700195, 34.85979843139654], [136.23449707031298, 34.86133193969733], [136.231903076172, 34.86126708984384], [136.22869873046898, 34.861400604248], [136.22630310058597, 34.861198425293], [136.225402832031, 34.86159896850591], [136.22109985351597, 34.8633346557617], [136.219696044922, 34.8633346557617], [136.21820068359398, 34.86560058593754], [136.21339416503898, 34.8655319213867], [136.20520019531304, 34.86866760253912], [136.20269775390597, 34.868267059326215], [136.19659423828097, 34.87099838256837], [136.19299316406304, 34.872600555419915], [136.19169616699196, 34.87246704101558], [136.18969726562497, 34.87446594238276], [136.18679809570295, 34.878334045410156], [136.18539428710898, 34.8782653808594], [136.18400573730503, 34.878200531005916], [136.18170166015597, 34.878067016601584], [136.17889404296903, 34.880668640136676], [136.17939758300804, 34.88366699218749], [136.17939758300804, 34.8864669799805], [136.16690063476602, 34.887733459472706], [136.16529846191403, 34.88779830932619], [136.15910339355503, 34.88579940795901], [136.15750122070304, 34.88473129272462], [136.15190124511696, 34.88333511352543], [136.147094726563, 34.8823356628418], [136.13670349121102, 34.88833236694344], [136.13259887695304, 34.88373184204098], [136.130798339844, 34.88306808471677], [136.12289428710903, 34.88866806030268], [136.12179565429702, 34.888000488281286], [136.11869812011702, 34.89220046997074], [136.11659240722702, 34.89220046997074], [136.11459350585903, 34.8953323364258], [136.11399841308602, 34.89953231811517], [136.11059570312503, 34.901866912841776], [136.10510253906298, 34.89906692504878], [136.09989929199202, 34.89246749877932], [136.095596313477, 34.88880157470701], [136.092300415039, 34.888198852539105], [136.087005615234, 34.89046859741213], [136.085693359375, 34.885734558105526], [136.08869934082, 34.881801605224645], [136.085205078125, 34.87773513793952], [136.087295532227, 34.87639999389646], [136.095092773438, 34.87340164184573], [136.10090637207, 34.87033462524406], [136.108596801758, 34.869800567627], [136.114105224609, 34.87020111083982], [136.116394042969, 34.87173461914061], [136.11920166015602, 34.8711318969727], [136.12179565429702, 34.872798919677734], [136.12570190429702, 34.86986541748049], [136.123001098633, 34.86579895019528], [136.12660217285202, 34.86180114746091], [136.12179565429702, 34.86006546020512], [136.115997314453, 34.855598449706996], [136.11239624023403, 34.85593414306642], [136.107299804688, 34.85193252563478], [136.105606079102, 34.843067169189474], [136.103103637695, 34.84046554565429], [136.10139465332003, 34.840534210205135], [136.09869384765602, 34.83900070190426], [136.093994140625, 34.839797973632805], [136.090896606445, 34.83653259277341], [136.089904785156, 34.83653259277341], [136.085693359375, 34.83746719360347], [136.085800170898, 34.83653259277341], [136.089202880859, 34.83219909667971], [136.08760070800798, 34.8289985656738], [136.092193603516, 34.8209991455078], [136.093994140625, 34.81886672973628], [136.090301513672, 34.81393432617194], [136.088104248047, 34.81133270263667], [136.081802368164, 34.808200836181605], [136.077697753906, 34.807998657226605], [136.075302124023, 34.807998657226605], [136.071395874023, 34.804332733154304], [136.06340026855497, 34.801601409912145], [136.062805175781, 34.800201416015604], [136.061492919922, 34.79980087280269], [136.056793212891, 34.80353164672849], [136.051498413086, 34.79906845092772], [136.047897338867, 34.80053329467766], [136.04609680175798, 34.800933837890575], [136.04220581054696, 34.79873275756839], [136.03689575195298, 34.79373168945312], [136.03210449218804, 34.79373168945312], [136.02630615234403, 34.790733337402294], [136.02200317382795, 34.79180145263669], [136.02180480956997, 34.79153442382811], [136.01800537109403, 34.79320144653323], [136.01589965820295, 34.79740142822269], [136.01130676269497, 34.795600891113324], [136.01040649414102, 34.80073165893548], [136.01849365234398, 34.81266784667973], [136.02520751953097, 34.81446838378909], [136.02690124511696, 34.81480026245124], [136.02810668945295, 34.81919860839843], [136.02719116210898, 34.821800231933615], [136.01730346679696, 34.82820129394534], [136.01579284667997, 34.827934265136676], [136.01249694824196, 34.825401306152344], [136.00680541992196, 34.826267242431555], [136.00469970703097, 34.82820129394534], [136.00230407714804, 34.83653259277341], [136.00500488281304, 34.84273529052732], [136.00149536132804, 34.84493255615232], [135.99679565429696, 34.843734741210866], [135.99549865722693, 34.843067169189474], [135.99020385742193, 34.84199905395508], [135.986206054688, 34.84159851074217], [135.98280334472702, 34.83993530273441], [135.97070312500003, 34.838397979736264], [135.971801757813, 34.84573364257814], [135.96839904785202, 34.846801757812536], [135.96679687500003, 34.84820175170899], [135.96319580078102, 34.85020065307617], [135.96139526367202, 34.853733062744055], [135.95860290527304, 34.85440063476563], [135.95539855957003, 34.85366821289057], [135.94569396972702, 34.85173416137696], [135.94660949707003, 34.85333251953133], [135.94140625, 34.86306762695312], [135.94169616699202, 34.868999481201186], [135.943008422852, 34.87813186645507], [135.94039916992202, 34.879932403564524], [135.940704345703, 34.885467529296946], [135.94050598144503, 34.89319992065429], [135.938705444336, 34.8931350708008], [135.93359375000003, 34.88846588134768], [135.930603027344, 34.88846588134768], [135.923294067383, 34.883800506591825], [135.92060852050798, 34.884067535400405], [135.912994384766, 34.88333511352543], [135.907897949219, 34.876533508300795], [135.906997680664, 34.8741340637207], [135.897994995117, 34.871200561523366], [135.89599609375, 34.872600555419915], [135.887298583984, 34.875534057617244], [135.884994506836, 34.87639999389646], [135.888000488281, 34.87979888916019], [135.88659667968798, 34.883064270019496], [135.88200378417997, 34.88420104980474], [135.87680053710898, 34.886531829833984], [135.87420654296898, 34.888198852539105], [135.871795654297, 34.88880157470701], [135.86639404296898, 34.892265319824226], [135.86720275878898, 34.89366531372068], [135.86250305175795, 34.90293502807617], [135.86639404296898, 34.90653228759772], [135.870895385742, 34.91053390502927], [135.86849975585898, 34.91986465454097], [135.87100219726597, 34.92513275146482], [135.871795654297, 34.9267311096191], [135.87879943847696, 34.93413162231446], [135.87620544433597, 34.942535400390554], [135.87820434570298, 34.94746780395507], [135.87510681152298, 34.95326614379881], [135.871795654297, 34.95560073852541], [135.86520385742196, 34.9571342468262], [135.86320495605497, 34.95993423461911], [135.85980224609398, 34.96319961547851], [135.85609436035196, 34.96853256225593], [135.85250854492196, 34.97073364257812], [135.85450744628898, 34.9750671386719], [135.85549926757798, 34.97826766967773], [135.85540771484403, 34.98386764526373], [135.84989929199196, 34.98453140258794], [135.84930419921903, 34.991001129150426], [135.84379577636696, 34.99026870727537], [135.82679748535196, 34.99113464355467], [135.83163452148403, 35], [135.83200073242196, 35.00066757202146], [135.833435058594, 35], [135.83500671386696, 34.99926757812501], [135.83502197265602, 35], [135.83509826660196, 35.00320053100589], [135.83259582519497, 35.009265899658196], [135.82519531249997, 35.00839996337889], [135.81990051269497, 35.01286697387702], [135.82040405273403, 35.014999389648445], [135.82470703125003, 35.012134552002045], [135.83470153808597, 35.01279830932617], [135.83340454101602, 35.02233123779296], [135.82679748535196, 35.02233123779296], [135.82749938964795, 35.02759933471681], [135.82310485839804, 35.03586578369139], [135.81680297851602, 35.039932250976605], [135.81500244140597, 35.04613494873052], [135.82040405273403, 35.04933166503907], [135.82530212402304, 35.053268432617216], [135.83050537109403, 35.052799224853466], [135.83270263671903, 35.0529327392578], [135.83549499511696, 35.05899810791019], [135.83149719238304, 35.07126617431641], [135.83740234374997, 35.07893371582026], [135.83949279785196, 35.08653259277336], [135.83529663085898, 35.09086608886724], [135.83740234374997, 35.09479904174803], [135.84150695800804, 35.10146713256842], [135.84429931640597, 35.11380004882813], [135.84620666503895, 35.1136665344238], [135.84829711914097, 35.11899948120122], [135.84970092773398, 35.124000549316406], [135.85139465331997, 35.13100051879878], [135.85070800781304, 35.13499832153323], [135.84849548339798, 35.14126586914063], [135.85200500488304, 35.146865844726634], [135.85569763183597, 35.15333557128912], [135.85580444335898, 35.159465789794915], [135.84809875488304, 35.16133499145512], [135.84390258789097, 35.16986846923828], [135.84240722656304, 35.1780662536621], [135.84080505371097, 35.1795349121094], [135.84109497070298, 35.18733215332032], [135.83990478515597, 35.19099807739263], [135.83520507812494, 35.2046661376953], [135.83180236816403, 35.209800720214815], [135.83099365234403, 35.214668273925845], [135.82910156249994, 35.22073364257807], [135.83680725097693, 35.22579956054692], [135.83729553222696, 35.234668731689496], [135.83419799804696, 35.24113464355471], [135.83610534668003, 35.24113464355471], [135.83920288085898, 35.24526596069341], [135.84359741210898, 35.25139999389648], [135.84199523925804, 35.25320053100593], [135.84469604492196, 35.25640106201166], [135.84460449218804, 35.26073455810554], [135.84910583496097, 35.26786804199224], [135.85470581054696, 35.27266693115234], [135.85580444335898, 35.27700042724612], [135.860397338867, 35.28300094604494], [135.85810852050804, 35.28913497924801], [135.85319519042997, 35.28680038452149], [135.84930419921903, 35.28046798706052], [135.84210205078097, 35.27826690673834], [135.83999633789097, 35.275867462158246], [135.83509826660196, 35.27426528930661], [135.83129882812497, 35.27613449096682], [135.82519531249997, 35.2829322814941], [135.82060241699196, 35.289531707763736], [135.82029724121097, 35.29786682128908], [135.81599426269497, 35.30013275146484], [135.81460571289102, 35.305931091308565], [135.81150817871102, 35.30793380737302], [135.81069946289102, 35.30979919433587], [135.80900573730503, 35.31613540649411], [135.80659484863304, 35.317001342773416], [135.79490661621102, 35.321201324462876], [135.792602539063, 35.322868347168], [135.79049682617202, 35.32519912719733], [135.78799438476602, 35.328933715820305], [135.78179931640602, 35.3365325927734], [135.782104492188, 35.337734222412124], [135.77960205078102, 35.34026718139646], [135.77749633789102, 35.34113311767577], [135.763702392578, 35.344532012939496], [135.768096923828, 35.353332519531314], [135.76840209960903, 35.35606765747074], [135.772308349609, 35.3624649047852], [135.77609252929702, 35.3654670715332], [135.77880859375, 35.372531890869055], [135.78630065918003, 35.377799987793], [135.79069519043003, 35.379333496093786], [135.79049682617202, 35.3866653442383], [135.79640197753903, 35.38693237304688], [135.800003051758, 35.38506698608403], [135.80709838867193, 35.38526535034176], [135.80950927734403, 35.39193344116207], [135.80799865722702, 35.39586639404303], [135.81199645996094, 35.41166687011722], [135.81509399414102, 35.413131713867166], [135.82150268554696, 35.41360092163092], [135.82740783691403, 35.414333343505895], [135.83549499511696, 35.41199874877929], [135.83930969238304, 35.4141311645508], [135.85079956054696, 35.410598754882834], [135.85279846191398, 35.41153335571289], [135.85490417480497, 35.407001495361285], [135.85440063476597, 35.40039825439447], [135.86160278320298, 35.395065307617216], [135.86790466308597, 35.39546585083013], [135.871795654297, 35.39693450927734], [135.87379455566398, 35.397132873535156], [135.88740539550798, 35.40293121337889], [135.890396118164, 35.40380096435546], [135.893203735352, 35.417331695556626], [135.89270019531298, 35.41986465454096], [135.901107788086, 35.42720031738284], [135.904098510742, 35.42966461181642], [135.913101196289, 35.431400299072294], [135.91369628906298, 35.43880081176757], [135.91259765625, 35.442733764648366], [135.911895751953, 35.445667266845696], [135.91059875488298, 35.44559860229494], [135.910095214844, 35.447799682617216], [135.914306640625, 35.45253372192382], [135.916397094727, 35.46960067749023], [135.91769409179702, 35.47386550903317], [135.919296264648, 35.47513198852538], [135.921295166016, 35.476799011230504], [135.92280578613298, 35.483867645263715], [135.924102783203, 35.48953247070312], [135.93000793457, 35.492931365966754], [135.934005737305, 35.50320053100588], [135.939804077148, 35.52040100097661], [135.94650268554702, 35.52066421508792], [135.946701049805, 35.52040100097661], [135.95170593261702, 35.50846481323237], [135.95350646972702, 35.50573348999021], [135.95750427246102, 35.50573348999021], [135.95970153808602, 35.50320053100588], [135.96339416503903, 35.50146865844727], [135.96839904785202, 35.502399444580064], [135.97489929199196, 35.495933532714844], [135.98150634765602, 35.48680114746087], [135.98420715332003, 35.489200592040966], [135.99070739746102, 35.49253463745121], [135.99520874023403, 35.49200057983396], [135.99679565429696, 35.49219894409178], [136.00590515136696, 35.49160003662114], [136.01080322265597, 35.49866867065427], [136.01170349121097, 35.50320053100588], [136.01570129394497, 35.51226806640628], [136.02009582519497, 35.512332916259766], [136.02499389648398, 35.5213317871094], [136.02799987792997, 35.524131774902315], [136.02609252929696, 35.529598236083984], [136.04019165039097, 35.53233337402341], [136.04600524902298, 35.530334472656314], [136.04910278320298, 35.53459930419917], [136.057098388672, 35.53253173828132], [136.060897827148, 35.531066894531286], [136.062805175781, 35.52826690673829], [136.069900512695, 35.52659988403317], [136.077301025391, 35.53179931640626], [136.07780456542997, 35.535266876220746], [136.083099365234, 35.54040145874017], [136.093505859375, 35.537132263183594], [136.098297119141, 35.53406524658202], [136.10510253906298, 35.528800964355526], [136.10609436035202, 35.53213119506841], [136.106704711914, 35.53933334350587], [136.10870361328102, 35.545864105224574], [136.106597900391, 35.553131103515604], [136.10609436035202, 35.55659866333009], [136.11009216308602, 35.5613327026367], [136.108596801758, 35.569133758544886], [136.1123046875, 35.57553100585943], [136.113296508789, 35.58286666870122], [136.11669921875003, 35.58160018920901], [136.117797851563, 35.5775337219238], [136.12179565429702, 35.576198577880916], [136.13400268554702, 35.57513427734379], [136.13949584960903, 35.57500076293946], [136.14520263671903, 35.570598602294915], [136.14819335937503, 35.57166671752931], [136.15240478515602, 35.572666168212855], [136.15840148925804, 35.5717315673828], [136.163208007813, 35.570667266845675], [136.16780090331997, 35.56553268432624], [136.16850280761696, 35.56546783447267], [136.16929626464795, 35.57693099975589], [136.16679382324196, 35.58346557617186], [136.17030334472702, 35.58653259277344], [136.17669677734403, 35.59613418579099], [136.16589355468804, 35.618801116943395], [136.15980529785202, 35.62639999389649], [136.15910339355503, 35.6311340332031], [136.15840148925804, 35.63539886474613], [136.15579223632804, 35.64173126220702], [136.15089416503903, 35.64966583251953], [136.15220642089804, 35.650798797607415], [136.14999389648403, 35.6551322937012], [136.14770507812503, 35.66253280639648], [136.13580322265602, 35.66600036621087], [136.13420104980503, 35.66986846923827], [136.14149475097702, 35.67906570434573], [136.14700317382804, 35.68733215332031], [136.14979553222702, 35.69419860839844], [136.14999389648403, 35.697799682617166]]]}}, {"type": "Feature", "properties": {"code": "10", "name": "群馬県"}, "geometry": {"type": "Polygon", "coordinates": [[[138.64430236816398, 36.41153335571287], [138.64219665527298, 36.41333389282232], [138.63450622558597, 36.41773223876951], [138.62829589843804, 36.416198730468814], [138.62179565429696, 36.416400909423814], [138.61880493164094, 36.419868469238295], [138.61239624023398, 36.422798156738274], [138.60440063476602, 36.42226791381839], [138.60000610351602, 36.42353439331051], [138.59219360351602, 36.424465179443395], [138.58789062499994, 36.420665740966754], [138.58509826660202, 36.422134399414055], [138.57499694824196, 36.419868469238295], [138.57090759277304, 36.41960144042972], [138.56640625000003, 36.419868469238295], [138.56300354003903, 36.419868469238295], [138.555603027344, 36.41813278198242], [138.54139709472702, 36.40380096435553], [138.533401489258, 36.402267456054744], [138.51969909668, 36.40686416625984], [138.506698608398, 36.41400146484381], [138.504196166992, 36.4149322509766], [138.496795654297, 36.414268493652294], [138.49359130859398, 36.41366577148439], [138.48919677734398, 36.40946578979493], [138.489807128906, 36.40159988403317], [138.47869873046898, 36.40393447875977], [138.46029663085898, 36.40459823608399], [138.46060180664097, 36.40739822387699], [138.45759582519497, 36.4116668701172], [138.45710754394497, 36.419868469238295], [138.45449829101597, 36.42079925537109], [138.44799804687497, 36.419868469238295], [138.44569396972696, 36.419868469238295], [138.44360351562497, 36.42146682739257], [138.41720581054702, 36.430599212646456], [138.40089416503903, 36.43473434448243], [138.40080261230503, 36.44046783447267], [138.40339660644503, 36.452133178710895], [138.39970397949202, 36.4523315429688], [138.39970397949202, 36.455066680908224], [138.400100708008, 36.46126556396478], [138.40280151367202, 36.46479797363284], [138.40049743652304, 36.47180175781248], [138.40049743652304, 36.480331420898366], [138.39849853515602, 36.48339843750003], [138.39720153808602, 36.48873138427728], [138.403198242188, 36.503200531005945], [138.40510559082003, 36.505867004394524], [138.40440368652304, 36.511535644531286], [138.40390014648403, 36.52093124389648], [138.41070556640602, 36.52666854858399], [138.41349792480503, 36.53413391113284], [138.41239929199196, 36.54146575927727], [138.41729736328097, 36.54313278198239], [138.42849731445304, 36.55559921264652], [138.42700195312503, 36.55939865112298], [138.42799377441395, 36.562267303466825], [138.42820739746102, 36.568866729736285], [138.42100524902304, 36.57346725463874], [138.42030334472702, 36.57706832885738], [138.42649841308597, 36.586532592773416], [138.42739868164102, 36.596134185790966], [138.43379211425804, 36.59973526000979], [138.44009399414097, 36.59966659545903], [138.43960571289102, 36.60406875610349], [138.44149780273398, 36.61073303222661], [138.44250488281304, 36.61046600341803], [138.44799804687497, 36.61066818237303], [138.45339965820298, 36.613265991210945], [138.45989990234398, 36.62753295898444], [138.45799255371097, 36.63333129882808], [138.46380615234395, 36.637199401855476], [138.46549987792997, 36.63700103759774], [138.47279357910196, 36.64346694946287], [138.48089599609398, 36.64526748657232], [138.48219299316398, 36.64500045776366], [138.48789978027298, 36.64166641235351], [138.496795654297, 36.64333343505863], [138.498199462891, 36.644001007080114], [138.507400512695, 36.64799880981448], [138.511795043945, 36.6468658447266], [138.512802124023, 36.64759826660157], [138.525207519531, 36.65146636962888], [138.529205322266, 36.65646743774406], [138.53439331054702, 36.666400909423764], [138.525497436523, 36.66986846923834], [138.518798828125, 36.67566680908198], [138.519500732422, 36.68233108520511], [138.519805908203, 36.688934326171925], [138.514007568359, 36.69033432006838], [138.520401000977, 36.69286727905271], [138.529495239258, 36.697132110595746], [138.532302856445, 36.697132110595746], [138.535995483398, 36.697200775146506], [138.543395996094, 36.7039337158203], [138.54469299316403, 36.703800201415966], [138.55819702148403, 36.70660018920896], [138.56379699707003, 36.70586776733399], [138.56900024414102, 36.70586776733399], [138.57380676269503, 36.70740127563478], [138.58290100097702, 36.70146560668954], [138.59080505371102, 36.70833206176757], [138.59550476074196, 36.714733123779304], [138.59910583496102, 36.714534759521484], [138.60440063476602, 36.709068298339815], [138.60980224609403, 36.70646667480472], [138.61520385742196, 36.71046829223627], [138.62179565429696, 36.72040176391597], [138.62440490722696, 36.7210006713867], [138.62989807128898, 36.71973419189449], [138.64199829101597, 36.72386550903319], [138.64680480956997, 36.72613525390631], [138.65559387207, 36.727600097656335], [138.659393310547, 36.729198455810526], [138.665496826172, 36.729000091552706], [138.66780090332, 36.7309341430664], [138.669998168945, 36.7309341430664], [138.674606323242, 36.73113250732422], [138.683700561523, 36.735599517822344], [138.695693969727, 36.73860168457034], [138.702606201172, 36.73686599731447], [138.71189880371102, 36.738800048828075], [138.71440124511702, 36.74353408813477], [138.719604492188, 36.74779891967771], [138.722106933594, 36.753200531005895], [138.721603393555, 36.7583999633789], [138.72630310058602, 36.763801574706996], [138.729202270508, 36.762599945068445], [138.73500061035202, 36.762866973877024], [138.74049377441403, 36.759468078613295], [138.74679565429702, 36.75833511352541], [138.75549316406304, 36.753200531005895], [138.76130676269503, 36.74919891357417], [138.76429748535202, 36.749267578125014], [138.76719665527304, 36.74660110473626], [138.77360534668003, 36.747268676757834], [138.78070068359403, 36.74720001220699], [138.78320312499994, 36.746067047119105], [138.78939819335898, 36.7449989318848], [138.79170227050804, 36.747268676757834], [138.79289245605497, 36.753200531005895], [138.79449462890597, 36.75653457641596], [138.80119323730497, 36.761932373046875], [138.80479431152298, 36.763065338134844], [138.80990600585898, 36.765335083007784], [138.81629943847696, 36.76186752319339], [138.820892333984, 36.76406860351557], [138.82609558105497, 36.77166748046884], [138.82519531249997, 36.77439880371091], [138.827194213867, 36.77926635742194], [138.82879638671898, 36.78979873657228], [138.83129882812497, 36.793731689453075], [138.829803466797, 36.79506683349613], [138.82479858398398, 36.80673217773444], [138.82150268554696, 36.81706619262696], [138.82789611816398, 36.818000793457024], [138.83459472656298, 36.815868377685504], [138.83830261230497, 36.81706619262696], [138.84619140625, 36.8148002624512], [138.85490417480497, 36.81193161010744], [138.860000610352, 36.813934326171896], [138.87179565429702, 36.81840133666993], [138.873397827148, 36.81886672973633], [138.875198364258, 36.81879806518548], [138.87919616699202, 36.8232650756836], [138.881805419922, 36.825798034668026], [138.88580322265602, 36.825599670410206], [138.90089416503903, 36.82726669311524], [138.91250610351602, 36.82933425903318], [138.92840576171903, 36.83259963989258], [138.92990112304702, 36.836532592773366], [138.92509460449196, 36.84640121459958], [138.91870117187503, 36.848934173584006], [138.91619873046903, 36.85100173950204], [138.92239379882804, 36.8628005981445], [138.917602539063, 36.869800567627045], [138.92300415039102, 36.88346862792972], [138.92950439453102, 36.886665344238274], [138.93209838867193, 36.893733978271484], [138.93969726562503, 36.89513397216803], [138.94879150390597, 36.894001007080064], [138.95320129394497, 36.89506530761719], [138.96530151367196, 36.89179992675779], [138.97149658203097, 36.88740158081051], [138.97900390624997, 36.89106750488282], [138.97970581054696, 36.90380096435552], [138.97470092773398, 36.9125328063965], [138.977096557617, 36.91986846923829], [138.96769714355497, 36.93019866943363], [138.96569824218804, 36.943935394287145], [138.96490478515597, 36.9557342529297], [138.96659851074196, 36.97086715698241], [138.96649169921898, 36.97886657714841], [138.96969604492196, 36.981468200683594], [138.99209594726597, 36.979866027832045], [138.99490356445298, 36.97999954223629], [138.996795654297, 36.97973251342771], [138.99870300292997, 36.97940063476556], [139.008895874023, 36.984066009521506], [139.014999389648, 36.988201141357386], [139.02949523925798, 36.98440170288092], [139.035995483398, 36.98493576049799], [139.04699707031298, 36.987468719482415], [139.050399780273, 36.99373245239263], [139.05409240722702, 36.99833297729491], [139.063903808594, 37.00320053100594], [139.072906494141, 37.0078659057617], [139.07679748535202, 37.008865356445334], [139.08090209960903, 37.00986862182624], [139.09019470214804, 37.01959991455077], [139.08970642089804, 37.02746582031253], [139.09030151367202, 37.036731719970746], [139.09039306640594, 37.04373550415038], [139.09700012207003, 37.05879974365233], [139.11030578613304, 37.05533218383793], [139.11369323730503, 37.04959869384769], [139.11779785156304, 37.047599792480504], [139.12179565429696, 37.047668457031264], [139.12469482421903, 37.04380035400387], [139.12649536132804, 37.03906631469726], [139.13189697265597, 37.026733398437464], [139.14230346679696, 37.02186584472661], [139.14979553222696, 37.01026535034179], [139.165496826172, 37.00320053100594], [139.169998168945, 37.00226593017579], [139.17190551757798, 37.0002670288086], [139.17919921874997, 36.991401672363295], [139.17529296875, 36.97373199462889], [139.18029785156298, 36.96466827392577], [139.18640136718798, 36.960132598876974], [139.19180297851597, 36.961265563964766], [139.197998046875, 36.958133697509794], [139.199798583984, 36.95819854736328], [139.20520019531298, 36.95626831054694], [139.214706420898, 36.95800018310546], [139.22180175781298, 36.9613990783691], [139.228302001953, 36.96133422851561], [139.2373046875, 36.947132110595696], [139.23199462890602, 36.940601348876996], [139.230606079102, 36.94066619873048], [139.23109436035202, 36.93679809570309], [139.231796264648, 36.93740081787109], [139.234893798828, 36.93679809570309], [139.23590087890602, 36.93420028686518], [139.238906860352, 36.93426513671884], [139.24150085449202, 36.93019866943363], [139.24679565429702, 36.93093490600587], [139.25759887695304, 36.93413162231451], [139.26649475097702, 36.94126510620121], [139.27650451660202, 36.93373489379878], [139.28359985351602, 36.93166732788093], [139.28709411621097, 36.934398651123], [139.29499816894497, 36.93453216552733], [139.30470275878903, 36.9259338378906], [139.31509399414097, 36.926868438720746], [139.33419799804696, 36.92486572265629], [139.34140014648398, 36.92793273925778], [139.34530639648398, 36.925399780273445], [139.34629821777298, 36.92206573486329], [139.348602294922, 36.91986846923829], [139.349594116211, 36.91413497924804], [139.34950256347696, 36.913135528564496], [139.35520935058597, 36.91646575927729], [139.363098144531, 36.91746520996092], [139.368194580078, 36.917865753173835], [139.371795654297, 36.91806793212892], [139.37919616699202, 36.915534973144496], [139.38409423828102, 36.911598205566435], [139.393402099609, 36.91093444824222], [139.395294189453, 36.90533447265631], [139.38960266113298, 36.90179824829098], [139.376205444336, 36.89580154418952], [139.371795654297, 36.89006805419918], [139.370697021484, 36.88780212402342], [139.371795654297, 36.884201049804695], [139.371795654297, 36.882865905761726], [139.36950683593798, 36.879467010498], [139.369003295898, 36.877933502197294], [139.36160278320298, 36.876667022705085], [139.360992431641, 36.87426757812499], [139.35639953613298, 36.87806701660163], [139.357498168945, 36.868598937988324], [139.353897094727, 36.85686874389653], [139.34870910644497, 36.85273361206047], [139.356506347656, 36.84813308715819], [139.36390686035196, 36.847133636474645], [139.36639404296898, 36.841400146484396], [139.371795654297, 36.84026718139652], [139.375, 36.83826828002933], [139.377899169922, 36.838665008544886], [139.383193969727, 36.836532592773366], [139.392105102539, 36.83286666870124], [139.392807006836, 36.83459854125976], [139.398696899414, 36.834331512451186], [139.406402587891, 36.829601287841754], [139.40490722656298, 36.8254013061523], [139.400604248047, 36.82153320312499], [139.393493652344, 36.81706619262696], [139.3916015625, 36.812133789062536], [139.393493652344, 36.8096656799316], [139.386505126953, 36.805198669433565], [139.38250732421898, 36.805198669433565], [139.378005981445, 36.80366516113278], [139.37600708007798, 36.79733276367189], [139.37809753418, 36.79413223266598], [139.377197265625, 36.791599273681555], [139.37640380859398, 36.788600921630916], [139.374298095703, 36.78440093994137], [139.371795654297, 36.78346633911131], [139.370101928711, 36.7830657958984], [139.367401123047, 36.7836685180664], [139.362197875977, 36.779598236084006], [139.35810852050798, 36.77446746826167], [139.353103637695, 36.7737350463867], [139.35360717773398, 36.767799377441364], [139.35090637206997, 36.76346588134766], [139.35510253906298, 36.7598686218262], [139.354797363281, 36.753200531005895], [139.358001708984, 36.749866485595746], [139.37080383300798, 36.74693298339841], [139.371795654297, 36.74693298339841], [139.371795654297, 36.745735168457045], [139.368194580078, 36.7400016784668], [139.36540222167997, 36.7279319763184], [139.36689758300798, 36.725734710693395], [139.36320495605497, 36.71853256225594], [139.359909057617, 36.71693420410158], [139.36050415039097, 36.71366500854491], [139.356094360352, 36.709197998046875], [139.35420227050798, 36.705665588378906], [139.34519958496097, 36.697998046874964], [139.33700561523398, 36.69206619262699], [139.33909606933597, 36.6849327087402], [139.33729553222696, 36.681400299072315], [139.33889770507798, 36.67826843261716], [139.33489990234398, 36.674068450927706], [139.33529663085898, 36.66986846923834], [139.33299255371097, 36.66479873657231], [139.32960510253898, 36.66126632690433], [139.32730102539097, 36.656333923339815], [139.32749938964798, 36.65213394165036], [139.32809448242196, 36.64853286743163], [139.32969665527298, 36.64066696166987], [139.32789611816398, 36.63360214233401], [139.33090209960898, 36.62720108032229], [139.33929443359398, 36.62659835815429], [139.345794677734, 36.625133514404254], [139.34880065917997, 36.61859893798828], [139.35499572753898, 36.61453247070307], [139.36270141601597, 36.61420059204101], [139.36880493164097, 36.61286544799804], [139.371795654297, 36.61186599731449], [139.381607055664, 36.61253356933589], [139.388595581055, 36.61059951782228], [139.397903442383, 36.60226821899412], [139.406707763672, 36.60546875000003], [139.404006958008, 36.60886764526367], [139.41299438476602, 36.60786819458012], [139.42070007324202, 36.60406875610349], [139.42599487304702, 36.60279846191409], [139.42799377441403, 36.60113525390633], [139.43760681152304, 36.60266876220703], [139.44219970703102, 36.60566711425776], [139.446899414063, 36.607200622558636], [139.45170593261693, 36.605201721191364], [139.45350646972702, 36.60373306274406], [139.45899963378903, 36.60586547851558], [139.46530151367196, 36.60653305053707], [139.47109985351602, 36.602001190185455], [139.47450256347693, 36.591865539550845], [139.47639465331997, 36.58739852905272], [139.47779846191395, 36.586532592773416], [139.48339843749997, 36.58240127563481], [139.48269653320295, 36.578266143798835], [139.47399902343804, 36.572532653808594], [139.47399902343804, 36.566665649414105], [139.47230529785202, 36.56520080566407], [139.46949768066403, 36.565467834472734], [139.46569824218804, 36.56259918212889], [139.45980834960903, 36.553066253662095], [139.45730590820304, 36.55319976806643], [139.45100402832003, 36.54986572265628], [139.44189453125003, 36.552333831787124], [139.43829345703094, 36.54819869995124], [139.43719482421903, 36.54040145874024], [139.436706542969, 36.53419876098633], [139.43479919433602, 36.53293228149412], [139.44290161132804, 36.53179931640633], [139.438903808594, 36.52553176879884], [139.43490600585903, 36.521266937255895], [139.42779541015602, 36.51079940795904], [139.421905517578, 36.50866699218753], [139.42359924316403, 36.505935668945284], [139.42120361328102, 36.503200531005945], [139.419204711914, 36.5009346008301], [139.41900634765602, 36.49486541748052], [139.42239379882804, 36.49300003051758], [139.422302246094, 36.490467071533246], [139.42799377441403, 36.49013137817382], [139.42689514160202, 36.48393249511718], [139.43000793457003, 36.480667114257784], [139.43190002441403, 36.471332550048814], [139.43809509277304, 36.474998474121115], [139.43510437011702, 36.46419906616211], [139.42979431152304, 36.46099853515629], [139.43099975585903, 36.457599639892564], [139.42460632324202, 36.45906829833977], [139.420196533203, 36.457332611083984], [139.41639709472702, 36.46139907836911], [139.414505004883, 36.46179962158202], [139.409698486328, 36.45853424072271], [139.40939331054702, 36.45706558227541], [139.411804199219, 36.45373535156253], [139.410903930664, 36.44933319091798], [139.406600952148, 36.44580078125001], [139.404403686523, 36.44146728515631], [139.401397705078, 36.43666839599612], [139.39459228515602, 36.43379974365228], [139.393905639648, 36.42893218994143], [139.391799926758, 36.42480087280273], [139.385894775391, 36.42086791992193], [139.385406494141, 36.419868469238295], [139.38049316406298, 36.4160003662109], [139.376602172852, 36.40786743164057], [139.374099731445, 36.39926528930656], [139.371795654297, 36.39866638183592], [139.36860656738298, 36.39493179321286], [139.36109924316398, 36.3838005065918], [139.36669921875, 36.37806701660164], [139.367401123047, 36.371467590332], [139.36950683593798, 36.36673355102539], [139.37030029296898, 36.366134643554666], [139.371795654297, 36.36500167846678], [139.388900756836, 36.35419845581051], [139.39360046386702, 36.34773254394529], [139.414703369141, 36.33826446533199], [139.417999267578, 36.33653259277338], [139.426696777344, 36.32566452026371], [139.42460632324202, 36.32386398315434], [139.423004150391, 36.32500076293949], [139.42149353027304, 36.32266616821288], [139.418395996094, 36.326400756835945], [139.414703369141, 36.324932098388736], [139.41819763183602, 36.321598052978494], [139.41560363769503, 36.31806564331052], [139.41749572753903, 36.317066192626974], [139.41569519043, 36.31599807739258], [139.418395996094, 36.31333541870118], [139.424194335938, 36.307933807373], [139.42909240722702, 36.30580139160157], [139.42700195312503, 36.303665161132784], [139.43150329589804, 36.30113220214836], [139.43170166015602, 36.29513168334963], [139.43580627441403, 36.29206848144532], [139.43789672851602, 36.297065734863324], [139.44360351562503, 36.293865203857415], [139.44369506835903, 36.288265228271506], [139.45880126953097, 36.28860092163092], [139.46510314941403, 36.282001495361285], [139.467407226563, 36.27899932861329], [139.46560668945304, 36.27913284301762], [139.46420288085903, 36.27899932861329], [139.46240234375003, 36.279067993164134], [139.459106445313, 36.27593231201171], [139.46440124511696, 36.271533966064524], [139.47239685058597, 36.27113342285161], [139.47270202636696, 36.276065826416044], [139.47560119628903, 36.27519989013674], [139.47760009765597, 36.27233123779298], [139.48260498046903, 36.272068023681584], [139.48750305175804, 36.27579879760738], [139.49119567871097, 36.274932861328075], [139.49369812011696, 36.27399826049801], [139.49679565429696, 36.27546691894531], [139.50019836425795, 36.276065826416044], [139.50410461425804, 36.28113555908198], [139.51319885253898, 36.27840042114256], [139.51670837402298, 36.28139877319338], [139.52119445800798, 36.28139877319338], [139.526596069336, 36.2845993041992], [139.535293579102, 36.27913284301762], [139.53649902343798, 36.281799316406286], [139.540298461914, 36.279533386230526], [139.54040527343798, 36.276798248291016], [139.54470825195298, 36.276401519775376], [139.549392700195, 36.28020095825201], [139.550994873047, 36.278465270996136], [139.553604125977, 36.27939987182619], [139.555908203125, 36.27673339843753], [139.554306030273, 36.27326583862304], [139.563003540039, 36.266998291015554], [139.57189941406298, 36.26733398437498], [139.58029174804702, 36.26779937744137], [139.586700439453, 36.2690010070801], [139.589706420898, 36.26860046386719], [139.61010742187503, 36.2685356140137], [139.61700439453102, 36.274131774902344], [139.62179565429693, 36.273735046386705], [139.62699890136696, 36.27146530151368], [139.63409423828097, 36.27006530761722], [139.63769531249994, 36.264198303222734], [139.64280700683602, 36.266666412353494], [139.64070129394497, 36.26353454589843], [139.63619995117196, 36.26093292236334], [139.63090515136696, 36.254531860351605], [139.63389587402304, 36.25320053100591], [139.64219665527295, 36.23986816406248], [139.64250183105503, 36.2357330322266], [139.64599609374997, 36.24039840698236], [139.64990234374994, 36.23820114135744], [139.65130615234403, 36.23860168457026], [139.65490722656304, 36.23320007324217], [139.65510559081997, 36.23133468627932], [139.65849304199196, 36.23086547851557], [139.66079711914097, 36.23020172119144], [139.66290283203097, 36.229999542236264], [139.65960693359403, 36.22806549072274], [139.66099548339798, 36.223731994628864], [139.65960693359403, 36.22086715698238], [139.66549682617196, 36.22306442260738], [139.66859436035196, 36.21580123901371], [139.66929626464798, 36.212467193603466], [139.66410827636696, 36.20840072631843], [139.66479492187497, 36.2071990966797], [139.66200256347696, 36.207866668701186], [139.66369628906304, 36.21120071411134], [139.66059875488304, 36.214668273925824], [139.65000915527304, 36.21126556396483], [139.65100097656304, 36.20133209228521], [139.65029907226594, 36.19693374633794], [139.64059448242196, 36.19739913940433], [139.62809753418003, 36.194599151611335], [139.62489318847702, 36.18659973144533], [139.62179565429693, 36.1881980895996], [139.60989379882804, 36.196865081787095], [139.60099792480503, 36.20553207397458], [139.587905883789, 36.210399627685526], [139.57470703125, 36.20479965209961], [139.55830383300798, 36.20140075683588], [139.541900634766, 36.19553375244139], [139.52580261230497, 36.191333770752024], [139.513000488281, 36.19279861450197], [139.49679565429696, 36.19279861450197], [139.49569702148398, 36.19266510009773], [139.49349975585898, 36.19219970703133], [139.47329711914094, 36.189334869384844], [139.45719909668003, 36.19060134887697], [139.44419860839804, 36.196865081787095], [139.42509460449202, 36.21046829223628], [139.420806884766, 36.21093368530268], [139.41909790039102, 36.2167320251465], [139.41679382324202, 36.21806716918947], [139.407897949219, 36.22306442260738], [139.389892578125, 36.229732513427685], [139.382904052734, 36.237998962402266], [139.377105712891, 36.24413299560551], [139.371795654297, 36.2456665039063], [139.370193481445, 36.24606704711912], [139.35949707031298, 36.25320053100591], [139.357498168945, 36.25320053100591], [139.35459899902298, 36.25193405151369], [139.351898193359, 36.25320053100591], [139.35099792480497, 36.25439834594727], [139.34710693359398, 36.25320053100591], [139.345993041992, 36.24919891357418], [139.34040832519497, 36.246467590332024], [139.33990478515597, 36.2445983886719], [139.33529663085898, 36.24306869506839], [139.32780456542997, 36.239933013915966], [139.32910156249997, 36.23346710205084], [139.32350158691398, 36.229732513427685], [139.30999755859403, 36.23326873779302], [139.30540466308597, 36.24020004272463], [139.30540466308597, 36.244400024414084], [139.30369567871097, 36.24553298950197], [139.29699707031304, 36.24340057373054], [139.27270507812503, 36.249332427978516], [139.268005371094, 36.250400543212905], [139.26699829101602, 36.24366760253911], [139.26480102539102, 36.242668151855476], [139.25669860839804, 36.24546432495121], [139.24679565429702, 36.244800567626996], [139.24369812011702, 36.244533538818416], [139.23809814453102, 36.24606704711912], [139.229904174805, 36.25320053100591], [139.223892211914, 36.258468627929666], [139.21159362793, 36.25633239746088], [139.211898803711, 36.26026535034176], [139.208602905273, 36.262332916259794], [139.197998046875, 36.262332916259794], [139.17140197753898, 36.27386856079104], [139.169494628906, 36.27486801147459], [139.16389465332, 36.27899932861329], [139.16110229492196, 36.27840042114256], [139.13600158691395, 36.27853393554689], [139.12930297851602, 36.283401489257834], [139.12179565429696, 36.27306747436522], [139.11619567871097, 36.26826858520513], [139.10749816894494, 36.26153182983398], [139.11019897460903, 36.258865356445305], [139.10780334472702, 36.25320053100591], [139.09640502929702, 36.23833465576169], [139.082702636719, 36.21686553955083], [139.06320190429702, 36.195865631103544], [139.06449890136702, 36.18786621093754], [139.057601928711, 36.183666229248], [139.057403564453, 36.16986465454099], [139.05929565429702, 36.16579818725587], [139.059692382813, 36.16400146484377], [139.063705444336, 36.159000396728494], [139.062698364258, 36.15800094604486], [139.062103271484, 36.15306854248052], [139.04850769043, 36.152400970459034], [139.047409057617, 36.14986801147461], [139.043106079102, 36.14846801757807], [139.041305541992, 36.140933990478544], [139.04280090332, 36.1296005249023], [139.037002563477, 36.12633514404299], [139.026596069336, 36.130065917968786], [139.024993896484, 36.134201049804666], [139.020401000977, 36.13119888305658], [139.01600646972696, 36.133800506591754], [139.012191772461, 36.13280105590821], [139.00430297851597, 36.13313293457027], [139.006195068359, 36.13059997558594], [139.00219726562497, 36.12559890747066], [138.996795654297, 36.12573242187499], [138.995193481445, 36.12559890747066], [138.99079895019497, 36.12106704711914], [138.98599243164097, 36.11600112915038], [138.98269653320298, 36.11673355102544], [138.97990417480497, 36.116466522216776], [138.97639465331997, 36.11733245849608], [138.97329711914097, 36.12186813354487], [138.96510314941395, 36.12580108642584], [138.95950317382804, 36.12413406372072], [138.95840454101602, 36.124267578124964], [138.95669555664097, 36.116134643554716], [138.95779418945295, 36.10793304443362], [138.94999694824196, 36.100933074951165], [138.94580078125003, 36.09626770019531], [138.94200134277304, 36.09433364868161], [138.93119812011696, 36.088268280029304], [138.91709899902304, 36.09353256225589], [138.90969848632804, 36.09120178222664], [138.90399169921903, 36.09180068969728], [138.896606445313, 36.08940124511719], [138.889602661133, 36.08653259277343], [138.88830566406298, 36.08559799194337], [138.877197265625, 36.0824661254883], [138.87179565429702, 36.079467773437486], [138.866104125977, 36.07766723632812], [138.858993530273, 36.069866180419936], [138.852798461914, 36.06893157958979], [138.847396850586, 36.06713104248051], [138.84539794921898, 36.06179809570308], [138.837997436523, 36.05039978027344], [138.83499145507798, 36.05013275146477], [138.828994750977, 36.04133224487304], [138.82850646972696, 36.03733444213867], [138.82020568847696, 36.03626632690428], [138.81410217285196, 36.03379821777343], [138.80700683593804, 36.03393173217768], [138.79080200195304, 36.02946472167973], [138.78770446777295, 36.031665802002], [138.78359985351594, 36.033535003662124], [138.78059387206997, 36.03680038452152], [138.77540588378903, 36.03779983520507], [138.77040100097702, 36.03826522827146], [138.76429748535202, 36.03680038452152], [138.755004882813, 36.03459930419916], [138.75230407714804, 36.026199340820334], [138.74859619140594, 36.01833343505857], [138.74679565429702, 36.014732360839844], [138.74389648437503, 36.01106643676763], [138.73789978027304, 36.00686645507808], [138.735794067383, 36.00320053100587], [138.73570251464804, 36.00193405151374], [138.72769165039102, 35.99586486816408], [138.717300415039, 35.99319839477541], [138.71269226074202, 35.98526763916016], [138.7041015625, 35.98766708374016], [138.697601318359, 35.99033355712892], [138.68859863281298, 35.991798400878864], [138.688095092773, 35.99246597290044], [138.686798095703, 35.99833297729493], [138.682907104492, 36.00320053100587], [138.680999755859, 36.00426483154299], [138.680801391602, 36.010734558105476], [138.675598144531, 36.01153182983403], [138.662399291992, 36.01146697998054], [138.661392211914, 36.01633453369139], [138.65620422363298, 36.017200469970696], [138.64709472656298, 36.019935607910206], [138.64540100097696, 36.023067474365185], [138.63789367675798, 36.027000427246065], [138.63299560546898, 36.02726745605473], [138.631393432617, 36.02833175659176], [138.640197753906, 36.043933868408224], [138.64379882812497, 36.05066680908202], [138.642395019531, 36.06499862670899], [138.64050292968804, 36.073600769043], [138.63389587402298, 36.07993316650388], [138.63040161132798, 36.08653259277343], [138.63059997558597, 36.09126663208013], [138.63319396972696, 36.092067718505945], [138.63780212402298, 36.09686660766604], [138.64500427246097, 36.098865509033224], [138.64520263671898, 36.101600646972734], [138.646697998047, 36.10520172119138], [138.646301269531, 36.10873413085944], [138.64399719238298, 36.11113357543953], [138.640594482422, 36.11679840087893], [138.64500427246097, 36.119667053222685], [138.64520263671898, 36.11980056762702], [138.64259338378898, 36.12153244018554], [138.63829040527298, 36.123867034912145], [138.63459777831997, 36.13359832763667], [138.62179565429696, 36.131801605224574], [138.62089538574196, 36.133201599121115], [138.61549377441398, 36.133731842041], [138.61279296874997, 36.13353347778318], [138.60899353027298, 36.135665893554695], [138.60200500488304, 36.135864257812514], [138.59799194335898, 36.13806533813479], [138.59500122070304, 36.14493179321291], [138.59289550781304, 36.151466369628885], [138.58749389648395, 36.16053390502928], [138.58509826660202, 36.160934448242195], [138.58099365234403, 36.16193389892583], [138.58079528808602, 36.165000915527315], [138.57730102539102, 36.16813278198238], [138.57870483398403, 36.16986465454099], [138.58250427246102, 36.17853546142584], [138.58360290527304, 36.178001403808594], [138.58619689941403, 36.177131652832024], [138.58789062499994, 36.1788673400879], [138.58970642089804, 36.17853546142584], [138.58889770507804, 36.17593383789057], [138.58959960937503, 36.16986465454099], [138.59210205078097, 36.16766738891599], [138.59710693359403, 36.165599822997955], [138.59890747070304, 36.1656684875488], [138.60929870605503, 36.16139984130859], [138.60839843749997, 36.163864135742166], [138.61140441894497, 36.16759872436523], [138.61770629882804, 36.16986465454099], [138.62179565429696, 36.17133331298829], [138.62199401855497, 36.170734405517564], [138.63020324706997, 36.17226791381844], [138.63519287109398, 36.17100143432623], [138.63699340820298, 36.174465179443445], [138.63029479980497, 36.183067321777266], [138.62980651855494, 36.185199737548785], [138.62280273437497, 36.19699859619143], [138.63470458984395, 36.205600738525426], [138.63690185546898, 36.204399108886705], [138.63459777831997, 36.210533142089766], [138.63240051269497, 36.216800689697344], [138.62179565429696, 36.21500015258789], [138.61500549316403, 36.225799560546896], [138.61250305175804, 36.229133605957045], [138.61250305175804, 36.240867614746115], [138.60739135742196, 36.245132446289055], [138.60310363769497, 36.24786758422848], [138.60380554199196, 36.25320053100591], [138.60479736328097, 36.25933456420897], [138.60510253906304, 36.26566696166994], [138.60310363769497, 36.27353286743162], [138.60040283203097, 36.278465270996136], [138.60879516601597, 36.28099822998047], [138.61219787597696, 36.28526687622068], [138.62179565429696, 36.28699874877929], [138.62640380859403, 36.28866577148441], [138.62879943847696, 36.28846740722659], [138.63279724121097, 36.29059982299802], [138.63989257812497, 36.29359817504884], [138.64250183105497, 36.29359817504884], [138.64390563964798, 36.29339981079102], [138.64819335937497, 36.29859924316411], [138.650192260742, 36.29859924316411], [138.650192260742, 36.30066680908197], [138.65350341796898, 36.303066253662145], [138.65249633789097, 36.30786514282233], [138.64810180664097, 36.31413269042973], [138.651901245117, 36.32253265380864], [138.651901245117, 36.330532073974645], [138.65029907226597, 36.33653259277338], [138.65029907226597, 36.342601776122955], [138.64990234374997, 36.35193252563484], [138.65370178222696, 36.35706710815427], [138.651992797852, 36.36013412475593], [138.65710449218795, 36.36873245239258], [138.65150451660196, 36.37306594848628], [138.65049743652298, 36.382133483886676], [138.651596069336, 36.39393234252932], [138.64990234374997, 36.3980674743652], [138.64830017089798, 36.40753173828132], [138.64810180664097, 36.40826797485347], [138.64430236816398, 36.41153335571287]]]}}, {"type": "Feature", "properties": {"code": "04", "name": "宮城県"}, "geometry": {"type": "MultiPolygon", "coordinates": [[[[141.4839, 38.9785], [141.491, 38.9985], [141.5103, 39.0029], [141.5242, 38.9917], [141.5681, 38.9957], [141.6322, 38.971], [141.6434, 38.9562], [141.6324, 38.9585], [141.6337, 38.9515], [141.6487, 38.9416], [141.6354, 38.9317], [141.6529, 38.9199], [141.6516, 38.9037], [141.6651, 38.8964], [141.6638, 38.8813], [141.6746, 38.8667], [141.6743, 38.8572], [141.6579, 38.8626], [141.6378, 38.8852], [141.6377, 38.9019], [141.6248, 38.9001], [141.6311, 38.8917], [141.6218, 38.8931], [141.6055, 38.8803], [141.5979, 38.8937], [141.589, 38.8947], [141.5871, 38.9094], [141.5754, 38.9059], [141.594, 38.8903], [141.583, 38.8522], [141.6034, 38.8278], [141.5836, 38.8249], [141.5763, 38.8212], [141.578, 38.8127], [141.5624, 38.8133], [141.5558, 38.8017], [141.522, 38.7891], [141.5165, 38.7718], [141.5461, 38.7334], [141.5642, 38.7405], [141.5609, 38.6905], [141.5547, 38.7085], [141.5372, 38.7064], [141.5256, 38.7167], [141.5107, 38.6853], [141.4994, 38.6958], [141.4906, 38.69], [141.4943, 38.6741], [141.4754, 38.6801], [141.4611, 38.6713], [141.4448, 38.6738], [141.4504, 38.6579], [141.4447, 38.6432], [141.46, 38.6402], [141.4637, 38.6477], [141.5294, 38.6374], [141.5251, 38.6106], [141.5094, 38.5987], [141.5015, 38.6035], [141.5044, 38.5961], [141.4874, 38.5839], [141.46, 38.5763], [141.4673, 38.5614], [141.4774, 38.5633], [141.4872, 38.5543], [141.4858, 38.5424], [141.4968, 38.5326], [141.5322, 38.5491], [141.5316, 38.5325], [141.5464, 38.5226], [141.5351, 38.5101], [141.5427, 38.5032], [141.536, 38.4885], [141.5244, 38.4895], [141.5235, 38.4954], [141.5165, 38.4929], [141.5137, 38.5132], [141.4956, 38.5093], [141.4705, 38.5215], [141.4648, 38.5123], [141.4757, 38.5173], [141.4968, 38.4961], [141.4916, 38.4885], [141.4968, 38.4764], [141.4766, 38.4641], [141.5015, 38.4611], [141.4948, 38.4529], [141.5019, 38.4475], [141.5126, 38.4508], [141.4938, 38.4375], [141.4889, 38.4431], [141.4649, 38.4378], [141.4605, 38.4463], [141.4476, 38.4415], [141.4633, 38.4364], [141.4634, 38.4245], [141.4752, 38.4199], [141.4667, 38.3999], [141.4724, 38.3941], [141.5018, 38.4158], [141.5034, 38.4013], [141.5141, 38.3931], [141.5388, 38.4], [141.5406, 38.3903], [141.5303, 38.3821], [141.5101, 38.3909], [141.4825, 38.3769], [141.4912, 38.3677], [141.5145, 38.371], [141.5338, 38.3413], [141.5265, 38.3245], [141.5405, 38.317], [141.5411, 38.3068], [141.527, 38.2961], [141.5242, 38.2719], [141.5118, 38.2765], [141.5083, 38.2984], [141.4926, 38.2937], [141.4968, 38.3055], [141.4762, 38.3075], [141.4708, 38.3205], [141.468, 38.3064], [141.4496, 38.3157], [141.4748, 38.3308], [141.4635, 38.3365], [141.4627, 38.3515], [141.4507, 38.3404], [141.447, 38.3544], [141.4376, 38.3426], [141.418, 38.3473], [141.4164, 38.3546], [141.4302, 38.365], [141.4588, 38.3743], [141.4332, 38.3736], [141.4386, 38.3815], [141.4233, 38.3855], [141.4312, 38.3995], [141.416, 38.392], [141.4096, 38.404], [141.3882, 38.3856], [141.3741, 38.3837], [141.3643, 38.3899], [141.3691, 38.4073], [141.3589, 38.4138], [141.2744, 38.4109], [141.2857, 38.4196], [141.2666, 38.4199], [141.2669, 38.4081], [141.2074, 38.392], [141.1606, 38.3653], [141.1548, 38.3481], [141.1625, 38.3407], [141.1592, 38.3504], [141.1685, 38.3495], [141.1675, 38.332], [141.1829, 38.3222], [141.1779, 38.3204], [141.1617, 38.3278], [141.1564, 38.3223], [141.1498, 38.334], [141.1388, 38.3306], [141.146, 38.3251], [141.1387, 38.3221], [141.133, 38.3406], [141.1483, 38.3389], [141.1409, 38.3549], [141.1531, 38.3566], [141.1336, 38.3605], [141.1333, 38.3775], [141.1067, 38.3863], [141.1157, 38.377], [141.1059, 38.3685], [141.0854, 38.3814], [141.0628, 38.3697], [141.0664, 38.3515], [141.0516, 38.3505], [141.0588, 38.3484], [141.0531, 38.3439], [141.0426, 38.349], [141.0367, 38.3399], [141.0524, 38.3334], [141.0251, 38.3201], [141.0449, 38.3193], [141.0361, 38.3072], [141.0654, 38.3218], [141.0766, 38.3199], [141.0899, 38.3014], [141.041, 38.2721], [141.0285, 38.2826], [141.0216, 38.2715], [140.9991, 38.2733], [141.0468, 38.2651], [141.0241, 38.2653], [140.9863, 38.2177], [140.9417, 38.1319], [140.9281, 38.0865], [140.9145, 37.9937], [140.9312, 37.8963], [140.92, 37.8927], [140.8991, 37.9039], [140.8567, 37.8913], [140.862, 37.8627], [140.8509, 37.8513], [140.8574, 37.8041], [140.8526, 37.7958], [140.8318, 37.7953], [140.7751, 37.8065], [140.7651, 37.7964], [140.8026, 37.7804], [140.7929, 37.7734], [140.7459, 37.7884], [140.728, 37.7817], [140.7135, 37.7995], [140.6945, 37.8035], [140.6794, 37.8365], [140.6919, 37.8517], [140.6831, 37.8743], [140.6904, 37.8883], [140.6613, 37.9007], [140.6251, 37.9003], [140.6122, 37.9156], [140.5921, 37.9063], [140.5672, 37.9228], [140.5624, 37.9114], [140.4882, 37.8999], [140.4696, 37.9199], [140.475, 37.947], [140.4321, 37.9544], [140.4096, 37.9639], [140.4078, 37.9735], [140.387, 37.9675], [140.3855, 37.9531], [140.3567, 37.9583], [140.3513, 37.9505], [140.3162, 37.9586], [140.2752, 37.9821], [140.2896, 38.0073], [140.2763, 38.0287], [140.2834, 38.0499], [140.2772, 38.0565], [140.3726, 38.0573], [140.3826, 38.0713], [140.4021, 38.0705], [140.4211, 38.0865], [140.4242, 38.1188], [140.4459, 38.1301], [140.4445, 38.1419], [140.4667, 38.1565], [140.4795, 38.1807], [140.4678, 38.2325], [140.4714, 38.2697], [140.4968, 38.2831], [140.4927, 38.302], [140.5045, 38.3143], [140.5199, 38.3098], [140.5293, 38.3208], [140.5218, 38.35], [140.5268, 38.3581], [140.5783, 38.3931], [140.5715, 38.4133], [140.5807, 38.4376], [140.5973, 38.4372], [140.6201, 38.4555], [140.6073, 38.4606], [140.6045, 38.4823], [140.5739, 38.4958], [140.564, 38.5109], [140.5718, 38.5255], [140.5565, 38.5301], [140.5553, 38.5425], [140.5789, 38.5685], [140.5699, 38.5939], [140.559, 38.5979], [140.5611, 38.609], [140.538, 38.6341], [140.5467, 38.6501], [140.5884, 38.6343], [140.6007, 38.6399], [140.6243, 38.6918], [140.6238, 38.6997], [140.6071, 38.7037], [140.6074, 38.7207], [140.6463, 38.7688], [140.638, 38.7775], [140.6053, 38.7833], [140.5912, 38.8353], [140.5411, 38.8618], [140.5473, 38.8895], [140.5617, 38.8741], [140.6147, 38.8944], [140.6385, 38.8833], [140.6701, 38.8971], [140.6843, 38.9165], [140.7076, 38.9207], [140.7468, 38.9569], [140.8262, 38.9635], [140.8814, 38.9291], [140.9055, 38.9289], [140.9158, 38.9172], [140.9273, 38.9215], [140.958, 38.9085], [140.9865, 38.8755], [141.0208, 38.8866], [141.044, 38.8773], [141.0939, 38.8881], [141.108, 38.878], [141.1401, 38.8779], [141.1463, 38.8559], [141.1218, 38.8356], [141.1051, 38.8377], [141.1059, 38.8232], [141.1217, 38.8265], [141.1244, 38.8167], [141.1407, 38.8139], [141.1397, 38.79], [141.1483, 38.7846], [141.1694, 38.7778], [141.1812, 38.7848], [141.2047, 38.7703], [141.217, 38.7495], [141.2348, 38.7484], [141.2295, 38.7532], [141.2575, 38.7629], [141.2631, 38.7877], [141.2736, 38.7969], [141.3035, 38.7933], [141.3104, 38.8227], [141.3354, 38.8073], [141.3531, 38.8128], [141.3803, 38.7964], [141.3945, 38.7997], [141.3981, 38.79], [141.415, 38.7857], [141.4107, 38.7681], [141.4233, 38.7729], [141.4223, 38.7803], [141.4383, 38.7833], [141.4297, 38.8109], [141.4589, 38.8148], [141.4502, 38.8365], [141.4663, 38.8572], [141.4525, 38.8623], [141.4514, 38.8767], [141.4916, 38.9159], [141.4861, 38.9351], [141.4938, 38.9562], [141.4839, 38.9785]]], [[[141.6252, 38.8307], [141.6061, 38.8597], [141.6142, 38.8649], [141.6028, 38.8727], [141.624, 38.8857], [141.6348, 38.8749], [141.6228, 38.8533], [141.6364, 38.8489], [141.6379, 38.841], [141.6252, 38.8307]]], [[[141.5275, 38.4377], [141.516, 38.4652], [141.5312, 38.4542], [141.5344, 38.4439], [141.5275, 38.4377]]], [[[141.1244, 38.3257], [141.1166, 38.3365], [141.1236, 38.3346], [141.1297, 38.3475], [141.1244, 38.3257]]], [[[141.1102, 38.3313], [141.104, 38.3429], [141.121, 38.3451], [141.1102, 38.3313]]], [[[141.5744, 38.2693], [141.5543, 38.2861], [141.548, 38.3027], [141.5673, 38.3139], [141.5899, 38.3024], [141.5806, 38.2877], [141.5864, 38.2781], [141.5744, 38.2693]]], [[[141.4091, 38.2855], [141.4163, 38.3128], [141.43, 38.2933], [141.4091, 38.2855]]], [[[141.502, 38.2464], [141.4801, 38.2504], [141.467, 38.2684], [141.4579, 38.2683], [141.4607, 38.2837], [141.4822, 38.2771], [141.502, 38.2464]]]]}}, {"type": "Feature", "properties": {"code": "22", "name": "静岡県"}, "geometry": {"type": "MultiPolygon", "coordinates": [[[[138.2186, 35.6445], [138.2283, 35.646], [138.2318, 35.639], [138.2288, 35.6251], [138.2367, 35.6207], [138.2422, 35.5723], [138.2594, 35.5519], [138.2584, 35.5297], [138.268, 35.5157], [138.2443, 35.4558], [138.2573, 35.4379], [138.2571, 35.4067], [138.2328, 35.3762], [138.2511, 35.3623], [138.2568, 35.3385], [138.2488, 35.3315], [138.2562, 35.3186], [138.2856, 35.3046], [138.2969, 35.3165], [138.3283, 35.3275], [138.3586, 35.3173], [138.3724, 35.2994], [138.3673, 35.2721], [138.3857, 35.2452], [138.3986, 35.2003], [138.4189, 35.1983], [138.4404, 35.1779], [138.4778, 35.1773], [138.4916, 35.1685], [138.5144, 35.1966], [138.5329, 35.2015], [138.5274, 35.2167], [138.5322, 35.2234], [138.5146, 35.2632], [138.5205, 35.2856], [138.5125, 35.3141], [138.5349, 35.3306], [138.528, 35.3789], [138.5358, 35.3899], [138.5334, 35.4106], [138.5819, 35.4457], [138.5979, 35.4308], [138.6096, 35.3932], [138.6635, 35.3983], [138.6804, 35.3577], [138.8218, 35.3741], [138.8521, 35.3902], [138.8732, 35.3815], [138.9162, 35.4005], [138.9697, 35.4049], [139.0017, 35.3988], [138.9994, 35.3818], [139.0187, 35.3298], [139.0048, 35.2897], [138.9752, 35.2617], [138.976, 35.2356], [138.9876, 35.2012], [139.0261, 35.1755], [139.0287, 35.1506], [139.1115, 35.1413], [139.0746, 35.0927], [139.0818, 35.0863], [139.0744, 35.0803], [139.0793, 35.0693], [139.0687, 35.0568], [139.0739, 35.0468], [139.0995, 35.0461], [139.0984, 35.0075], [139.0835, 35.0032], [139.0957, 34.9756], [139.1276, 34.9691], [139.1345, 34.9515], [139.1452, 34.9558], [139.1479, 34.9361], [139.1324, 34.8963], [139.1405, 34.8907], [139.0825, 34.8521], [139.0778, 34.8191], [139.0583, 34.7848], [139.0418, 34.7737], [139.0478, 34.7677], [139.0292, 34.7678], [139.0211, 34.7548], [138.9975, 34.7425], [138.9925, 34.7176], [138.9787, 34.7087], [138.9734, 34.6907], [138.9802, 34.6816], [138.9728, 34.6759], [138.9867, 34.6671], [138.9872, 34.6579], [138.9571, 34.654], [138.9635, 34.6725], [138.9478, 34.6737], [138.9477, 34.6626], [138.9364, 34.6665], [138.9413, 34.6623], [138.9193, 34.6531], [138.9048, 34.6289], [138.89, 34.6335], [138.8869, 34.6239], [138.8497, 34.6131], [138.8436, 34.6011], [138.815, 34.6148], [138.81, 34.6277], [138.794, 34.6225], [138.7889, 34.6391], [138.778, 34.6397], [138.7734, 34.655], [138.7902, 34.6593], [138.7883, 34.6696], [138.7786, 34.6671], [138.7573, 34.6909], [138.7392, 34.6899], [138.7391, 34.7262], [138.756, 34.733], [138.7609, 34.7406], [138.7553, 34.747], [138.7756, 34.7517], [138.7757, 34.7641], [138.7634, 34.7701], [138.7702, 34.7732], [138.7528, 34.7999], [138.7653, 34.8095], [138.7517, 34.8192], [138.7599, 34.8289], [138.7681, 34.8233], [138.7605, 34.8431], [138.7753, 34.8563], [138.7538, 34.8678], [138.7561, 34.8845], [138.7897, 34.908], [138.7631, 34.9626], [138.7673, 34.9776], [138.7766, 34.9705], [138.77, 34.9853], [138.7797, 35.0174], [138.7893, 35.0302], [138.7868, 35.0239], [138.828, 35.0229], [138.8456, 35.0139], [138.8758, 35.0249], [138.8896, 35.0173], [138.8985, 35.0245], [138.8924, 35.0311], [138.8979, 35.0434], [138.9063, 35.0479], [138.8871, 35.0465], [138.8718, 35.0708], [138.8527, 35.0795], [138.8278, 35.107], [138.685, 35.1451], [138.698, 35.1345], [138.6393, 35.1149], [138.5737, 35.1102], [138.5564, 35.1015], [138.533, 35.0553], [138.5159, 35.0381], [138.5109, 35.0431], [138.5113, 35.0353], [138.5059, 35.0417], [138.5057, 35.0311], [138.5028, 35.0364], [138.494, 35.032], [138.4991, 35.0266], [138.4908, 35.0193], [138.5029, 34.9859], [138.5115, 34.9945], [138.5013, 35.0014], [138.5041, 35.0153], [138.5177, 35.008], [138.5151, 35.0207], [138.5332, 35.0131], [138.5148, 34.9835], [138.3573, 34.9151], [138.3333, 34.8688], [138.3242, 34.8697], [138.3263, 34.8447], [138.3305, 34.849], [138.3387, 34.8326], [138.2995, 34.7785], [138.2892, 34.7817], [138.3021, 34.777], [138.3006, 34.7709], [138.2268, 34.7273], [138.1976, 34.6699], [138.1942, 34.6376], [138.217, 34.6096], [138.2333, 34.6045], [138.2267, 34.5946], [138.0614, 34.6466], [138.0631, 34.6577], [138.0566, 34.6479], [137.9699, 34.6654], [137.9015, 34.6671], [137.7986, 34.6447], [137.7483, 34.6565], [137.7513, 34.6661], [137.7444, 34.6677], [137.7468, 34.657], [137.5855, 34.6789], [137.4839, 34.6738], [137.491, 34.7001], [137.4748, 34.7532], [137.4768, 34.7735], [137.4928, 34.7867], [137.4868, 34.8114], [137.501, 34.8224], [137.502, 34.8328], [137.5434, 34.8433], [137.551, 34.8517], [137.5868, 34.8499], [137.5971, 34.8722], [137.6398, 34.8921], [137.6614, 34.9457], [137.6752, 34.9454], [137.6961, 34.9714], [137.7071, 34.9723], [137.7009, 35.0032], [137.7172, 35.035], [137.7746, 35.0771], [137.7782, 35.0995], [137.7919, 35.0953], [137.8002, 35.1053], [137.7925, 35.1344], [137.8041, 35.1306], [137.8144, 35.1402], [137.8145, 35.1525], [137.8285, 35.1537], [137.8211, 35.1583], [137.8232, 35.1699], [137.803, 35.1832], [137.8307, 35.2049], [137.8278, 35.2114], [137.8481, 35.2215], [137.8718, 35.2188], [137.8803, 35.2266], [137.8824, 35.2481], [137.8952, 35.2579], [137.9191, 35.2552], [137.9305, 35.2757], [137.9672, 35.2833], [137.9948, 35.3022], [138.0187, 35.3009], [138.0266, 35.3207], [138.0566, 35.3441], [138.0717, 35.3465], [138.0873, 35.3379], [138.0983, 35.3551], [138.1419, 35.3707], [138.1521, 35.3981], [138.1344, 35.4091], [138.1387, 35.4232], [138.1214, 35.4286], [138.1193, 35.4479], [138.1218, 35.4563], [138.1552, 35.4589], [138.1602, 35.47], [138.1645, 35.4939], [138.14, 35.4997], [138.1462, 35.5185], [138.1381, 35.5219], [138.1594, 35.5451], [138.1423, 35.5555], [138.1628, 35.5815], [138.1852, 35.5737], [138.1899, 35.5787], [138.2058, 35.609], [138.2043, 35.6325], [138.2186, 35.6445]]], [[[139.1687, 35.0365], [139.1639, 35.0425], [139.1756, 35.0401], [139.1687, 35.0365]]], [[[138.219, 34.6184], [138.21, 34.6205], [138.2176, 34.6262], [138.219, 34.6184]]]]}}, {"type": "Feature", "properties": {"code": "08", "name": "茨城県"}, "geometry": {"type": "MultiPolygon", "coordinates": [[[[140.5682, 36.9375], [140.5863, 36.9455], [140.6164, 36.9035], [140.6811, 36.8928], [140.7182, 36.8724], [140.7586, 36.8725], [140.7652, 36.8623], [140.7794, 36.8666], [140.7863, 36.8563], [140.7951, 36.8577], [140.8062, 36.8313], [140.7705, 36.8199], [140.7468, 36.7807], [140.7169, 36.6927], [140.7164, 36.6624], [140.6941, 36.6441], [140.6891, 36.6216], [140.6554, 36.576], [140.6281, 36.4951], [140.6117, 36.4871], [140.6234, 36.4818], [140.612, 36.4779], [140.6081, 36.4403], [140.627, 36.4414], [140.6269, 36.4312], [140.6082, 36.4312], [140.6092, 36.4118], [140.6157, 36.411], [140.6097, 36.4053], [140.6268, 36.3813], [140.6218, 36.3623], [140.5942, 36.3374], [140.588, 36.3107], [140.5659, 36.3047], [140.5597, 36.2558], [140.572, 36.1846], [140.61, 36.0865], [140.6736, 35.9689], [140.681, 35.9709], [140.7011, 35.9377], [140.6784, 35.9199], [140.6629, 35.9286], [140.6748, 35.897], [140.6908, 35.8829], [140.6773, 35.912], [140.7071, 35.925], [140.775, 35.8233], [140.8318, 35.7532], [140.8519, 35.7439], [140.8467, 35.74], [140.8204, 35.7396], [140.7468, 35.7818], [140.7295, 35.7962], [140.7061, 35.8365], [140.6821, 35.8495], [140.6318, 35.8589], [140.5989, 35.9032], [140.5113, 35.9587], [140.4872, 35.9281], [140.5028, 35.9058], [140.4585, 35.9261], [140.4486, 35.9152], [140.4205, 35.9064], [140.3988, 35.9093], [140.3665, 35.9002], [140.3176, 35.8644], [140.2812, 35.8741], [140.2436, 35.8554], [140.2064, 35.8614], [140.1679, 35.8455], [140.1466, 35.8456], [140.1218, 35.8736], [140.089, 35.8841], [140.0705, 35.8784], [140.017, 35.9106], [139.9931, 35.9103], [139.9392, 35.9403], [139.9321, 35.9497], [139.9341, 35.9684], [139.8842, 35.9889], [139.8785, 36.0072], [139.8106, 36.066], [139.8012, 36.0919], [139.7868, 36.1041], [139.7703, 36.0812], [139.7298, 36.0879], [139.7268, 36.1114], [139.6912, 36.1726], [139.6914, 36.2061], [139.7064, 36.2019], [139.7071, 36.2107], [139.7192, 36.2115], [139.7274, 36.2016], [139.8217, 36.2398], [139.8413, 36.2754], [139.8354, 36.2935], [139.8487, 36.3113], [139.8718, 36.315], [139.8782, 36.323], [139.8802, 36.3098], [139.9096, 36.3006], [139.9142, 36.3365], [139.9645, 36.3509], [139.9733, 36.3785], [139.9885, 36.3675], [140.0021, 36.3681], [140.0005, 36.3766], [140.0449, 36.3751], [140.0692, 36.3889], [140.0665, 36.4038], [140.101, 36.3942], [140.1111, 36.3989], [140.1101, 36.4075], [140.1304, 36.4147], [140.1443, 36.4141], [140.1561, 36.3984], [140.1916, 36.4043], [140.2024, 36.4199], [140.2028, 36.4543], [140.2309, 36.5029], [140.2603, 36.5176], [140.2488, 36.5329], [140.2516, 36.5545], [140.2439, 36.5629], [140.2468, 36.6133], [140.2347, 36.6239], [140.241, 36.6489], [140.2206, 36.6859], [140.2321, 36.7001], [140.2926, 36.7127], [140.2837, 36.7333], [140.2568, 36.7572], [140.2609, 36.7673], [140.2539, 36.7837], [140.2652, 36.7887], [140.267, 36.8236], [140.2525, 36.8505], [140.2524, 36.9277], [140.2833, 36.9353], [140.2983, 36.9294], [140.318, 36.9129], [140.3257, 36.8928], [140.3678, 36.8807], [140.3773, 36.838], [140.4153, 36.832], [140.4317, 36.8176], [140.4385, 36.8216], [140.4637, 36.7918], [140.4785, 36.7977], [140.4879, 36.8182], [140.5116, 36.8223], [140.5394, 36.8592], [140.5919, 36.8731], [140.5807, 36.9046], [140.565, 36.9129], [140.5682, 36.9375]]], [[[140.7114, 35.9405], [140.7125, 35.9547], [140.7106, 35.9268], [140.7114, 35.9405]]]]}}, {"type": "Feature", "properties": {"code": "47", "name": "沖縄県"}, "geometry": {"type": "MultiPolygon", "coordinates": [[[[128.2333, 27.8599], [128.2165, 27.8769], [128.2206, 27.8847], [128.2333, 27.8599]]], [[[127.9339, 26.9943], [127.9314, 27.0203], [127.9493, 27.0426], [127.9944, 27.0883], [128.0191, 27.0945], [127.9961, 27.0678], [127.9905, 27.0447], [127.9666, 27.0369], [127.9635, 27.0227], [127.9414, 27.0163], [127.9339, 26.9943]]], [[[127.92, 26.9889], [127.912, 26.9961], [127.9217, 27.0005], [127.92, 26.9889]]], [[[127.9492, 26.9727], [127.9407, 26.9753], [127.9583, 26.9743], [127.9492, 26.9727]]], [[[127.9384, 26.9106], [127.9222, 26.9173], [127.9197, 26.9357], [127.9112, 26.9357], [127.9359, 26.9547], [127.9538, 26.9453], [127.9558, 26.9349], [127.9527, 26.9138], [127.9384, 26.9106]]], [[[127.9295, 26.891], [127.9199, 26.9016], [127.9289, 26.901], [127.9295, 26.891]]], [[[128.1534, 26.7166], [128.1594, 26.7277], [128.1515, 26.7451], [128.1788, 26.7475], [128.2305, 26.7966], [128.2503, 26.8386], [128.252, 26.8493], [128.2429, 26.8577], [128.2486, 26.8704], [128.2641, 26.8721], [128.2605, 26.8669], [128.2902, 26.841], [128.3036, 26.8445], [128.3035, 26.8313], [128.3189, 26.8135], [128.3157, 26.7922], [128.3239, 26.7668], [128.3185, 26.756], [128.3258, 26.7493], [128.2928, 26.7173], [128.2968, 26.7099], [128.2806, 26.6964], [128.2781, 26.6772], [128.2377, 26.6329], [128.1842, 26.6236], [128.1487, 26.6291], [128.1502, 26.5977], [128.1229, 26.6025], [128.1497, 26.5679], [128.1381, 26.5663], [128.1373, 26.5529], [128.1096, 26.5503], [128.1004, 26.5384], [128.0912, 26.5385], [128.0939, 26.534], [128.0638, 26.5513], [128.0441, 26.5475], [128.0416, 26.5588], [128.0321, 26.5527], [128.0519, 26.5201], [128.0307, 26.5192], [128.0251, 26.5105], [128.0086, 26.5143], [128.0024, 26.5048], [127.9962, 26.509], [127.9905, 26.5032], [128.0011, 26.485], [127.9739, 26.4695], [127.9502, 26.4721], [127.9424, 26.4425], [127.9479, 26.4375], [127.8686, 26.4569], [127.8515, 26.4501], [127.8391, 26.4263], [127.8302, 26.4311], [127.8257, 26.4232], [127.8398, 26.4051], [127.8768, 26.3786], [127.8718, 26.3611], [127.8851, 26.342], [127.9015, 26.3291], [127.9174, 26.3293], [127.9111, 26.3238], [127.9202, 26.2954], [127.8897, 26.3121], [127.8649, 26.3439], [127.838, 26.3315], [127.8328, 26.3212], [127.8466, 26.316], [127.8098, 26.2975], [127.8162, 26.2774], [127.7994, 26.2681], [127.7874, 26.2266], [127.7687, 26.214], [127.7702, 26.2013], [127.7564, 26.205], [127.7783, 26.1869], [127.7765, 26.1721], [127.7889, 26.1699], [127.7975, 26.1862], [127.8206, 26.1915], [127.8303, 26.1683], [127.7885, 26.1331], [127.7772, 26.1346], [127.7468, 26.1184], [127.7245, 26.0911], [127.6764, 26.0739], [127.6584, 26.0805], [127.6673, 26.1249], [127.6615, 26.1281], [127.6676, 26.133], [127.6516, 26.1307], [127.6469, 26.1444], [127.6681, 26.1513], [127.6467, 26.1513], [127.6536, 26.1615], [127.6479, 26.1731], [127.6545, 26.1725], [127.6387, 26.1763], [127.6425, 26.1882], [127.6354, 26.1977], [127.6506, 26.2171], [127.6727, 26.2068], [127.6615, 26.2153], [127.6825, 26.2246], [127.6676, 26.2455], [127.6763, 26.2499], [127.6838, 26.2422], [127.6894, 26.2465], [127.6844, 26.2558], [127.7069, 26.273], [127.7241, 26.2701], [127.7265, 26.2787], [127.74, 26.2807], [127.7557, 26.2944], [127.7588, 26.3086], [127.7539, 26.3234], [127.7458, 26.3217], [127.7386, 26.362], [127.7167, 26.3995], [127.7107, 26.4404], [127.7224, 26.4398], [127.7354, 26.4216], [127.7696, 26.4449], [127.7835, 26.4343], [127.7968, 26.4361], [127.8115, 26.4624], [127.8443, 26.4804], [127.8381, 26.4952], [127.8427, 26.5032], [127.8567, 26.4998], [127.8567, 26.5092], [127.8606, 26.5043], [127.8658, 26.5123], [127.8872, 26.5032], [127.9066, 26.5191], [127.9177, 26.5171], [127.9307, 26.5419], [127.9387, 26.5353], [127.9563, 26.5459], [127.9622, 26.5405], [127.9807, 26.5724], [127.9789, 26.5879], [127.9449, 26.6013], [127.9215, 26.6089], [127.9124, 26.6006], [127.894, 26.6056], [127.8775, 26.6403], [127.878, 26.653], [127.8931, 26.6593], [127.8725, 26.6869], [127.8784, 26.7085], [127.9024, 26.6983], [127.9524, 26.7074], [127.9688, 26.7023], [127.9647, 26.6972], [127.9709, 26.6925], [127.9758, 26.6969], [128.0021, 26.6879], [128.0071, 26.6837], [127.9948, 26.6768], [127.9894, 26.6515], [127.9816, 26.6488], [128.0061, 26.6294], [128.0234, 26.6265], [128.0327, 26.6347], [128.0765, 26.6435], [128.1099, 26.6675], [128.1103, 26.6587], [128.1259, 26.6575], [128.1, 26.6779], [128.117, 26.7023], [128.1534, 26.7166]]], [[[127.8061, 26.7054], [127.7544, 26.7091], [127.7511, 26.7322], [127.8066, 26.7385], [127.8296, 26.7198], [127.8274, 26.7096], [127.8061, 26.7054]]], [[[128.0197, 26.6943], [128.007, 26.7073], [128.0116, 26.7133], [128.0254, 26.7103], [128.0197, 26.6943]]], [[[128.0314, 26.6448], [128.0141, 26.6566], [128.0089, 26.6501], [127.9968, 26.6557], [127.9936, 26.6702], [128.0188, 26.6788], [128.032, 26.6577], [128.0314, 26.6448]]], [[[127.8612, 26.6289], [127.8539, 26.6485], [127.8664, 26.6531], [127.8718, 26.6467], [127.8612, 26.6289]]], [[[127.2077, 26.5743], [127.2138, 26.59], [127.2293, 26.6013], [127.2465, 26.5865], [127.2401, 26.576], [127.2077, 26.5743]]], [[[127.9964, 26.3815], [127.9877, 26.3913], [127.9986, 26.3995], [127.9964, 26.3815]]], [[[126.7255, 26.3461], [126.7101, 26.3614], [126.7132, 26.3677], [126.7075, 26.3601], [126.7095, 26.3695], [126.778, 26.3904], [126.8232, 26.3447], [126.8043, 26.3252], [126.8102, 26.2908], [126.7774, 26.3057], [126.7548, 26.3375], [126.7588, 26.3409], [126.7255, 26.3461]]], [[[127.9321, 26.3311], [127.9469, 26.3448], [127.9428, 26.3567], [127.9659, 26.3614], [127.9862, 26.3835], [127.9936, 26.3607], [127.9584, 26.3381], [127.9321, 26.3311]]], [[[127.1451, 26.3478], [127.1362, 26.364], [127.1445, 26.3811], [127.148, 26.3637], [127.1592, 26.3633], [127.1451, 26.3478]]], [[[126.8859, 26.3441], [126.8701, 26.345], [126.8964, 26.3501], [126.8859, 26.3441]]], [[[127.8431, 26.3343], [127.8618, 26.3436], [127.8698, 26.33], [127.8584, 26.3347], [127.8535, 26.3246], [127.8406, 26.3261], [127.8431, 26.3343]]], [[[126.825, 26.3351], [126.8187, 26.3365], [126.8266, 26.3421], [126.8335, 26.3357], [126.825, 26.3351]]], [[[127.9587, 26.3084], [127.9504, 26.3271], [127.9666, 26.322], [127.9587, 26.3084]]], [[[127.9417, 26.2411], [127.9327, 26.2459], [127.9361, 26.2618], [127.9462, 26.2582], [127.9417, 26.2411]]], [[[127.3037, 26.2185], [127.2811, 26.2326], [127.2946, 26.2415], [127.3028, 26.2379], [127.3083, 26.2508], [127.3307, 26.2397], [127.3318, 26.2279], [127.3104, 26.2375], [127.3143, 26.2256], [127.3037, 26.2185]]], [[[127.3476, 26.1451], [127.3384, 26.1807], [127.3464, 26.1856], [127.355, 26.2254], [127.3674, 26.2195], [127.3718, 26.2015], [127.3703, 26.1897], [127.3578, 26.1814], [127.3619, 26.1563], [127.352, 26.1559], [127.3476, 26.1451]]], [[[127.4391, 26.1997], [127.4501, 26.2245], [127.4544, 26.2191], [127.4391, 26.1997]]], [[[127.2419, 26.2077], [127.2387, 26.2189], [127.2468, 26.2225], [127.2419, 26.2077]]], [[[127.3121, 26.1975], [127.3073, 26.2157], [127.3158, 26.2037], [127.3121, 26.1975]]], [[[127.2751, 26.1859], [127.2747, 26.1941], [127.264, 26.1965], [127.2791, 26.2123], [127.2913, 26.1946], [127.2751, 26.1859]]], [[[127.2857, 26.1753], [127.2818, 26.1816], [127.2906, 26.1857], [127.2944, 26.1767], [127.2857, 26.1753]]], [[[127.2401, 26.162], [127.2312, 26.1633], [127.235, 26.1812], [127.242, 26.1759], [127.2401, 26.162]]], [[[127.8835, 26.1513], [127.8844, 26.1585], [127.9089, 26.1699], [127.8835, 26.1513]]], [[[131.3058, 25.9283], [131.294, 25.9342], [131.2855, 25.9605], [131.3323, 25.9519], [131.3239, 25.9328], [131.3058, 25.9283]]], [[[123.6834, 25.9192], [123.6761, 25.9232], [123.6802, 25.9284], [123.6884, 25.9222], [123.6834, 25.9192]]], [[[131.2306, 25.8128], [131.2145, 25.8221], [131.22, 25.8642], [131.2353, 25.8723], [131.2628, 25.8688], [131.2731, 25.8552], [131.2639, 25.8241], [131.2306, 25.8128]]], [[[123.4604, 25.7353], [123.4618, 25.7454], [123.4764, 25.7517], [123.4932, 25.7447], [123.4604, 25.7353]]], [[[125.2465, 24.9199], [125.2294, 24.934], [125.2468, 24.9346], [125.2539, 24.9245], [125.245, 24.9259], [125.2465, 24.9199]]], [[[125.306, 24.7115], [125.2604, 24.7345], [125.2507, 24.7554], [125.2604, 24.7679], [125.264, 24.7511], [125.2813, 24.7509], [125.2752, 24.7727], [125.2579, 24.7837], [125.2552, 24.7949], [125.2791, 24.8114], [125.2752, 24.8365], [125.2839, 24.8434], [125.293, 24.8359], [125.2943, 24.8454], [125.2529, 24.9098], [125.2624, 24.9021], [125.2681, 24.9076], [125.2842, 24.8809], [125.2963, 24.8777], [125.3111, 24.8365], [125.3332, 24.8218], [125.3324, 24.7991], [125.3526, 24.7886], [125.3751, 24.7891], [125.4002, 24.766], [125.4296, 24.7608], [125.4673, 24.7189], [125.4499, 24.7301], [125.4446, 24.7247], [125.3689, 24.7289], [125.306, 24.7115]]], [[[125.1812, 24.8113], [125.1543, 24.8361], [125.1614, 24.865], [125.2078, 24.8459], [125.2175, 24.8273], [125.2149, 24.8069], [125.1992, 24.8028], [125.1812, 24.8113]]], [[[125.1812, 24.8113], [125.1615, 24.8021], [125.1438, 24.8069], [125.1328, 24.8239], [125.1377, 24.8418], [125.1812, 24.8113]]], [[[124.6997, 24.7465], [124.6758, 24.7592], [124.6863, 24.7632], [124.6997, 24.7465]]], [[[125.2468, 24.7127], [125.2367, 24.7189], [125.2391, 24.7311], [125.2551, 24.7211], [125.2468, 24.7127]]], [[[124.6906, 24.6397], [124.6683, 24.6465], [124.6697, 24.6699], [124.6886, 24.6784], [124.7202, 24.6684], [124.7162, 24.6451], [124.6906, 24.6397]]], [[[124.173, 24.3279], [124.1445, 24.3352], [124.1411, 24.3484], [124.1082, 24.3632], [124.1378, 24.3904], [124.1399, 24.4111], [124.113, 24.4323], [124.0988, 24.4309], [124.0818, 24.4139], [124.0664, 24.4301], [124.0738, 24.4512], [124.1161, 24.4446], [124.1132, 24.4605], [124.1218, 24.4685], [124.1126, 24.48], [124.1404, 24.4617], [124.131, 24.4459], [124.1365, 24.4401], [124.1496, 24.4519], [124.1755, 24.4467], [124.1889, 24.4551], [124.2181, 24.4527], [124.2252, 24.4971], [124.2348, 24.4963], [124.253, 24.5175], [124.2754, 24.5045], [124.2821, 24.5325], [124.2908, 24.5387], [124.2789, 24.5576], [124.3056, 24.5865], [124.3081, 24.6069], [124.3355, 24.6027], [124.3333, 24.5747], [124.3004, 24.5431], [124.3033, 24.5259], [124.2786, 24.5032], [124.2777, 24.4857], [124.2489, 24.4651], [124.2474, 24.4503], [124.2542, 24.4445], [124.2468, 24.4273], [124.2543, 24.4114], [124.2465, 24.357], [124.2345, 24.3434], [124.1958, 24.3513], [124.1883, 24.3321], [124.173, 24.3279]]], [[[123.0116, 24.4372], [122.9836, 24.4429], [122.9663, 24.4374], [122.9335, 24.4482], [122.9625, 24.4729], [122.9745, 24.4677], [123.0109, 24.4738], [123.0421, 24.464], [123.0116, 24.4372]]], [[[131.1869, 24.4617], [131.1807, 24.4721], [131.195, 24.4694], [131.1869, 24.4617]]], [[[123.8718, 24.2544], [123.8324, 24.2709], [123.7545, 24.2787], [123.7204, 24.2986], [123.7172, 24.2775], [123.6797, 24.2819], [123.6602, 24.3071], [123.6851, 24.3095], [123.6784, 24.3211], [123.6832, 24.3313], [123.707, 24.3127], [123.7017, 24.3484], [123.713, 24.3278], [123.7268, 24.3415], [123.7277, 24.3284], [123.7346, 24.3303], [123.7499, 24.3117], [123.7435, 24.3411], [123.7475, 24.3489], [123.7575, 24.3471], [123.7413, 24.3673], [123.7512, 24.3743], [123.7416, 24.3929], [123.75, 24.3908], [123.7494, 24.4018], [123.772, 24.4199], [123.7626, 24.4304], [123.7807, 24.4365], [123.8105, 24.4095], [123.8148, 24.3909], [123.8315, 24.4064], [123.8596, 24.3942], [123.8718, 24.4029], [123.8855, 24.383], [123.9056, 24.3836], [123.9206, 24.3659], [123.9378, 24.3643], [123.926, 24.3434], [123.9257, 24.3145], [123.9102, 24.3243], [123.8981, 24.3014], [123.9028, 24.2746], [123.8811, 24.2798], [123.8789, 24.2555], [123.8718, 24.2544]]], [[[123.7171, 24.3644], [123.7109, 24.3759], [123.7269, 24.3766], [123.7171, 24.3644]]], [[[123.7394, 24.3449], [123.7225, 24.3637], [123.7413, 24.3538], [123.7394, 24.3449]]], [[[123.9888, 24.3229], [123.9519, 24.3353], [123.9672, 24.3376], [123.9621, 24.3489], [123.9774, 24.3527], [124.002, 24.3271], [123.9888, 24.3229]]], [[[124.0805, 24.3097], [124.073, 24.3233], [124.0814, 24.3381], [124.0979, 24.3181], [124.0805, 24.3097]]], [[[124.0107, 24.2199], [124.0028, 24.2201], [123.9914, 24.2368], [123.9968, 24.2529], [124.0272, 24.2437], [124.0271, 24.2319], [124.0107, 24.2199]]], [[[123.9352, 24.2241], [123.9415, 24.2369], [123.953, 24.2377], [123.9352, 24.2241]]], [[[123.927, 24.2087], [123.9197, 24.2158], [123.932, 24.2206], [123.927, 24.2087]]], [[[123.7908, 24.0447], [123.7597, 24.0474], [123.7525, 24.0599], [123.7853, 24.0706], [123.8084, 24.0623], [123.8037, 24.049], [123.7908, 24.0447]]]]}}, {"type": "Feature", "properties": {"code": "06", "name": "山形県"}, "geometry": {"type": "MultiPolygon", "coordinates": [[[[139.5441, 39.1819], [139.5393, 39.1958], [139.5498, 39.2085], [139.5641, 39.1975], [139.5441, 39.1819]]], [[[139.8698, 39.1186], [139.9483, 39.1176], [139.9947, 39.1059], [140.0079, 39.1234], [140.0626, 39.1339], [140.0627, 39.0933], [140.115, 39.0777], [140.1183, 39.0687], [140.138, 39.0658], [140.1509, 39.0495], [140.1963, 39.0615], [140.2045, 39.0516], [140.2019, 39.0353], [140.2283, 39.0275], [140.2608, 39.0356], [140.3071, 39.0148], [140.3294, 39.0352], [140.3625, 39.026], [140.3765, 38.9948], [140.4322, 38.9923], [140.4463, 38.9803], [140.4538, 38.9585], [140.4497, 38.9459], [140.4623, 38.9199], [140.4827, 38.9169], [140.5024, 38.8952], [140.5368, 38.9009], [140.5477, 38.8899], [140.5411, 38.8618], [140.5912, 38.8353], [140.6053, 38.7833], [140.638, 38.7775], [140.6463, 38.7688], [140.6074, 38.7207], [140.6071, 38.7037], [140.6238, 38.6997], [140.6243, 38.6918], [140.6007, 38.6399], [140.5884, 38.6343], [140.5467, 38.6501], [140.538, 38.6341], [140.5611, 38.609], [140.559, 38.5979], [140.5699, 38.5939], [140.5789, 38.5685], [140.5553, 38.5425], [140.5565, 38.5301], [140.5718, 38.5255], [140.564, 38.5109], [140.5739, 38.4958], [140.6045, 38.4823], [140.6073, 38.4606], [140.6201, 38.4555], [140.5973, 38.4372], [140.5807, 38.4376], [140.5715, 38.4133], [140.5783, 38.3931], [140.5268, 38.3581], [140.5218, 38.35], [140.5293, 38.3208], [140.5199, 38.3098], [140.5045, 38.3143], [140.4927, 38.302], [140.4968, 38.2831], [140.4714, 38.2697], [140.4678, 38.2325], [140.4795, 38.1807], [140.4667, 38.1565], [140.4445, 38.1419], [140.4459, 38.1301], [140.4242, 38.1188], [140.4156, 38.0792], [140.4021, 38.0705], [140.3826, 38.0713], [140.3726, 38.0573], [140.2772, 38.0565], [140.2834, 38.0499], [140.2763, 38.0287], [140.2896, 38.0073], [140.2765, 37.9925], [140.2801, 37.9769], [140.2724, 37.9689], [140.2811, 37.9418], [140.266, 37.9131], [140.2701, 37.8672], [140.2627, 37.8355], [140.2988, 37.809], [140.2373, 37.7467], [140.167, 37.7573], [140.1471, 37.7528], [140.1406, 37.7389], [140.1175, 37.7346], [140.0999, 37.7405], [140.0869, 37.7582], [140.0692, 37.7581], [140.0494, 37.7793], [140.0354, 37.7676], [139.9927, 37.7589], [139.9782, 37.7665], [139.9599, 37.797], [139.9585, 37.8141], [139.9374, 37.8285], [139.9284, 37.8279], [139.9256, 37.8139], [139.8859, 37.8099], [139.8585, 37.827], [139.8102, 37.8035], [139.7836, 37.8319], [139.7422, 37.8207], [139.7164, 37.8538], [139.6811, 37.8472], [139.6294, 37.894], [139.6249, 37.9187], [139.6425, 37.9463], [139.6396, 37.9845], [139.6437, 37.9948], [139.6537, 37.9965], [139.6555, 38.0343], [139.6928, 38.0572], [139.6864, 38.0649], [139.6914, 38.0746], [139.6723, 38.0771], [139.6829, 38.1083], [139.6933, 38.1155], [139.6907, 38.1547], [139.6826, 38.1699], [139.6992, 38.2027], [139.7215, 38.2058], [139.7559, 38.1931], [139.7624, 38.1989], [139.7867, 38.1929], [139.8605, 38.2317], [139.8765, 38.2611], [139.9001, 38.2761], [139.8988, 38.2925], [139.8807, 38.3031], [139.8489, 38.343], [139.8286, 38.3448], [139.817, 38.3559], [139.7912, 38.3492], [139.7531, 38.3597], [139.7326, 38.3719], [139.7225, 38.3943], [139.7124, 38.3871], [139.7061, 38.3919], [139.7056, 38.4075], [139.7179, 38.4246], [139.7125, 38.4797], [139.7245, 38.4848], [139.7219, 38.4966], [139.6933, 38.5071], [139.6379, 38.5119], [139.6218, 38.5257], [139.5988, 38.5234], [139.5403, 38.5584], [139.5486, 38.5611], [139.6149, 38.6747], [139.6272, 38.6878], [139.6478, 38.6936], [139.6626, 38.7133], [139.6982, 38.7302], [139.7079, 38.7495], [139.7226, 38.7633], [139.7344, 38.7631], [139.7617, 38.8005], [139.8175, 38.9425], [139.8117, 38.9451], [139.8354, 38.9565], [139.8348, 38.9639], [139.819, 38.9609], [139.8404, 38.9855], [139.8718, 39.0687], [139.879, 39.0978], [139.8698, 39.1186]]]]}}, {"type": "Feature", "properties": {"code": "30", "name": "和歌山県"}, "geometry": {"type": "MultiPolygon", "coordinates": [[[[135.5287, 34.3513], [135.5795, 34.3764], [135.6507, 34.3832], [135.6621, 34.3569], [135.6594, 34.33], [135.6676, 34.3254], [135.673, 34.2807], [135.6824, 34.27], [135.6925, 34.2778], [135.7083, 34.2713], [135.729, 34.2338], [135.7257, 34.2205], [135.7073, 34.2082], [135.6755, 34.2233], [135.6475, 34.2187], [135.6343, 34.2037], [135.6445, 34.1884], [135.6203, 34.1671], [135.6218, 34.1596], [135.5905, 34.149], [135.5766, 34.115], [135.5459, 34.0978], [135.5488, 34.0865], [135.5396, 34.075], [135.5667, 34.0573], [135.58, 34.0569], [135.5989, 34.0315], [135.5911, 34.0191], [135.5955, 34.0115], [135.6218, 34.0094], [135.6356, 33.9908], [135.6362, 33.9503], [135.6173, 33.9543], [135.6093, 33.9125], [135.5996, 33.9081], [135.6069, 33.8991], [135.6218, 33.8981], [135.625, 33.8829], [135.6183, 33.8719], [135.6475, 33.8768], [135.6612, 33.8978], [135.6866, 33.9039], [135.728, 33.9011], [135.7557, 33.8851], [135.8013, 33.8957], [135.8082, 33.9065], [135.8479, 33.8956], [135.8576, 33.8729], [135.8563, 33.818], [135.89, 33.8019], [135.9071, 33.7667], [135.9302, 33.7539], [135.937, 33.7575], [135.9412, 33.7351], [135.9762, 33.7233], [135.9712, 33.7323], [135.9835, 33.736], [136.0113, 33.7235], [135.9885, 33.6848], [135.974, 33.6785], [135.9741, 33.6618], [135.9886, 33.6605], [135.9791, 33.6489], [135.975, 33.6572], [135.9358, 33.6402], [135.952, 33.6325], [135.9517, 33.6192], [135.95, 33.6299], [135.9445, 33.6278], [135.9447, 33.6171], [135.9358, 33.6178], [135.9258, 33.6046], [135.9335, 33.5931], [135.9435, 33.6041], [135.9451, 33.5907], [135.9609, 33.595], [135.9576, 33.5806], [135.9227, 33.5759], [135.89, 33.5559], [135.9238, 33.5593], [135.8779, 33.5283], [135.8718, 33.5331], [135.843, 33.5135], [135.8231, 33.5135], [135.7982, 33.4989], [135.782, 33.4698], [135.7978, 33.4451], [135.7907, 33.4482], [135.7873, 33.4378], [135.7699, 33.4467], [135.7623, 33.4333], [135.7524, 33.4377], [135.7509, 33.4509], [135.7759, 33.4651], [135.7744, 33.477], [135.7663, 33.4729], [135.7594, 33.4841], [135.7391, 33.4766], [135.7366, 33.4857], [135.7244, 33.4778], [135.7147, 33.485], [135.708, 33.4781], [135.7005, 33.4934], [135.6637, 33.4905], [135.6302, 33.5086], [135.6271, 33.5025], [135.5911, 33.5073], [135.5924, 33.498], [135.5707, 33.5166], [135.511, 33.5252], [135.5141, 33.5299], [135.4898, 33.5407], [135.4876, 33.5503], [135.4808, 33.5448], [135.4764, 33.5511], [135.4463, 33.5491], [135.4472, 33.5641], [135.4202, 33.5701], [135.4169, 33.5806], [135.4099, 33.5756], [135.4035, 33.5877], [135.3918, 33.5907], [135.3884, 33.6085], [135.3964, 33.6145], [135.3896, 33.6209], [135.3988, 33.6317], [135.391, 33.6323], [135.393, 33.6393], [135.3807, 33.6511], [135.3518, 33.6555], [135.33, 33.6701], [135.3437, 33.6822], [135.3351, 33.6945], [135.3547, 33.6951], [135.3596, 33.677], [135.3659, 33.6858], [135.3773, 33.6833], [135.3722, 33.6896], [135.3827, 33.6913], [135.3774, 33.6937], [135.3832, 33.7029], [135.3854, 33.6936], [135.3955, 33.7031], [135.3998, 33.7203], [135.3829, 33.7171], [135.3718, 33.7314], [135.3539, 33.7262], [135.354, 33.744], [135.3281, 33.7415], [135.3204, 33.7645], [135.311, 33.7693], [135.2968, 33.7643], [135.2719, 33.7818], [135.2344, 33.7813], [135.235, 33.7983], [135.2166, 33.8141], [135.2078, 33.8087], [135.186, 33.8191], [135.1625, 33.8453], [135.1581, 33.8676], [135.1438, 33.8834], [135.1133, 33.8933], [135.081, 33.8907], [135.0572, 33.8797], [135.0644, 33.8945], [135.058, 33.9025], [135.0779, 33.9035], [135.0832, 33.9111], [135.0816, 33.9193], [135.0758, 33.9168], [135.0793, 33.9241], [135.0652, 33.9263], [135.068, 33.9309], [135.1146, 33.9597], [135.1007, 33.9663], [135.0806, 33.956], [135.074, 33.9589], [135.0852, 33.9685], [135.0675, 33.9761], [135.0866, 33.9792], [135.0923, 33.9927], [135.111, 33.9897], [135.1192, 33.9991], [135.15, 34.0065], [135.1388, 34.0188], [135.1734, 34.0319], [135.1591, 34.0382], [135.1589, 34.0467], [135.1463, 34.045], [135.1358, 34.0643], [135.0789, 34.0734], [135.0904, 34.0736], [135.0973, 34.094], [135.1112, 34.0979], [135.1153, 34.1199], [135.1445, 34.1112], [135.1309, 34.1215], [135.1322, 34.1338], [135.1218, 34.1297], [135.1243, 34.1359], [135.1686, 34.1334], [135.2089, 34.1518], [135.1838, 34.1483], [135.1926, 34.1581], [135.1825, 34.1587], [135.1795, 34.1865], [135.1718, 34.1853], [135.1769, 34.1754], [135.1667, 34.1869], [135.1417, 34.1871], [135.1366, 34.201], [135.1487, 34.1944], [135.1496, 34.2001], [135.138, 34.2253], [135.1066, 34.2283], [135.1, 34.2357], [135.1322, 34.2297], [135.1203, 34.2431], [135.088, 34.2607], [135.0611, 34.2635], [135.073, 34.2769], [135.0675, 34.2912], [135.0735, 34.3041], [135.1031, 34.3104], [135.0965, 34.2959], [135.1112, 34.272], [135.1325, 34.2725], [135.148, 34.2835], [135.1531, 34.2742], [135.2048, 34.2888], [135.2076, 34.3081], [135.2251, 34.3009], [135.2468, 34.3131], [135.2822, 34.3178], [135.2931, 34.2993], [135.3035, 34.3127], [135.33, 34.3167], [135.3382, 34.3351], [135.3971, 34.3305], [135.4088, 34.3419], [135.4661, 34.3479], [135.485, 34.3627], [135.5031, 34.3464], [135.503, 34.3365], [135.5287, 34.3513]]], [[[135.0446, 34.2922], [135.0336, 34.2953], [135.0594, 34.2979], [135.0446, 34.2922]]], [[[135.008, 34.2763], [134.9987, 34.2796], [135.0265, 34.2937], [135.008, 34.2763]]], [[[135.9153, 33.9725], [135.9268, 33.9811], [135.9412, 33.9752], [135.9755, 33.9867], [135.9902, 34.0032], [136.0066, 34.0071], [135.9951, 34.0002], [136.011, 33.9662], [135.9991, 33.9556], [135.987, 33.9679], [135.9766, 33.9664], [135.9686, 33.929], [135.9278, 33.9409], [135.9306, 33.9331], [135.9182, 33.9304], [135.9177, 33.9222], [135.9295, 33.9231], [135.9323, 33.9167], [135.901, 33.9243], [135.8934, 33.9481], [135.9153, 33.9725]]], [[[135.0962, 34.0027], [135.0928, 34.0078], [135.1018, 34.0048], [135.0962, 34.0027]]], [[[135.8804, 33.9091], [135.8879, 33.8947], [135.8838, 33.8864], [135.8918, 33.8813], [135.8923, 33.8936], [135.9013, 33.8835], [135.8955, 33.8688], [135.8812, 33.8723], [135.8744, 33.8615], [135.8823, 33.8787], [135.8607, 33.887], [135.8591, 33.8981], [135.8661, 33.9211], [135.8804, 33.917], [135.8804, 33.9091]]], [[[135.1471, 33.8568], [135.1443, 33.8614], [135.1548, 33.8619], [135.1471, 33.8568]]], [[[135.8318, 33.4491], [135.8221, 33.4517], [135.8216, 33.4612], [135.7983, 33.4626], [135.8016, 33.4732], [135.8109, 33.4811], [135.8625, 33.4725], [135.8534, 33.4601], [135.8295, 33.4563], [135.8318, 33.4491]]], [[[135.817, 33.4459], [135.813, 33.4508], [135.8195, 33.4523], [135.817, 33.4459]]]]}}, {"type": "Feature", "properties": {"code": "42", "name": "長崎県"}, "geometry": {"type": "MultiPolygon", "coordinates": [[[[129.3831, 34.4243], [129.3699, 34.4391], [129.3638, 34.4341], [129.3654, 34.4177], [129.3679, 34.4278], [129.3737, 34.426], [129.3786, 34.4122], [129.351, 34.3867], [129.3855, 34.397], [129.383, 34.4034], [129.3968, 34.4118], [129.3867, 34.3892], [129.3906, 34.3835], [129.3736, 34.3895], [129.3821, 34.3721], [129.3718, 34.3697], [129.3835, 34.3715], [129.393, 34.3618], [129.3874, 34.3507], [129.3644, 34.3449], [129.3866, 34.3465], [129.394, 34.3351], [129.3892, 34.329], [129.3862, 34.3365], [129.3646, 34.3387], [129.3707, 34.3325], [129.3646, 34.3305], [129.3762, 34.327], [129.3717, 34.3199], [129.3777, 34.3119], [129.3695, 34.3219], [129.3683, 34.3159], [129.3621, 34.32], [129.3698, 34.3111], [129.3637, 34.3135], [129.3648, 34.306], [129.3517, 34.2958], [129.355, 34.3085], [129.3439, 34.2998], [129.3398, 34.3106], [129.334, 34.3061], [129.3328, 34.3183], [129.3387, 34.3237], [129.3522, 34.3193], [129.3426, 34.3269], [129.3495, 34.3365], [129.3423, 34.3365], [129.3579, 34.338], [129.3402, 34.3563], [129.3542, 34.3743], [129.3475, 34.3771], [129.3331, 34.3634], [129.3369, 34.3807], [129.3282, 34.3645], [129.3219, 34.3695], [129.3246, 34.3519], [129.32, 34.3568], [129.3077, 34.3369], [129.3103, 34.3458], [129.3024, 34.3412], [129.2998, 34.3509], [129.3112, 34.3604], [129.3055, 34.3547], [129.2981, 34.3702], [129.3129, 34.3835], [129.3101, 34.3886], [129.2953, 34.3837], [129.2931, 34.3754], [129.2868, 34.3873], [129.2822, 34.3831], [129.2917, 34.3728], [129.2785, 34.3631], [129.2971, 34.3541], [129.2877, 34.3556], [129.2871, 34.3393], [129.2795, 34.3544], [129.2827, 34.3444], [129.2712, 34.3573], [129.2532, 34.35], [129.2344, 34.3527], [129.2268, 34.3617], [129.2424, 34.3692], [129.2495, 34.355], [129.2524, 34.3665], [129.2754, 34.3728], [129.2743, 34.3856], [129.268, 34.3853], [129.2712, 34.4157], [129.2837, 34.4156], [129.2707, 34.4244], [129.2799, 34.4273], [129.2736, 34.4404], [129.2842, 34.4437], [129.2928, 34.4333], [129.2913, 34.445], [129.3013, 34.4552], [129.3102, 34.4499], [129.3051, 34.4555], [129.3127, 34.4655], [129.2818, 34.4481], [129.2734, 34.4677], [129.2793, 34.4808], [129.2912, 34.4857], [129.3068, 34.5263], [129.3133, 34.5149], [129.3192, 34.5375], [129.326, 34.5283], [129.3436, 34.5333], [129.3286, 34.5328], [129.3257, 34.5512], [129.3138, 34.549], [129.3049, 34.5679], [129.2954, 34.5568], [129.2857, 34.56], [129.304, 34.5887], [129.3203, 34.6487], [129.332, 34.6495], [129.3319, 34.6369], [129.3514, 34.6496], [129.3631, 34.6385], [129.3729, 34.6467], [129.3957, 34.6391], [129.3825, 34.6489], [129.3935, 34.6514], [129.4058, 34.6767], [129.4328, 34.6727], [129.4287, 34.6809], [129.4169, 34.6791], [129.4149, 34.6921], [129.4217, 34.6979], [129.42, 34.693], [129.4387, 34.6935], [129.448, 34.7066], [129.4481, 34.6963], [129.4566, 34.7017], [129.4565, 34.6925], [129.4626, 34.7009], [129.4708, 34.6895], [129.4801, 34.6933], [129.47, 34.6843], [129.4741, 34.6729], [129.4926, 34.6835], [129.4833, 34.6682], [129.4963, 34.6673], [129.4802, 34.6527], [129.4711, 34.6589], [129.4645, 34.654], [129.4801, 34.6409], [129.49, 34.6453], [129.4831, 34.6305], [129.4705, 34.628], [129.4783, 34.6177], [129.4606, 34.614], [129.4464, 34.6312], [129.4414, 34.6253], [129.4552, 34.6125], [129.4369, 34.6239], [129.4324, 34.6177], [129.4316, 34.6084], [129.4473, 34.6143], [129.4533, 34.6028], [129.4691, 34.6079], [129.4776, 34.5949], [129.4713, 34.5865], [129.4748, 34.5704], [129.4684, 34.5677], [129.4725, 34.5562], [129.4677, 34.5502], [129.4565, 34.5544], [129.4603, 34.5399], [129.4439, 34.5296], [129.4501, 34.524], [129.437, 34.5165], [129.4362, 34.5078], [129.3969, 34.481], [129.3777, 34.4517], [129.3684, 34.453], [129.3827, 34.4392], [129.3831, 34.4243]]], [[[129.4063, 34.3505], [129.4027, 34.3604], [129.4109, 34.363], [129.4063, 34.3505]]], [[[129.3966, 34.3343], [129.3884, 34.3411], [129.3958, 34.3599], [129.3983, 34.3498], [129.4057, 34.3497], [129.3984, 34.3421], [129.4029, 34.3451], [129.4058, 34.3365], [129.3966, 34.3343]]], [[[129.3328, 34.3043], [129.3312, 34.3105], [129.3197, 34.3061], [129.3277, 34.3126], [129.3193, 34.3081], [129.3252, 34.3177], [129.3158, 34.3129], [129.3145, 34.3243], [129.3005, 34.3219], [129.2994, 34.3301], [129.2906, 34.3229], [129.2966, 34.3365], [129.3174, 34.3259], [129.325, 34.3361], [129.3328, 34.3043]]], [[[129.2134, 34.0839], [129.212, 34.1132], [129.2028, 34.1039], [129.1819, 34.1181], [129.1663, 34.1032], [129.1806, 34.2259], [129.1905, 34.2347], [129.1842, 34.2465], [129.199, 34.2735], [129.1939, 34.2738], [129.1951, 34.3123], [129.2035, 34.331], [129.2194, 34.3313], [129.2267, 34.3224], [129.2216, 34.2935], [129.2308, 34.2919], [129.2555, 34.3113], [129.2599, 34.3079], [129.2509, 34.2987], [129.2591, 34.3003], [129.2602, 34.2907], [129.2663, 34.3051], [129.2792, 34.3059], [129.2897, 34.2769], [129.2843, 34.29], [129.2911, 34.2911], [129.283, 34.2977], [129.288, 34.3045], [129.2794, 34.3135], [129.2738, 34.3098], [129.266, 34.3279], [129.2671, 34.3217], [129.2766, 34.3262], [129.2815, 34.3157], [129.2855, 34.3207], [129.2864, 34.3135], [129.2937, 34.3197], [129.2963, 34.3007], [129.3013, 34.3093], [129.3087, 34.3077], [129.2998, 34.2966], [129.3046, 34.2772], [129.308, 34.2887], [129.3169, 34.2769], [129.3107, 34.2841], [129.3185, 34.2832], [129.3162, 34.2971], [129.3327, 34.2976], [129.3334, 34.2899], [129.3387, 34.2995], [129.3433, 34.2919], [129.3472, 34.2972], [129.352, 34.2775], [129.3285, 34.2759], [129.3252, 34.2622], [129.316, 34.2623], [129.3229, 34.2587], [129.3172, 34.2315], [129.3248, 34.226], [129.3052, 34.2159], [129.298, 34.2227], [129.2982, 34.1941], [129.2873, 34.1999], [129.2831, 34.1876], [129.2961, 34.1867], [129.2879, 34.1757], [129.2956, 34.1738], [129.2945, 34.1607], [129.2816, 34.1642], [129.2841, 34.1453], [129.2735, 34.1459], [129.281, 34.1303], [129.2532, 34.1261], [129.2615, 34.1221], [129.2598, 34.1149], [129.2383, 34.1021], [129.2294, 34.1116], [129.2289, 34.0957], [129.2185, 34.0963], [129.2134, 34.0839]]], [[[129.3956, 34.3117], [129.387, 34.3204], [129.4112, 34.3194], [129.3956, 34.3117]]], [[[129.3592, 34.2712], [129.3474, 34.2847], [129.3504, 34.2942], [129.369, 34.3025], [129.375, 34.2921], [129.376, 34.3036], [129.3924, 34.3001], [129.3592, 34.2712]]], [[[129.6885, 33.8613], [129.6818, 33.8704], [129.6888, 33.8704], [129.6885, 33.8613]]], [[[129.6771, 33.8625], [129.6725, 33.8687], [129.6805, 33.8702], [129.6771, 33.8625]]], [[[129.7159, 33.7044], [129.6908, 33.7133], [129.6947, 33.7268], [129.6901, 33.7213], [129.6768, 33.7279], [129.69, 33.7453], [129.6829, 33.7431], [129.6729, 33.7593], [129.6565, 33.7385], [129.6464, 33.7519], [129.6539, 33.7615], [129.6427, 33.7675], [129.6489, 33.7737], [129.685, 33.7596], [129.6754, 33.7781], [129.6557, 33.7798], [129.655, 33.7895], [129.66, 33.7881], [129.6505, 33.8001], [129.6663, 33.7998], [129.6494, 33.8065], [129.6599, 33.8133], [129.6749, 33.7969], [129.6765, 33.805], [129.689, 33.8049], [129.6721, 33.8192], [129.6711, 33.8374], [129.688, 33.8573], [129.6919, 33.8515], [129.7039, 33.8548], [129.6956, 33.8574], [129.7021, 33.8628], [129.7242, 33.8501], [129.7717, 33.8428], [129.7631, 33.8114], [129.7438, 33.8083], [129.7855, 33.7876], [129.7983, 33.7884], [129.7951, 33.7795], [129.7695, 33.7851], [129.7572, 33.7758], [129.765, 33.7671], [129.7772, 33.7729], [129.7971, 33.7625], [129.7966, 33.7548], [129.7871, 33.7532], [129.7876, 33.7415], [129.7316, 33.7375], [129.7328, 33.7283], [129.7159, 33.7044]]], [[[129.6305, 33.7323], [129.6284, 33.7439], [129.6423, 33.7423], [129.6305, 33.7323]]], [[[129.6275, 33.7227], [129.6266, 33.7296], [129.6357, 33.7273], [129.6275, 33.7227]]], [[[129.647, 33.7181], [129.6431, 33.723], [129.6517, 33.7261], [129.647, 33.7181]]], [[[129.5528, 33.4693], [129.5348, 33.4746], [129.528, 33.4863], [129.5122, 33.4807], [129.5206, 33.4717], [129.4968, 33.4727], [129.5317, 33.5032], [129.5545, 33.5099], [129.5517, 33.4905], [129.5657, 33.4914], [129.5635, 33.501], [129.5823, 33.4961], [129.5749, 33.4823], [129.5563, 33.4773], [129.5528, 33.4693]]], [[[129.7322, 33.4057], [129.7187, 33.4199], [129.7432, 33.4289], [129.7386, 33.4365], [129.7583, 33.4557], [129.7502, 33.4594], [129.7556, 33.4691], [129.7732, 33.4529], [129.7662, 33.4407], [129.792, 33.4304], [129.763, 33.4333], [129.7594, 33.4247], [129.7561, 33.4287], [129.7573, 33.4153], [129.7468, 33.4214], [129.7493, 33.4119], [129.7322, 33.4057]]], [[[129.7266, 33.4514], [129.7128, 33.4604], [129.7238, 33.4607], [129.7266, 33.4514]]], [[[129.5086, 33.4242], [129.5057, 33.4346], [129.5215, 33.4411], [129.5294, 33.4543], [129.5432, 33.442], [129.5086, 33.4242]]], [[[129.4156, 33.351], [129.3967, 33.3604], [129.4213, 33.4124], [129.4205, 33.4324], [129.4328, 33.4422], [129.4274, 33.4094], [129.4356, 33.3968], [129.4291, 33.3789], [129.4342, 33.3549], [129.4156, 33.351]]], [[[129.684, 33.4059], [129.6825, 33.4231], [129.6883, 33.4151], [129.684, 33.4059]]], [[[129.8122, 33.3485], [129.8032, 33.3659], [129.8125, 33.3665], [129.8069, 33.3921], [129.8129, 33.4031], [129.7959, 33.4138], [129.8291, 33.4068], [129.8359, 33.3818], [129.8414, 33.3873], [129.8586, 33.3786], [129.8469, 33.3679], [129.8367, 33.3711], [129.8416, 33.3659], [129.8361, 33.3629], [129.8184, 33.3657], [129.8122, 33.3485]]], [[[129.3748, 33.169], [129.3476, 33.1821], [129.3579, 33.1919], [129.3508, 33.2012], [129.3548, 33.207], [129.3688, 33.1925], [129.3657, 33.1869], [129.399, 33.1799], [129.406, 33.1971], [129.381, 33.2067], [129.3815, 33.2264], [129.407, 33.2396], [129.4239, 33.2246], [129.4193, 33.2392], [129.4271, 33.2325], [129.4347, 33.2372], [129.4229, 33.2405], [129.4267, 33.2469], [129.4104, 33.2484], [129.4047, 33.2545], [129.4112, 33.2604], [129.4026, 33.2653], [129.4058, 33.2781], [129.4257, 33.2801], [129.423, 33.2903], [129.4459, 33.2913], [129.4318, 33.314], [129.4422, 33.3303], [129.4363, 33.3471], [129.4987, 33.3558], [129.51, 33.3813], [129.5212, 33.3757], [129.5129, 33.3567], [129.5239, 33.3549], [129.5306, 33.3671], [129.5236, 33.3799], [129.5398, 33.3729], [129.5506, 33.3805], [129.5415, 33.3905], [129.5222, 33.3871], [129.5171, 33.3907], [129.526, 33.3955], [129.5174, 33.3995], [129.5223, 33.4061], [129.5316, 33.4011], [129.5529, 33.4093], [129.5599, 33.3926], [129.5533, 33.3904], [129.5615, 33.3823], [129.5522, 33.3689], [129.5689, 33.359], [129.5449, 33.3487], [129.5438, 33.331], [129.5135, 33.3308], [129.5311, 33.3123], [129.5261, 33.3036], [129.5003, 33.3003], [129.5115, 33.2901], [129.5048, 33.2859], [129.4848, 33.2846], [129.5037, 33.2713], [129.5007, 33.2597], [129.4333, 33.1909], [129.3748, 33.169]]], [[[129.7797, 33.393], [129.7746, 33.4009], [129.7843, 33.3971], [129.7797, 33.393]]], [[[129.6322, 33.3623], [129.6305, 33.3705], [129.6574, 33.3685], [129.6715, 33.3995], [129.6844, 33.385], [129.6744, 33.3851], [129.6675, 33.3627], [129.6776, 33.353], [129.6961, 33.3613], [129.693, 33.3511], [129.7146, 33.3477], [129.7444, 33.3671], [129.7699, 33.3545], [129.7747, 33.3711], [129.79, 33.3693], [129.7899, 33.3403], [129.7755, 33.3322], [129.7588, 33.2903], [129.8134, 33.2421], [129.8066, 33.2101], [129.818, 33.1835], [129.8372, 33.1732], [129.8517, 33.1767], [129.8877, 33.1563], [129.9425, 33.1643], [129.9545, 33.1166], [129.9504, 33.1099], [129.9256, 33.1075], [129.9215, 33.0904], [129.9325, 33.088], [129.9389, 33.0727], [129.9825, 33.0564], [129.9935, 33.0477], [130.001, 33.0254], [130.0281, 33.0185], [130.061, 32.986], [130.0752, 32.9873], [130.0857, 32.9748], [130.202, 32.9582], [130.2004, 32.9297], [130.1854, 32.9235], [130.1834, 32.9142], [130.1651, 32.9141], [130.1527, 32.9001], [130.1345, 32.9001], [130.1163, 32.8823], [130.1094, 32.886], [130.0892, 32.8673], [130.0915, 32.8604], [130.119, 32.8739], [130.1384, 32.8536], [130.1277, 32.8413], [130.1425, 32.8504], [130.1575, 32.8408], [130.1856, 32.8403], [130.2414, 32.8749], [130.2916, 32.8788], [130.3064, 32.8775], [130.3385, 32.8561], [130.3773, 32.7782], [130.3682, 32.7643], [130.374, 32.7389], [130.3447, 32.7085], [130.3564, 32.6953], [130.3492, 32.6771], [130.301, 32.6515], [130.2589, 32.6525], [130.2651, 32.6482], [130.2542, 32.6394], [130.2585, 32.6345], [130.2399, 32.628], [130.2318, 32.6122], [130.2072, 32.6043], [130.1876, 32.6112], [130.197, 32.6019], [130.1678, 32.5908], [130.174, 32.6071], [130.1665, 32.6213], [130.13, 32.6392], [130.1322, 32.6783], [130.126, 32.6891], [130.1412, 32.6781], [130.1572, 32.6853], [130.1587, 32.6936], [130.1707, 32.6928], [130.1702, 32.7015], [130.2008, 32.7206], [130.2068, 32.7532], [130.184, 32.7627], [130.1928, 32.7817], [130.1793, 32.7939], [130.143, 32.7961], [130.124, 32.7879], [130.0835, 32.7945], [130.0224, 32.7585], [129.9953, 32.7618], [129.9907, 32.7535], [129.9795, 32.7633], [129.9486, 32.7604], [129.9551, 32.7415], [129.9331, 32.7174], [129.9297, 32.7231], [129.9239, 32.7077], [129.9129, 32.7123], [129.9138, 32.6947], [129.8925, 32.6603], [129.8712, 32.6447], [129.836, 32.6393], [129.8315, 32.6159], [129.8046, 32.5921], [129.7789, 32.5828], [129.781, 32.5719], [129.765, 32.5828], [129.7388, 32.5692], [129.735, 32.58], [129.7486, 32.5919], [129.7512, 32.5815], [129.7534, 32.5924], [129.7777, 32.6029], [129.8034, 32.6485], [129.8162, 32.6552], [129.8188, 32.6845], [129.8125, 32.6877], [129.8027, 32.6776], [129.7896, 32.6884], [129.7926, 32.6941], [129.8031, 32.6908], [129.8167, 32.7063], [129.8279, 32.707], [129.8194, 32.6955], [129.8274, 32.6866], [129.836, 32.6885], [129.8331, 32.6977], [129.8444, 32.6978], [129.842, 32.7055], [129.86, 32.7218], [129.8699, 32.7505], [129.8451, 32.7206], [129.8397, 32.7283], [129.8351, 32.7203], [129.8186, 32.7199], [129.8301, 32.7331], [129.8286, 32.7436], [129.8048, 32.7438], [129.8129, 32.7587], [129.8063, 32.7607], [129.8072, 32.7543], [129.7916, 32.7652], [129.801, 32.7763], [129.7656, 32.7997], [129.774, 32.8183], [129.7459, 32.8224], [129.7369, 32.8054], [129.7153, 32.8339], [129.7019, 32.8309], [129.6772, 32.8665], [129.678, 32.8823], [129.6511, 32.9311], [129.642, 32.9323], [129.6387, 32.9185], [129.6338, 32.9254], [129.6333, 32.9365], [129.6399, 32.9345], [129.6374, 32.9471], [129.6241, 32.9523], [129.6332, 32.9509], [129.6264, 32.9563], [129.6317, 32.9653], [129.6267, 32.9789], [129.6417, 32.9945], [129.651, 32.9866], [129.6503, 32.9989], [129.661, 33.0004], [129.6477, 33.0172], [129.6462, 33.0357], [129.6575, 33.0395], [129.6649, 33.0635], [129.6785, 33.0623], [129.6589, 33.0698], [129.6777, 33.0787], [129.661, 33.0759], [129.6781, 33.0865], [129.6758, 33.0982], [129.6989, 33.0911], [129.7053, 33.0792], [129.7086, 33.088], [129.7208, 33.0782], [129.7133, 33.0715], [129.7281, 33.0753], [129.735, 33.0613], [129.7233, 33.0529], [129.7297, 33.0511], [129.7261, 33.0466], [129.7487, 33.0601], [129.7609, 33.0493], [129.7322, 33.0169], [129.7375, 32.9889], [129.7505, 32.9999], [129.7655, 32.9989], [129.7511, 33.0032], [129.7629, 33.0211], [129.785, 33.0055], [129.8001, 33.0076], [129.8141, 32.9951], [129.8106, 32.9843], [129.8203, 32.9841], [129.8227, 32.9717], [129.8059, 32.9619], [129.8171, 32.9454], [129.8081, 32.9167], [129.7971, 32.9225], [129.8001, 32.9387], [129.7942, 32.9323], [129.7977, 32.9539], [129.7849, 32.948], [129.7846, 32.9188], [129.7926, 32.9143], [129.783, 32.9086], [129.7883, 32.8996], [129.7921, 32.9083], [129.8057, 32.9089], [129.8041, 32.8957], [129.8095, 32.8951], [129.7999, 32.8799], [129.7949, 32.889], [129.7898, 32.8851], [129.7877, 32.8668], [129.7938, 32.8729], [129.7988, 32.8641], [129.8153, 32.8633], [129.8426, 32.8432], [129.8466, 32.8309], [129.8515, 32.8605], [129.8554, 32.8493], [129.8676, 32.8441], [129.8798, 32.8821], [129.8917, 32.868], [129.896, 32.8799], [129.9117, 32.8661], [129.9294, 32.8665], [129.9325, 32.8576], [129.9497, 32.863], [129.9571, 32.8465], [129.9736, 32.8497], [129.9779, 32.8361], [130.0035, 32.8381], [130.0077, 32.8463], [129.9943, 32.8485], [129.9657, 32.8725], [129.9633, 32.8842], [129.9702, 32.8889], [129.9492, 32.8947], [129.9547, 32.9048], [129.9301, 32.9233], [129.9272, 32.9687], [129.9493, 32.9854], [129.9448, 33.014], [129.921, 33.0338], [129.8718, 33.0648], [129.8536, 33.0623], [129.8426, 33.0475], [129.8376, 33.0552], [129.8314, 33.0395], [129.8197, 33.0378], [129.8213, 33.0557], [129.8362, 33.0597], [129.8224, 33.0677], [129.8192, 33.0611], [129.7985, 33.0661], [129.8065, 33.0767], [129.794, 33.0834], [129.7646, 33.0779], [129.7684, 33.1011], [129.757, 33.0819], [129.7804, 33.0613], [129.7633, 33.0573], [129.7639, 33.0504], [129.7556, 33.0545], [129.7557, 33.0657], [129.7422, 33.0617], [129.7387, 33.071], [129.7489, 33.0759], [129.7437, 33.0835], [129.7387, 33.0783], [129.7288, 33.0991], [129.7524, 33.1002], [129.7427, 33.1215], [129.7499, 33.1247], [129.7597, 33.1136], [129.7573, 33.1278], [129.7729, 33.1263], [129.7584, 33.1318], [129.7651, 33.143], [129.7847, 33.1427], [129.7671, 33.147], [129.7551, 33.1413], [129.7541, 33.1473], [129.7411, 33.1321], [129.7308, 33.1365], [129.731, 33.1243], [129.7201, 33.1369], [129.7264, 33.1617], [129.7007, 33.1631], [129.7094, 33.1249], [129.699, 33.1249], [129.7095, 33.1154], [129.67, 33.1183], [129.6648, 33.1015], [129.6577, 33.1323], [129.6662, 33.1238], [129.6797, 33.1259], [129.6784, 33.1329], [129.6974, 33.1423], [129.6816, 33.1456], [129.6725, 33.1673], [129.6669, 33.1621], [129.6478, 33.1734], [129.6358, 33.1671], [129.6426, 33.1803], [129.6569, 33.1858], [129.6451, 33.1951], [129.6488, 33.2077], [129.6363, 33.2251], [129.6381, 33.199], [129.6258, 33.1885], [129.6178, 33.1979], [129.6207, 33.2165], [129.6132, 33.203], [129.6005, 33.2055], [129.6056, 33.2213], [129.6138, 33.2241], [129.5951, 33.2089], [129.5962, 33.2176], [129.5845, 33.2105], [129.5855, 33.2175], [129.5655, 33.2217], [129.5544, 33.2158], [129.5597, 33.2257], [129.5531, 33.2311], [129.5676, 33.2295], [129.5654, 33.2451], [129.5558, 33.2454], [129.5746, 33.2636], [129.5692, 33.2707], [129.5731, 33.2672], [129.5796, 33.2797], [129.5782, 33.2663], [129.5902, 33.2764], [129.5822, 33.2895], [129.6059, 33.3119], [129.6215, 33.3102], [129.6073, 33.3148], [129.5842, 33.3058], [129.5613, 33.3244], [129.5619, 33.3327], [129.5749, 33.3321], [129.5766, 33.3622], [129.5679, 33.3771], [129.597, 33.3808], [129.5922, 33.3693], [129.6165, 33.376], [129.6245, 33.3617], [129.6322, 33.3623]]], [[[129.1179, 33.2456], [129.0965, 33.2483], [129.0828, 33.2647], [129.0726, 33.2591], [129.0697, 33.2702], [129.0911, 33.2875], [129.1206, 33.2886], [129.123, 33.3013], [129.1347, 33.3022], [129.1394, 33.2792], [129.155, 33.2723], [129.1265, 33.2602], [129.1318, 33.2532], [129.1179, 33.2456]]], [[[129.0701, 33.2445], [129.0589, 33.2501], [129.0652, 33.2625], [129.061, 33.2581], [129.0636, 33.2513], [129.0714, 33.2548], [129.0701, 33.2445]]], [[[129.1312, 33.2202], [129.1338, 33.2278], [129.1396, 33.2237], [129.1312, 33.2202]]], [[[129.0678, 33.2177], [129.0619, 33.2271], [129.0732, 33.2236], [129.0678, 33.2177]]], [[[129.0496, 33.1834], [129.0458, 33.1957], [129.0275, 33.1995], [129.038, 33.2111], [129.041, 33.2048], [129.0448, 33.2191], [129.055, 33.2197], [129.0549, 33.2105], [129.0665, 33.2067], [129.0957, 33.2157], [129.0936, 33.2067], [129.0799, 33.2086], [129.0822, 33.1956], [129.0936, 33.1916], [129.0881, 33.1859], [129.0662, 33.1949], [129.0496, 33.1834]]], [[[129.1315, 33.1592], [129.119, 33.1776], [129.1231, 33.1874], [129.1142, 33.2085], [129.122, 33.2137], [129.1413, 33.1943], [129.1418, 33.187], [129.1304, 33.1853], [129.1315, 33.1592]]], [[[129.0215, 33.1997], [129.0125, 33.2006], [129.0132, 33.2125], [129.0236, 33.213], [129.0215, 33.1997]]], [[[129.5965, 33.2015], [129.5979, 33.2079], [129.6018, 33.2023], [129.5965, 33.2015]]], [[[128.979, 33.1847], [128.9844, 33.1933], [128.9919, 33.1911], [128.979, 33.1847]]], [[[129.5813, 33.1611], [129.5895, 33.1699], [129.5782, 33.1894], [129.5912, 33.1925], [129.5935, 33.1856], [129.5887, 33.1905], [129.5854, 33.1827], [129.5906, 33.1636], [129.5813, 33.1611]]], [[[129.0224, 33.1795], [129.0135, 33.1801], [129.0209, 33.1847], [129.0224, 33.1795]]], [[[129.0225, 33.1648], [129.0172, 33.1651], [129.0215, 33.1744], [129.0225, 33.1648]]], [[[128.9034, 33.1665], [128.8939, 33.1671], [128.9014, 33.174], [128.9034, 33.1665]]], [[[129.0585, 32.8169], [129.0419, 32.8247], [129.0503, 32.8274], [129.0443, 32.8294], [129.0494, 32.8387], [129.0395, 32.8743], [129.0399, 32.8807], [129.0514, 32.8773], [129.0427, 32.885], [129.0559, 32.8787], [129.0585, 32.8882], [129.0433, 32.8925], [129.0376, 32.9077], [129.0528, 32.8996], [129.051, 32.9071], [129.0569, 32.9061], [129.0615, 32.8948], [129.0667, 32.9045], [129.053, 32.9091], [129.0505, 32.9209], [129.0367, 32.9255], [129.0257, 32.9189], [129.0314, 32.9326], [129.0391, 32.9299], [129.0338, 32.948], [129.0217, 32.932], [129.0125, 32.9487], [129.0024, 32.9399], [128.9922, 32.9457], [129.0029, 32.9453], [128.9961, 32.9497], [129.0058, 32.9522], [128.9963, 32.9534], [129.0018, 32.9578], [128.9955, 32.9652], [129.0112, 32.9764], [129.0162, 32.9648], [129.0176, 32.9763], [129.029, 32.9605], [129.0315, 32.9715], [129.0464, 32.9762], [129.0474, 32.9567], [129.0521, 32.9781], [129.0653, 32.9809], [129.0446, 32.9851], [129.0427, 33.0289], [129.0492, 33.0409], [129.0652, 33.0435], [129.0684, 33.0202], [129.0875, 33.0255], [129.0769, 33.0362], [129.0829, 33.0427], [129.0742, 33.0559], [129.0842, 33.0745], [129.1059, 33.0869], [129.1084, 33.1013], [129.0971, 33.1052], [129.1027, 33.1148], [129.0935, 33.1209], [129.1139, 33.1639], [129.102, 33.1243], [129.1194, 33.1076], [129.1075, 33.0649], [129.113, 33.0627], [129.0991, 33.0562], [129.1041, 33.0495], [129.0912, 33.0393], [129.095, 33.0024], [129.082, 32.9863], [129.1099, 32.9817], [129.1135, 32.9897], [129.118, 32.9845], [129.1299, 32.9905], [129.1336, 33.0022], [129.1552, 33.0002], [129.164, 33.0085], [129.1685, 33.0009], [129.1739, 33.007], [129.1824, 33.0021], [129.1739, 32.9905], [129.1816, 32.9741], [129.1477, 32.9553], [129.1385, 32.9371], [129.1301, 32.9448], [129.1168, 32.9388], [129.1008, 32.9613], [129.1067, 32.9251], [129.0838, 32.9264], [129.0941, 32.9191], [129.0888, 32.9102], [129.0943, 32.9031], [129.0838, 32.9038], [129.0811, 32.8965], [129.0914, 32.8905], [129.0814, 32.8814], [129.0938, 32.8816], [129.0981, 32.8599], [129.089, 32.8549], [129.0663, 32.8633], [129.0564, 32.8489], [129.0677, 32.8281], [129.0585, 32.8169]]], [[[129.6709, 33.1497], [129.6673, 33.1569], [129.6753, 33.1541], [129.6709, 33.1497]]], [[[129.5358, 33.1316], [129.503, 33.1409], [129.5433, 33.1518], [129.5493, 33.1365], [129.5358, 33.1316]]], [[[129.6792, 33.1354], [129.6712, 33.1411], [129.6776, 33.1428], [129.6792, 33.1354]]], [[[129.6087, 33.0227], [129.5878, 33.0269], [129.591, 33.0455], [129.602, 33.0568], [129.6087, 33.0534], [129.6072, 33.0652], [129.6351, 33.0623], [129.6199, 33.0508], [129.6307, 33.0553], [129.6224, 33.0419], [129.6286, 33.0425], [129.6268, 33.0369], [129.6133, 33.0342], [129.6087, 33.0227]]], [[[129.6326, 33.0267], [129.628, 33.0344], [129.6351, 33.0446], [129.6326, 33.0267]]], [[[129.5616, 33.0007], [129.5558, 33.0083], [129.5642, 33.0075], [129.5589, 33.0103], [129.5748, 33.0237], [129.5643, 33.0178], [129.5605, 33.0299], [129.5891, 33.0229], [129.5616, 33.0007]]], [[[129.2339, 32.9889], [129.2386, 32.9997], [129.221, 32.9995], [129.2468, 33.0229], [129.2475, 33.0139], [129.2595, 33.0209], [129.2542, 33.0004], [129.2339, 32.9889]]], [[[129.3452, 32.9975], [129.3417, 33.0149], [129.3535, 33.0206], [129.361, 33.0032], [129.3452, 32.9975]]], [[[129.1908, 33.0068], [129.1732, 33.0137], [129.1939, 33.0181], [129.1908, 33.0068]]], [[[129.0086, 33.0019], [129.0148, 33.0137], [129.031, 33.0136], [129.0086, 33.0019]]], [[[128.9826, 32.9443], [128.9767, 32.9584], [128.9946, 32.9628], [128.9826, 32.9443]]], [[[129.6109, 32.9162], [129.5924, 32.9339], [129.5976, 32.9468], [129.6236, 32.9351], [129.6246, 32.9275], [129.6109, 32.9162]]], [[[129.0259, 32.8443], [129.0119, 32.8527], [129.0212, 32.8547], [129.011, 32.8567], [129.0209, 32.8614], [129.0126, 32.8681], [129.0066, 32.86], [128.9957, 32.8694], [128.9767, 32.8592], [128.9802, 32.8714], [128.9657, 32.8715], [128.9739, 32.8775], [128.9603, 32.9033], [128.9817, 32.895], [128.9853, 32.88], [128.9915, 32.8938], [129.0022, 32.8767], [128.996, 32.8948], [129.0006, 32.9021], [128.9884, 32.898], [128.9793, 32.9066], [128.9865, 32.9071], [128.9782, 32.9199], [128.9896, 32.9252], [128.9826, 32.9308], [128.9999, 32.9198], [129.0129, 32.9248], [129.0127, 32.9168], [129.0217, 32.9146], [129.0205, 32.9019], [129.0317, 32.8955], [129.0215, 32.889], [129.0309, 32.8869], [129.0201, 32.8729], [129.0273, 32.8706], [129.0259, 32.8443]]], [[[128.9616, 32.9048], [128.9364, 32.91], [128.9298, 32.9199], [128.945, 32.9248], [128.9555, 32.9161], [128.9564, 32.9272], [128.9672, 32.9299], [128.9653, 32.9189], [128.9529, 32.9159], [128.9566, 32.9083], [128.9693, 32.9104], [128.9616, 32.9048]]], [[[129.918, 32.9031], [129.901, 32.9293], [129.9251, 32.9129], [129.918, 32.9031]]], [[[128.9097, 32.8855], [128.9045, 32.8893], [128.9154, 32.8964], [128.9097, 32.8855]]], [[[129.5987, 32.8801], [129.5892, 32.8813], [129.6049, 32.8897], [129.5987, 32.8801]]], [[[128.9402, 32.7997], [128.9346, 32.8273], [128.9312, 32.8175], [128.9143, 32.8205], [128.9283, 32.8269], [128.9182, 32.8433], [128.9118, 32.8397], [128.8913, 32.8636], [128.8899, 32.8523], [128.8718, 32.8616], [128.8884, 32.866], [128.8875, 32.8772], [128.9139, 32.8702], [128.931, 32.8354], [128.9353, 32.8501], [128.9244, 32.8731], [128.9385, 32.8487], [128.9474, 32.8722], [128.9399, 32.884], [128.955, 32.8722], [128.9625, 32.8499], [128.9562, 32.851], [128.9531, 32.8351], [128.9592, 32.8323], [128.9459, 32.8335], [128.94, 32.8255], [128.9509, 32.817], [128.9402, 32.7997]]], [[[129.8076, 32.866], [129.8038, 32.8699], [129.8121, 32.8687], [129.8076, 32.866]]], [[[129.5582, 32.8663], [129.5524, 32.8681], [129.563, 32.8683], [129.5582, 32.8663]]], [[[128.8655, 32.7635], [128.839, 32.7845], [128.8371, 32.7781], [128.8317, 32.7973], [128.8389, 32.8063], [128.8385, 32.8303], [128.8317, 32.829], [128.8365, 32.838], [128.8467, 32.8297], [128.8609, 32.8333], [128.87, 32.8069], [128.8616, 32.8017], [128.8764, 32.8005], [128.8772, 32.8171], [128.8674, 32.8207], [128.8626, 32.844], [128.8992, 32.8217], [128.9095, 32.7973], [128.882, 32.7653], [128.8655, 32.7635]]], [[[128.6781, 32.8023], [128.6719, 32.8075], [128.6787, 32.8101], [128.6781, 32.8023]]], [[[128.9327, 32.7979], [128.9283, 32.8067], [128.9339, 32.8073], [128.9327, 32.7979]]], [[[128.772, 32.5745], [128.7523, 32.5783], [128.7377, 32.6057], [128.6665, 32.6082], [128.6516, 32.5909], [128.5977, 32.6141], [128.6102, 32.6465], [128.6214, 32.6347], [128.6104, 32.6265], [128.6141, 32.6178], [128.6176, 32.6301], [128.6254, 32.6273], [128.6242, 32.6181], [128.646, 32.6109], [128.6445, 32.6032], [128.654, 32.6121], [128.65, 32.6191], [128.666, 32.6288], [128.6545, 32.6301], [128.6413, 32.6188], [128.6353, 32.6336], [128.6426, 32.6425], [128.653, 32.6417], [128.6428, 32.6539], [128.667, 32.6461], [128.6494, 32.6569], [128.6707, 32.6514], [128.6623, 32.6669], [128.6754, 32.6719], [128.6487, 32.6804], [128.6468, 32.6971], [128.6617, 32.7006], [128.6451, 32.721], [128.651, 32.7456], [128.6403, 32.7608], [128.6631, 32.7841], [128.6961, 32.7665], [128.6909, 32.739], [128.7043, 32.7385], [128.7082, 32.7497], [128.7351, 32.7569], [128.7239, 32.7471], [128.7402, 32.7508], [128.7377, 32.7385], [128.749, 32.7532], [128.7394, 32.7525], [128.7563, 32.7686], [128.7722, 32.7343], [128.7729, 32.7506], [128.7914, 32.7607], [128.7962, 32.7562], [128.7924, 32.7649], [128.7738, 32.7559], [128.7644, 32.7601], [128.775, 32.7781], [128.7932, 32.7781], [128.7886, 32.7814], [128.7964, 32.7844], [128.7896, 32.7889], [128.8073, 32.7978], [128.8049, 32.7737], [128.825, 32.7607], [128.8035, 32.7525], [128.8117, 32.7476], [128.8327, 32.7607], [128.8363, 32.7545], [128.8286, 32.7532], [128.8253, 32.7403], [128.8309, 32.7515], [128.8347, 32.7457], [128.8463, 32.7527], [128.8544, 32.7448], [128.8411, 32.74], [128.8384, 32.7134], [128.8478, 32.7048], [128.8482, 32.689], [128.8718, 32.6778], [128.8833, 32.6577], [128.8959, 32.6527], [128.8917, 32.6414], [128.8206, 32.6361], [128.8082, 32.6549], [128.7676, 32.643], [128.7609, 32.6199], [128.79, 32.6091], [128.7921, 32.5931], [128.7825, 32.5911], [128.772, 32.5745]]], [[[128.986, 32.7422], [128.9623, 32.7491], [128.9878, 32.7582], [128.9909, 32.7909], [129.0067, 32.7715], [129.0004, 32.7553], [129.0056, 32.7544], [128.9877, 32.7549], [128.986, 32.7422]]], [[[128.9649, 32.7617], [128.9563, 32.7624], [128.9558, 32.7765], [128.9649, 32.7617]]], [[[129.9836, 32.7462], [129.9697, 32.7485], [129.9633, 32.7618], [129.9797, 32.7599], [129.9799, 32.7501], [129.9887, 32.7511], [129.9836, 32.7462]]], [[[128.8726, 32.739], [128.8689, 32.7455], [128.8798, 32.7504], [128.8726, 32.739]]], [[[128.5985, 32.7113], [128.5893, 32.7149], [128.5895, 32.7271], [128.6066, 32.7398], [128.5985, 32.7113]]], [[[128.862, 32.7201], [128.8566, 32.7298], [128.8619, 32.7312], [128.862, 32.7201]]], [[[129.7789, 32.69], [129.759, 32.7153], [129.7791, 32.7051], [129.7847, 32.6921], [129.7789, 32.69]]], [[[128.8966, 32.694], [128.8961, 32.7116], [128.904, 32.7033], [128.8966, 32.694]]], [[[128.6218, 32.6375], [128.6151, 32.6569], [128.6327, 32.6795], [128.6395, 32.6639], [128.6278, 32.6639], [128.6336, 32.6451], [128.6218, 32.6375]]], [[[129.7537, 32.649], [129.7498, 32.6661], [129.7581, 32.6636], [129.7537, 32.649]]], [[[128.8398, 32.5958], [128.8256, 32.5988], [128.8385, 32.6051], [128.8398, 32.5958]]], [[[128.9199, 32.5917], [128.9143, 32.5944], [128.9246, 32.5985], [128.9278, 32.5927], [128.9199, 32.5917]]], [[[128.9018, 32.5607], [128.8923, 32.5697], [128.9039, 32.5717], [128.9018, 32.5607]]], [[[129.7748, 32.5489], [129.7741, 32.5629], [129.7872, 32.5689], [129.7904, 32.557], [129.7748, 32.5489]]], [[[128.4046, 32.0371], [128.3793, 32.0404], [128.3896, 32.0428], [128.3915, 32.0543], [128.4142, 32.0513], [128.4046, 32.0371]]], [[[128.3486, 31.9891], [128.344, 32.0057], [128.3549, 32.0079], [128.3486, 31.9891]]]]}}, {"type": "Feature", "properties": {"code": "05", "name": "秋田県"}, "geometry": {"type": "MultiPolygon", "coordinates": [[[[140.8797, 40.5115], [140.8613, 40.4405], [140.8925, 40.4237], [140.9854, 40.4275], [140.9791, 40.4162], [140.9958, 40.3723], [140.995, 40.3537], [140.9822, 40.3446], [140.9624, 40.3477], [140.9687, 40.3376], [140.9576, 40.3243], [140.9563, 40.3039], [140.9443, 40.2968], [140.9453, 40.2885], [140.957, 40.2847], [140.9468, 40.2578], [140.9553, 40.2482], [140.9442, 40.2461], [140.9421, 40.2282], [140.9053, 40.2222], [140.8897, 40.1999], [140.8926, 40.1927], [140.8605, 40.1738], [140.8696, 40.1599], [140.8832, 40.1589], [140.8674, 40.1313], [140.8718, 40.1163], [140.8813, 40.1143], [140.8718, 40.0912], [140.8447, 40.0737], [140.8556, 40.0221], [140.8465, 39.9745], [140.8483, 39.9597], [140.8577, 39.9531], [140.855, 39.9237], [140.8665, 39.9147], [140.8781, 39.8747], [140.8527, 39.8665], [140.8261, 39.8867], [140.7994, 39.8821], [140.783, 39.8657], [140.787, 39.8238], [140.8213, 39.816], [140.8478, 39.7961], [140.8054, 39.7568], [140.8046, 39.7458], [140.7749, 39.7349], [140.795, 39.7099], [140.8106, 39.7073], [140.8229, 39.6882], [140.8219, 39.6498], [140.7957, 39.6033], [140.7827, 39.6044], [140.78, 39.5905], [140.7641, 39.5877], [140.7542, 39.5708], [140.7307, 39.5661], [140.7279, 39.5561], [140.7406, 39.5458], [140.7409, 39.5348], [140.714, 39.4984], [140.7243, 39.4807], [140.6831, 39.4575], [140.677, 39.4472], [140.686, 39.4366], [140.6834, 39.4222], [140.6586, 39.4157], [140.6633, 39.4049], [140.6541, 39.3909], [140.6756, 39.3861], [140.6769, 39.3678], [140.6931, 39.3585], [140.6903, 39.3467], [140.7042, 39.343], [140.7096, 39.3303], [140.6991, 39.3281], [140.6933, 39.3025], [140.7179, 39.2965], [140.7182, 39.2729], [140.7517, 39.2631], [140.7888, 39.238], [140.7868, 39.2268], [140.7703, 39.2239], [140.7632, 39.2127], [140.7657, 39.1977], [140.8085, 39.1803], [140.7841, 39.1659], [140.7741, 39.1678], [140.7496, 39.1397], [140.7702, 39.1244], [140.7561, 39.1185], [140.7631, 39.1086], [140.7529, 39.0865], [140.8024, 39.0778], [140.8, 39.0609], [140.8103, 39.0574], [140.7938, 39.0418], [140.7947, 39.0291], [140.7784, 39.0081], [140.7645, 39.0001], [140.7739, 38.9585], [140.7359, 38.9508], [140.7076, 38.9207], [140.6843, 38.9165], [140.6543, 38.8893], [140.6385, 38.8833], [140.6147, 38.8944], [140.5617, 38.8741], [140.5368, 38.9009], [140.5024, 38.8952], [140.4827, 38.9169], [140.4623, 38.9199], [140.4497, 38.9459], [140.4513, 38.9717], [140.4322, 38.9923], [140.3765, 38.9948], [140.3625, 39.026], [140.3294, 39.0352], [140.3188, 39.0314], [140.3114, 39.0144], [140.2608, 39.0356], [140.2283, 39.0275], [140.2019, 39.0353], [140.2045, 39.0516], [140.1963, 39.0615], [140.1509, 39.0495], [140.138, 39.0658], [140.1183, 39.0687], [140.115, 39.0777], [140.0627, 39.0933], [140.0626, 39.1339], [140.0079, 39.1234], [139.9947, 39.1059], [139.9483, 39.1176], [139.8698, 39.1186], [139.8782, 39.1216], [139.8852, 39.1478], [139.9015, 39.1699], [139.9044, 39.1996], [139.8931, 39.2034], [139.8942, 39.2148], [139.9148, 39.2489], [139.9168, 39.2763], [139.9282, 39.2883], [139.9634, 39.2941], [139.9805, 39.3135], [140.0256, 39.4199], [140.0609, 39.6085], [140.0571, 39.731], [140.0422, 39.7585], [140.0505, 39.7607], [140.0496, 39.7738], [140.043, 39.7733], [140.0461, 39.764], [140.0383, 39.7652], [140.0422, 39.782], [140.0342, 39.8049], [139.9968, 39.857], [139.9678, 39.8802], [139.9209, 39.9011], [139.8589, 39.8962], [139.853, 39.8873], [139.8595, 39.8857], [139.8478, 39.8815], [139.8565, 39.8803], [139.8493, 39.8754], [139.8576, 39.8771], [139.8505, 39.8739], [139.8611, 39.8673], [139.8502, 39.8635], [139.8308, 39.8694], [139.8118, 39.8579], [139.7905, 39.8677], [139.7553, 39.8571], [139.7413, 39.8717], [139.7352, 39.9044], [139.7179, 39.9095], [139.7063, 39.9285], [139.7034, 39.9438], [139.7214, 39.9526], [139.7182, 39.9596], [139.7026, 39.9608], [139.6931, 39.996], [139.7007, 40.0074], [139.7236, 39.9822], [139.7654, 39.9755], [139.7939, 39.9585], [139.8133, 39.9592], [139.8422, 39.9702], [139.8883, 40.0029], [139.953, 40.0865], [139.9934, 40.1813], [139.9844, 40.184], [139.9865, 40.2017], [139.9937, 40.1993], [139.9951, 40.2135], [140.0016, 40.207], [140.0032, 40.2175], [140.0146, 40.2185], [140.0001, 40.2203], [140.0156, 40.2656], [140.0259, 40.3395], [140.0109, 40.3752], [139.9803, 40.3884], [139.9804, 40.3965], [139.9482, 40.4138], [139.9364, 40.4287], [139.9598, 40.4352], [139.9731, 40.4272], [139.9959, 40.4352], [140.0197, 40.4205], [140.0261, 40.4399], [140.0205, 40.4483], [140.0368, 40.4621], [140.0685, 40.4693], [140.0998, 40.4535], [140.1079, 40.4364], [140.1522, 40.4354], [140.1858, 40.4436], [140.2216, 40.4318], [140.2508, 40.4432], [140.299, 40.4467], [140.3099, 40.437], [140.3354, 40.4399], [140.3482, 40.468], [140.3884, 40.4876], [140.404, 40.4756], [140.4373, 40.4793], [140.4406, 40.4505], [140.4657, 40.4559], [140.5106, 40.4291], [140.5282, 40.4317], [140.5249, 40.4107], [140.5415, 40.4032], [140.5678, 40.3995], [140.555, 40.4221], [140.5887, 40.4306], [140.5899, 40.4367], [140.6262, 40.4242], [140.6334, 40.4038], [140.6471, 40.4039], [140.6628, 40.4058], [140.6998, 40.4297], [140.7341, 40.4166], [140.7362, 40.4404], [140.7529, 40.4397], [140.7634, 40.4519], [140.7885, 40.4576], [140.8042, 40.4498], [140.8118, 40.4887], [140.8223, 40.4969], [140.8797, 40.5115]]]]}}, {"type": "Feature", "properties": {"code": "33", "name": "岡山県"}, "geometry": {"type": "MultiPolygon", "coordinates": [[[[134.0142, 35.3504], [134.0145, 35.3337], [134, 35.314], [134.0101, 35.3076], [134.0696, 35.2972], [134.0972, 35.3059], [134.1149, 35.2839], [134.1387, 35.279], [134.137, 35.271], [134.1499, 35.2585], [134.1367, 35.239], [134.1625, 35.2293], [134.1534, 35.1949], [134.1718, 35.1699], [134.1897, 35.1762], [134.1937, 35.1895], [134.2161, 35.1896], [134.2605, 35.2104], [134.2807, 35.1966], [134.3208, 35.2018], [134.338, 35.2204], [134.3718, 35.2349], [134.3732, 35.2459], [134.393, 35.2526], [134.3997, 35.2474], [134.3964, 35.2283], [134.3849, 35.2236], [134.38, 35.2081], [134.3824, 35.1945], [134.4114, 35.1861], [134.4082, 35.1479], [134.3936, 35.1527], [134.3663, 35.1454], [134.3486, 35.0903], [134.3185, 35.0829], [134.3161, 35.0433], [134.2829, 35.038], [134.2671, 35.0215], [134.2658, 35.0051], [134.2861, 34.9959], [134.2702, 34.9825], [134.2754, 34.9629], [134.2536, 34.9461], [134.2543, 34.9377], [134.2669, 34.936], [134.2944, 34.9075], [134.2629, 34.8849], [134.2662, 34.8748], [134.2531, 34.8513], [134.2623, 34.8453], [134.2632, 34.8267], [134.2874, 34.8277], [134.3165, 34.8016], [134.3154, 34.7808], [134.3338, 34.7682], [134.3198, 34.7591], [134.314, 34.7405], [134.3213, 34.7218], [134.3109, 34.7338], [134.275, 34.7345], [134.2682, 34.7197], [134.2431, 34.7153], [134.2248, 34.7197], [134.2319, 34.7231], [134.229, 34.7304], [134.2034, 34.7304], [134.1853, 34.7423], [134.1789, 34.7331], [134.2039, 34.7271], [134.1941, 34.7169], [134.2138, 34.7162], [134.1986, 34.7088], [134.2353, 34.7147], [134.2446, 34.7015], [134.2121, 34.6839], [134.2221, 34.6817], [134.204, 34.6743], [134.2098, 34.6667], [134.1909, 34.6641], [134.1973, 34.6599], [134.1894, 34.6518], [134.1695, 34.6517], [134.1738, 34.6311], [134.1833, 34.6368], [134.1868, 34.6317], [134.1696, 34.6135], [134.1472, 34.6169], [134.12, 34.5891], [134.0859, 34.5805], [134.0592, 34.5851], [134.0532, 34.596], [134.0633, 34.6078], [134.047, 34.5977], [134.0423, 34.6077], [134.0295, 34.6041], [133.9954, 34.6135], [133.9805, 34.6001], [133.9455, 34.5989], [133.9594, 34.5837], [133.9722, 34.5942], [134.0329, 34.5973], [134.0464, 34.5767], [134.0324, 34.5731], [134.03, 34.5509], [134.0013, 34.5454], [133.9948, 34.5257], [134.003, 34.5123], [133.9763, 34.5339], [133.9594, 34.5243], [133.9566, 34.5045], [133.9634, 34.4953], [133.938, 34.4813], [133.9428, 34.4559], [133.9333, 34.4513], [133.8795, 34.4566], [133.8342, 34.4744], [133.8076, 34.4591], [133.8218, 34.4297], [133.7873, 34.4356], [133.7661, 34.4724], [133.7585, 34.4685], [133.7591, 34.486], [133.7478, 34.4894], [133.7383, 34.525], [133.7345, 34.4985], [133.7185, 34.5032], [133.7184, 34.4963], [133.7365, 34.4905], [133.7428, 34.4705], [133.7034, 34.4779], [133.7032, 34.5401], [133.6908, 34.5403], [133.6903, 34.5228], [133.6782, 34.523], [133.6902, 34.5197], [133.6834, 34.5069], [133.6702, 34.5077], [133.6764, 34.5183], [133.659, 34.5205], [133.6474, 34.5047], [133.6248, 34.5009], [133.6174, 34.4917], [133.5937, 34.491], [133.5889, 34.4833], [133.6012, 34.4737], [133.5939, 34.4695], [133.5404, 34.4615], [133.518, 34.4801], [133.5087, 34.4997], [133.4854, 34.5139], [133.5273, 34.4689], [133.5269, 34.4547], [133.4738, 34.4414], [133.4733, 34.4501], [133.4897, 34.4589], [133.4838, 34.4659], [133.4672, 34.4571], [133.4558, 34.4598], [133.4548, 34.4773], [133.4463, 34.4802], [133.455, 34.5032], [133.4455, 34.5057], [133.453, 34.5299], [133.4453, 34.5551], [133.4263, 34.5704], [133.4214, 34.5868], [133.3965, 34.5954], [133.3829, 34.6215], [133.4028, 34.6719], [133.3826, 34.6799], [133.3692, 34.7228], [133.3576, 34.7333], [133.3698, 34.7466], [133.3613, 34.7556], [133.3758, 34.7815], [133.3698, 34.7887], [133.3778, 34.8051], [133.3528, 34.8297], [133.3368, 34.8346], [133.3301, 34.8559], [133.2972, 34.8895], [133.2944, 34.9028], [133.3089, 34.9371], [133.2967, 34.9554], [133.3203, 34.9867], [133.3212, 35.0061], [133.2667, 35.0519], [133.2904, 35.0717], [133.288, 35.096], [133.2989, 35.1035], [133.3261, 35.0944], [133.3383, 35.1067], [133.3546, 35.1009], [133.3718, 35.1128], [133.4029, 35.1143], [133.4113, 35.1225], [133.4108, 35.1353], [133.3926, 35.1685], [133.3965, 35.1809], [133.4078, 35.1856], [133.4464, 35.1722], [133.501, 35.1927], [133.5256, 35.1829], [133.5185, 35.2137], [133.5053, 35.2286], [133.5173, 35.2406], [133.5292, 35.2368], [133.5592, 35.2464], [133.5773, 35.3154], [133.5957, 35.3451], [133.65, 35.3359], [133.6782, 35.3188], [133.6971, 35.3265], [133.7451, 35.3193], [133.7835, 35.2948], [133.7973, 35.2941], [133.8176, 35.2527], [133.8308, 35.2489], [133.8441, 35.2497], [133.8651, 35.2731], [133.8627, 35.293], [133.9249, 35.3075], [133.9316, 35.3338], [133.9453, 35.3327], [133.9706, 35.3476], [134.0142, 35.3504]]], [[[134.3209, 34.7031], [134.3085, 34.7057], [134.3058, 34.7147], [134.281, 34.7069], [134.2856, 34.713], [134.2795, 34.7094], [134.276, 34.7214], [134.2859, 34.7181], [134.2935, 34.7301], [134.3103, 34.7273], [134.3223, 34.714], [134.3322, 34.723], [134.3466, 34.7091], [134.3421, 34.7033], [134.3256, 34.7122], [134.3209, 34.7031]]], [[[134.2091, 34.7196], [134.211, 34.7258], [134.2188, 34.7218], [134.2091, 34.7196]]], [[[134.2617, 34.7083], [134.2478, 34.7097], [134.2685, 34.709], [134.2617, 34.7083]]], [[[134.2575, 34.6903], [134.2498, 34.7058], [134.2634, 34.7062], [134.271, 34.6965], [134.263, 34.6985], [134.2575, 34.6903]]], [[[134.2883, 34.6968], [134.2789, 34.7029], [134.2888, 34.7037], [134.2883, 34.6968]]], [[[134.2617, 34.6749], [134.2429, 34.6798], [134.2544, 34.6877], [134.273, 34.6821], [134.2617, 34.6749]]], [[[134.296, 34.6801], [134.2903, 34.6871], [134.3003, 34.6867], [134.296, 34.6801]]], [[[134.2246, 34.6678], [134.2182, 34.6751], [134.2441, 34.6788], [134.244, 34.6725], [134.2246, 34.6678]]], [[[134.1678, 34.6026], [134.1732, 34.6121], [134.2008, 34.6163], [134.1944, 34.608], [134.1678, 34.6026]]], [[[134.1935, 34.5957], [134.1898, 34.6015], [134.1996, 34.6011], [134.1935, 34.5957]]], [[[134.0234, 34.5069], [134.0166, 34.4969], [134.0069, 34.4982], [134.0234, 34.5069]]], [[[133.7113, 34.4609], [133.707, 34.464], [133.7164, 34.462], [133.7113, 34.4609]]], [[[133.4995, 34.4237], [133.5005, 34.4305], [133.5162, 34.4348], [133.4995, 34.4237]]], [[[133.7701, 34.4193], [133.7631, 34.4199], [133.7606, 34.4315], [133.7737, 34.4269], [133.7701, 34.4193]]], [[[133.832, 34.4174], [133.8276, 34.4241], [133.8356, 34.4249], [133.832, 34.4174]]], [[[133.5128, 34.3897], [133.5053, 34.4065], [133.5258, 34.4161], [133.5253, 34.3999], [133.5128, 34.3897]]], [[[133.5452, 34.3666], [133.5156, 34.3841], [133.537, 34.4013], [133.5572, 34.3937], [133.5442, 34.38], [133.5587, 34.3767], [133.5581, 34.3677], [133.5452, 34.3666]]], [[[133.5733, 34.3479], [133.5664, 34.3522], [133.572, 34.3588], [133.5789, 34.3553], [133.5888, 34.3629], [133.5733, 34.3479]]], [[[133.5078, 34.3351], [133.4968, 34.3403], [133.4983, 34.3505], [133.5078, 34.3351]]], [[[133.5336, 34.2984], [133.5264, 34.3076], [133.5396, 34.3083], [133.5336, 34.2984]]]]}}, {"type": "Feature", "properties": {"code": "40", "name": "福岡県"}, "geometry": {"type": "MultiPolygon", "coordinates": [[[[130.1044, 34.2394], [130.098, 34.2435], [130.1024, 34.2493], [130.1124, 34.2483], [130.1044, 34.2394]]], [[[130.7277, 34.0085], [130.7213, 34.0176], [130.7307, 34.0161], [130.7277, 34.0085]]], [[[130.6724, 33.9187], [130.6846, 33.9319], [130.6812, 33.9367], [130.6981, 33.9387], [130.7277, 33.9352], [130.7371, 33.9263], [130.7463, 33.9318], [130.7473, 33.9233], [130.7527, 33.9455], [130.769, 33.9472], [130.7601, 33.9338], [130.7691, 33.929], [130.7507, 33.9228], [130.7734, 33.9269], [130.7767, 33.9342], [130.8062, 33.9305], [130.8177, 33.9229], [130.8053, 33.9127], [130.816, 33.9142], [130.8144, 33.9033], [130.7526, 33.8781], [130.7433, 33.8882], [130.7467, 33.8765], [130.7404, 33.8749], [130.7715, 33.8748], [130.8017, 33.8913], [130.7988, 33.8739], [130.8071, 33.8776], [130.8048, 33.8915], [130.8216, 33.9039], [130.8233, 33.9199], [130.8562, 33.9289], [130.86, 33.9239], [130.8497, 33.9149], [130.8685, 33.9181], [130.8474, 33.9054], [130.8718, 33.9153], [130.8832, 33.9053], [130.863, 33.8955], [130.8868, 33.9021], [130.8924, 33.8961], [130.8769, 33.8901], [130.8917, 33.8932], [130.891, 33.8877], [130.9297, 33.9069], [130.9449, 33.9378], [130.963, 33.9462], [130.9621, 33.962], [130.9895, 33.9591], [131.0001, 33.9696], [131.0053, 33.9623], [131.0191, 33.9629], [131.0211, 33.9429], [131.0108, 33.9415], [131.0011, 33.925], [131.0147, 33.9199], [131.0032, 33.9127], [131.0054, 33.9051], [130.9871, 33.9002], [130.9881, 33.8927], [131.0039, 33.8915], [130.9988, 33.8735], [130.9903, 33.8857], [130.9813, 33.8671], [130.9978, 33.8669], [130.9926, 33.8509], [130.9862, 33.8549], [130.9757, 33.8346], [130.9596, 33.839], [130.9567, 33.8301], [130.9658, 33.8094], [130.9995, 33.8155], [131.004, 33.8064], [130.9963, 33.8101], [130.9993, 33.8005], [130.987, 33.7965], [130.9817, 33.7844], [130.9968, 33.7963], [131.0028, 33.7833], [130.9913, 33.7734], [131.0004, 33.7746], [130.9987, 33.7691], [131.0106, 33.7775], [131.0169, 33.7681], [130.9997, 33.7572], [131.0032, 33.7498], [131.0074, 33.7439], [131.0149, 33.7509], [131.0144, 33.7319], [131.0393, 33.691], [131.0553, 33.69], [131.0494, 33.6859], [131.093, 33.6235], [131.107, 33.6168], [131.1126, 33.6238], [131.1123, 33.6177], [131.1142, 33.6303], [131.1311, 33.6231], [131.1281, 33.6312], [131.1601, 33.6168], [131.1845, 33.6162], [131.1719, 33.5865], [131.1891, 33.5619], [131.1872, 33.5462], [131.1657, 33.5284], [131.1765, 33.508], [131.1218, 33.502], [131.0538, 33.508], [131.0294, 33.5184], [131.015, 33.5098], [130.9737, 33.5055], [130.9254, 33.4779], [130.9254, 33.4575], [130.8945, 33.4462], [130.8855, 33.3798], [130.8638, 33.3773], [130.8609, 33.3628], [130.8345, 33.3435], [130.8563, 33.327], [130.8654, 33.2929], [130.8517, 33.2782], [130.867, 33.2675], [130.8655, 33.2619], [130.8292, 33.2576], [130.8253, 33.2374], [130.8577, 33.2298], [130.8357, 33.2114], [130.8865, 33.1867], [130.8849, 33.1761], [130.8735, 33.1691], [130.8786, 33.1527], [130.8525, 33.1093], [130.8195, 33.1065], [130.8167, 33.114], [130.7708, 33.1245], [130.7305, 33.1546], [130.6905, 33.1519], [130.6922, 33.1599], [130.6792, 33.1712], [130.6668, 33.1571], [130.6676, 33.1381], [130.6536, 33.1133], [130.6588, 33.1101], [130.5797, 33.1157], [130.5609, 33.104], [130.565, 33.0872], [130.5411, 33.0821], [130.5307, 33.0643], [130.5175, 33.0654], [130.4968, 33.0522], [130.5151, 33.0121], [130.5053, 33.0032], [130.3957, 33.0005], [130.4214, 33.012], [130.4068, 33.0159], [130.4275, 33.0355], [130.4186, 33.0356], [130.4242, 33.0527], [130.4088, 33.0879], [130.3871, 33.0951], [130.3961, 33.108], [130.3718, 33.1207], [130.3737, 33.1394], [130.3549, 33.1404], [130.3524, 33.1803], [130.3406, 33.1883], [130.3386, 33.2033], [130.3766, 33.2204], [130.3713, 33.243], [130.3843, 33.2403], [130.3907, 33.2599], [130.3983, 33.2595], [130.4011, 33.249], [130.4146, 33.2532], [130.431, 33.2925], [130.4396, 33.2649], [130.4489, 33.265], [130.4526, 33.2831], [130.4668, 33.2886], [130.4548, 33.2942], [130.4554, 33.3017], [130.482, 33.3049], [130.4863, 33.3123], [130.479, 33.3307], [130.4974, 33.3257], [130.5098, 33.3438], [130.5352, 33.3428], [130.541, 33.3663], [130.5362, 33.4382], [130.5116, 33.4493], [130.4962, 33.4448], [130.444, 33.4173], [130.4374, 33.4006], [130.4102, 33.395], [130.4144, 33.4103], [130.3953, 33.4273], [130.3774, 33.4249], [130.3684, 33.4358], [130.3555, 33.4335], [130.2766, 33.4783], [130.2468, 33.4707], [130.198, 33.4811], [130.1748, 33.4663], [130.15, 33.4774], [130.1384, 33.4705], [130.107, 33.4776], [130.0997, 33.4706], [130.0449, 33.4677], [130.0387, 33.4697], [130.0486, 33.4883], [130.0444, 33.4962], [130.0871, 33.5049], [130.0996, 33.5157], [130.1218, 33.5088], [130.1327, 33.5215], [130.1236, 33.5251], [130.1521, 33.5369], [130.1635, 33.5607], [130.1415, 33.5487], [130.1257, 33.5569], [130.1157, 33.5469], [130.133, 33.5679], [130.1188, 33.5745], [130.0978, 33.5643], [130.0885, 33.5836], [130.1083, 33.5865], [130.1063, 33.5965], [130.1218, 33.59], [130.1459, 33.5953], [130.1595, 33.608], [130.1561, 33.6283], [130.1989, 33.6409], [130.208, 33.6494], [130.2086, 33.6671], [130.2351, 33.6496], [130.2239, 33.635], [130.231, 33.6165], [130.2725, 33.6115], [130.2647, 33.5922], [130.2727, 33.5824], [130.301, 33.5831], [130.3103, 33.5876], [130.3113, 33.5982], [130.3516, 33.595], [130.3729, 33.605], [130.3852, 33.594], [130.3924, 33.5971], [130.3837, 33.5999], [130.3892, 33.6096], [130.3987, 33.6005], [130.3952, 33.6101], [130.4072, 33.6107], [130.4004, 33.6184], [130.4138, 33.618], [130.4024, 33.6234], [130.4065, 33.6423], [130.4143, 33.6382], [130.4105, 33.6437], [130.4199, 33.6411], [130.4211, 33.6467], [130.404, 33.6521], [130.4341, 33.6626], [130.4244, 33.675], [130.4315, 33.6793], [130.4286, 33.6873], [130.3687, 33.6653], [130.3559, 33.6434], [130.2953, 33.6631], [130.2855, 33.6786], [130.2892, 33.6864], [130.303, 33.6874], [130.3216, 33.6603], [130.3481, 33.6632], [130.3954, 33.685], [130.4202, 33.7185], [130.4285, 33.7153], [130.4463, 33.725], [130.4663, 33.7532], [130.4671, 33.7833], [130.4576, 33.7911], [130.4496, 33.7849], [130.4434, 33.8146], [130.4628, 33.8107], [130.4723, 33.8183], [130.4813, 33.8469], [130.4765, 33.8578], [130.4968, 33.8521], [130.5164, 33.8601], [130.5261, 33.8705], [130.5236, 33.8895], [130.5637, 33.8907], [130.5687, 33.88], [130.5863, 33.8779], [130.6348, 33.8854], [130.6662, 33.8972], [130.6565, 33.9093], [130.6724, 33.9187]]], [[[130.8216, 33.9303], [130.7817, 33.935], [130.778, 33.9458], [130.8079, 33.9493], [130.8137, 33.9433], [130.8316, 33.9498], [130.8446, 33.9393], [130.8216, 33.9303]]], [[[130.4262, 33.8871], [130.4055, 33.8973], [130.4071, 33.9111], [130.4452, 33.9147], [130.4262, 33.8871]]], [[[130.501, 33.8953], [130.4882, 33.9131], [130.5076, 33.8965], [130.501, 33.8953]]], [[[131.0321, 33.8196], [131.0246, 33.8563], [131.0343, 33.8577], [131.0415, 33.821], [131.0321, 33.8196]]], [[[130.3634, 33.7549], [130.3612, 33.7667], [130.3801, 33.7588], [130.366, 33.7607], [130.3634, 33.7549]]], [[[130.2337, 33.6826], [130.2257, 33.6944], [130.2349, 33.6925], [130.2337, 33.6826]]], [[[130.4051, 33.6578], [130.4039, 33.6684], [130.4252, 33.6715], [130.4267, 33.6622], [130.4051, 33.6578]]], [[[130.3018, 33.607], [130.2941, 33.6155], [130.3003, 33.6382], [130.3129, 33.6161], [130.3018, 33.607]]], [[[130.0503, 33.5647], [130.0461, 33.5758], [130.0536, 33.5733], [130.0503, 33.5647]]]]}}, {"type": "Feature", "properties": {"code": "21", "name": "岐阜県"}, "geometry": {"type": "Polygon", "coordinates": [[[137.05819702148398, 36.37213134765631], [137.06390380859403, 36.37519836425779], [137.07080078124997, 36.379066467285185], [137.07870483398398, 36.38446807861328], [137.09109497070298, 36.383266448974645], [137.09460449218795, 36.38406753540037], [137.094299316406, 36.393398284912074], [137.09190368652298, 36.39686584472656], [137.09660339355497, 36.39899826049799], [137.10180664062497, 36.39946746826174], [137.106506347656, 36.4058647155762], [137.108703613281, 36.40833282470696], [137.111099243164, 36.41519927978518], [137.115997314453, 36.41673278808587], [137.118301391602, 36.41853332519533], [137.121002197266, 36.416934967040966], [137.121795654297, 36.41726684570312], [137.123199462891, 36.419868469238295], [137.129806518555, 36.42940139770509], [137.133499145508, 36.434932708740156], [137.138900756836, 36.438133239746065], [137.14329528808602, 36.43920135498046], [137.14279174804702, 36.444133758544886], [137.14599609375, 36.44599914550783], [137.154800415039, 36.44939804077147], [137.16070556640602, 36.456733703613345], [137.16529846191403, 36.45473480224607], [137.16949462890602, 36.45520019531247], [137.17539978027304, 36.45040130615229], [137.178100585938, 36.453399658203104], [137.18220520019503, 36.45259857177729], [137.19149780273403, 36.455333709716804], [137.19360351562503, 36.45226669311523], [137.19389343261696, 36.44726562500004], [137.19799804687503, 36.44526672363277], [137.20509338378903, 36.43433380126952], [137.20649719238304, 36.42793273925779], [137.20919799804696, 36.43166732788094], [137.21350097656304, 36.4306678771973], [137.21400451660202, 36.43906402587886], [137.21929931640597, 36.43939971923828], [137.22369384765597, 36.44419860839837], [137.23229980468804, 36.44519805908201], [137.23910522460898, 36.45180130004883], [137.24630737304696, 36.46139907836911], [137.24679565429696, 36.46179962158202], [137.24800109863295, 36.4620666503906], [137.25669860839798, 36.451663970947315], [137.26319885253898, 36.456535339355526], [137.266891479492, 36.46020126342774], [137.278900146484, 36.46513366699217], [137.28340148925798, 36.46306610107423], [137.287002563477, 36.461666107177685], [137.29919433593798, 36.458667755127045], [137.302505493164, 36.462131500244084], [137.308502197266, 36.46386718749996], [137.31539916992202, 36.46126556396478], [137.317001342773, 36.45959854125984], [137.316497802734, 36.45053100585944], [137.31329345703102, 36.44839859008792], [137.312896728516, 36.44326782226558], [137.312698364258, 36.44166564941413], [137.307891845703, 36.43866729736331], [137.30499267578102, 36.43560028076173], [137.307891845703, 36.431800842285185], [137.313491821289, 36.4250679016113], [137.320007324219, 36.42526626586912], [137.326293945313, 36.42853546142579], [137.331405639648, 36.430465698242216], [137.334594726563, 36.43086624145512], [137.33909606933602, 36.43366622924803], [137.34530639648403, 36.43373107910161], [137.348999023438, 36.433601379394545], [137.351501464844, 36.433864593505945], [137.35240173339804, 36.435001373291], [137.35870361328102, 36.43746566772458], [137.35820007324193, 36.445068359375036], [137.36259460449196, 36.45026779174804], [137.37179565429696, 36.45359802246092], [137.37779235839795, 36.452865600585866], [137.38059997558594, 36.454868316650405], [137.38510131835895, 36.45619964599611], [137.38890075683597, 36.45833206176762], [137.39019775390597, 36.459667205810504], [137.39489746093804, 36.45479965209956], [137.39480590820304, 36.44879913330083], [137.39619445800804, 36.43593215942379], [137.40579223632798, 36.426334381103516], [137.41169738769497, 36.4250679016113], [137.41769409179696, 36.42513275146479], [137.42300415039097, 36.42286682128912], [137.42689514160196, 36.421066284179666], [137.42799377441398, 36.420532226562514], [137.43479919433597, 36.42079925537109], [137.43629455566398, 36.419868469238295], [137.44299316406298, 36.414398193359446], [137.445602416992, 36.41353225708014], [137.44970703124997, 36.416534423828054], [137.460998535156, 36.41246795654302], [137.470001220703, 36.41920089721681], [137.470397949219, 36.419868469238295], [137.47480773925798, 36.425399780273366], [137.49119567871102, 36.42359924316409], [137.49679565429702, 36.42620086669918], [137.50520324707003, 36.42480087280273], [137.511596679688, 36.42333221435551], [137.511901855469, 36.419868469238295], [137.51719665527304, 36.40940093994144], [137.521606445313, 36.405933380127045], [137.52780151367202, 36.40353393554687], [137.53179931640602, 36.40100097656253], [137.53979492187503, 36.392601013183615], [137.54719543456997, 36.39039993286134], [137.56059265136696, 36.38806533813483], [137.57170104980503, 36.38993453979486], [137.57479858398398, 36.39300155639653], [137.58030700683597, 36.391532897949226], [137.58729553222696, 36.389865875244105], [137.58700561523398, 36.37373352050776], [137.58830261230497, 36.37153244018549], [137.59480285644497, 36.36893463134766], [137.59880065917997, 36.370468139648366], [137.60980224609398, 36.36673355102539], [137.61819458007798, 36.36506652832027], [137.621795654297, 36.360332489013665], [137.626998901367, 36.352531433105476], [137.635894775391, 36.34253311157229], [137.645492553711, 36.34140014648441], [137.64570617675798, 36.33653259277338], [137.647399902344, 36.32999801635741], [137.650604248047, 36.3269348144531], [137.65069580078102, 36.32146835327152], [137.650894165039, 36.31693267822273], [137.64909362793, 36.30820083618158], [137.652801513672, 36.304534912109446], [137.646697998047, 36.296131134033175], [137.646697998047, 36.28886413574223], [137.631393432617, 36.2802658081055], [137.62629699707, 36.27453231811516], [137.621795654297, 36.26873397827152], [137.61669921874997, 36.264865875244126], [137.61470031738298, 36.264934539794886], [137.61070251464798, 36.256401062011726], [137.60650634765597, 36.25320053100591], [137.60569763183597, 36.24886703491212], [137.59640502929696, 36.243133544921875], [137.59370422363304, 36.23640060424799], [137.58949279785196, 36.229400634765625], [137.58680725097696, 36.22700119018553], [137.58329772949196, 36.22719955444344], [137.58329772949196, 36.220932006835866], [137.57739257812497, 36.21926498413092], [137.57380676269497, 36.22006607055656], [137.57420349121097, 36.21746826171883], [137.57519531249997, 36.21306610107419], [137.57389831542994, 36.20973205566413], [137.57620239257804, 36.203201293945334], [137.58079528808597, 36.19533157348631], [137.591598510742, 36.191734313964844], [137.59489440917997, 36.19099807739261], [137.59089660644497, 36.18413162231448], [137.59150695800804, 36.17953109741212], [137.59469604492196, 36.17186737060553], [137.59249877929696, 36.16986465454099], [137.58959960937497, 36.16353225708011], [137.57919311523398, 36.1598663330078], [137.56759643554696, 36.153598785400405], [137.56669616699196, 36.14686584472661], [137.55920410156304, 36.143932342529276], [137.55499267578097, 36.14033126831046], [137.55459594726602, 36.140266418456974], [137.55439758300804, 36.13706588745124], [137.55770874023403, 36.13219833374021], [137.55999755859403, 36.1293983459473], [137.55569458007804, 36.11753463745117], [137.55130004882804, 36.11560058593747], [137.55099487304696, 36.10979843139647], [137.55389404296903, 36.10699844360347], [137.55870056152304, 36.10326766967768], [137.56149291992196, 36.10086822509768], [137.56500244140597, 36.097332000732436], [137.56799316406304, 36.0958671569824], [137.57420349121097, 36.0872650146484], [137.57659912109403, 36.08653259277343], [137.57919311523398, 36.08499908447273], [137.58349609374997, 36.084533691406335], [137.59469604492196, 36.078933715820334], [137.59750366210898, 36.07566833496094], [137.61180114746097, 36.077732086181605], [137.61369323730497, 36.07619857788091], [137.610900878906, 36.06993103027342], [137.61279296875, 36.06433105468751], [137.61380004882798, 36.061401367187536], [137.61070251464798, 36.05799865722663], [137.60659790039097, 36.05473327636723], [137.60420227050798, 36.0483322143555], [137.59759521484398, 36.04213333129877], [137.59910583496097, 36.027198791503885], [137.59930419921898, 36.02586746215818], [137.59460449218804, 36.013401031494055], [137.58810424804696, 36.00559997558587], [137.58419799804696, 36.00320053100587], [137.57560729980503, 35.996532440185476], [137.57420349121097, 35.995800018310504], [137.57200622558597, 35.99566650390626], [137.57040405273398, 35.99566650390626], [137.56900024414094, 35.99573135375984], [137.55940246581997, 35.989334106445284], [137.54940795898403, 35.98606491088871], [137.54310607910202, 35.98253250122074], [137.54429626464804, 35.97399902343749], [137.54179382324196, 35.967933654785185], [137.53939819335903, 35.96559906005858], [137.53219604492202, 35.96133422851563], [137.52400207519503, 35.943599700927656], [137.522003173828, 35.94179916381838], [137.51759338378903, 35.93999862670902], [137.505401611328, 35.94060134887702], [137.500900268555, 35.93606567382814], [137.49679565429702, 35.92819976806638], [137.491302490234, 35.923000335693374], [137.489196777344, 35.91986465454104], [137.486404418945, 35.91740036010737], [137.483001708984, 35.913932800292976], [137.483901977539, 35.909400939941364], [137.48100280761702, 35.90506744384766], [137.480392456055, 35.89820098876954], [137.475997924805, 35.89506530761721], [137.476104736328, 35.894001007080085], [137.46479797363298, 35.89179992675781], [137.45959472656298, 35.88953399658196], [137.458099365234, 35.88946533203129], [137.446594238281, 35.894199371337905], [137.43910217285196, 35.900001525878906], [137.43640136718795, 35.90506744384766], [137.432098388672, 35.90513229370124], [137.42320251464798, 35.903533935546875], [137.41729736328097, 35.903732299804695], [137.40370178222696, 35.89793395996087], [137.38020324706994, 35.891933441162145], [137.37319946289102, 35.88466644287111], [137.37179565429696, 35.88359832763672], [137.36459350585903, 35.878200531005895], [137.36790466308602, 35.8738670349121], [137.36709594726602, 35.86146545410164], [137.36230468750003, 35.84893417358403], [137.35539245605503, 35.84246444702154], [137.35380554199202, 35.84233474731448], [137.335403442383, 35.84393310546884], [137.33110046386702, 35.837532043457024], [137.331207275391, 35.83653259277339], [137.328399658203, 35.82680130004878], [137.32699584960903, 35.825733184814474], [137.32820129394503, 35.82166671752926], [137.32550048828102, 35.815666198730526], [137.32559204101602, 35.812198638916044], [137.33219909668, 35.808067321777344], [137.334396362305, 35.80360031127931], [137.337600708008, 35.79813385009773], [137.34730529785202, 35.80006408691407], [137.35380554199202, 35.80133438110346], [137.36019897460903, 35.796001434326215], [137.36720275878903, 35.79906463623052], [137.37129211425804, 35.79959869384767], [137.37179565429696, 35.79999923706049], [137.38090515136696, 35.80133438110346], [137.38769531249997, 35.79899978637703], [137.39399719238304, 35.79706573486334], [137.39649963378895, 35.78540039062503], [137.39100646972702, 35.78006744384769], [137.39839172363304, 35.775798797607386], [137.41360473632795, 35.776733398437536], [137.41729736328097, 35.77466583251951], [137.42149353027298, 35.77393341064454], [137.42370605468804, 35.77466583251951], [137.42829895019497, 35.77113342285163], [137.43409729003898, 35.77059936523438], [137.43519592285196, 35.76546478271478], [137.44020080566398, 35.75853347778317], [137.449996948242, 35.759464263916044], [137.452499389648, 35.76333236694344], [137.458892822266, 35.761333465576165], [137.464492797852, 35.755332946777344], [137.464599609375, 35.753200531005916], [137.467300415039, 35.74620056152337], [137.466201782227, 35.74259948730473], [137.475006103516, 35.732200622558636], [137.478103637695, 35.7290649414063], [137.480499267578, 35.7262649536133], [137.485504150391, 35.7234649658203], [137.487396240234, 35.716533660888686], [137.48530578613298, 35.70793151855469], [137.48759460449202, 35.705066680908196], [137.491394042969, 35.70273208618159], [137.493499755859, 35.699264526367195], [137.49679565429702, 35.69853210449222], [137.49769592285202, 35.69459915161134], [137.498199462891, 35.687267303466825], [137.50729370117202, 35.68226623535164], [137.50909423828102, 35.68253326416021], [137.51489257812503, 35.67753219604494], [137.52090454101602, 35.67626571655273], [137.52490234375003, 35.6713333129883], [137.52870178222702, 35.66986846923827], [137.53509521484403, 35.66479873657233], [137.53860473632804, 35.658664703369084], [137.54499816894494, 35.64993286132811], [137.53939819335903, 35.646800994872955], [137.53959655761696, 35.640399932861314], [137.53579711914102, 35.63779830932622], [137.53410339355503, 35.63779830932622], [137.53219604492202, 35.63786697387698], [137.52609252929702, 35.633598327636676], [137.52679443359403, 35.62826538085943], [137.52340698242202, 35.62506484985352], [137.521194458008, 35.61926651000979], [137.51879882812503, 35.61940002441412], [137.51620483398403, 35.61606597900388], [137.51449584960903, 35.60713195800781], [137.51690673828102, 35.6049995422363], [137.51930236816403, 35.60286712646478], [137.52149963378903, 35.5991973876953], [137.53179931640602, 35.59193420410162], [137.53129577636696, 35.588066101074226], [137.53680419921903, 35.58653259277344], [137.53750610351602, 35.58440017700201], [137.54379272460895, 35.58653259277344], [137.55239868164102, 35.58693313598626], [137.55339050293003, 35.58653259277344], [137.56619262695295, 35.58533477783198], [137.56840515136696, 35.58506774902341], [137.57099914550804, 35.58346557617186], [137.56880187988304, 35.57533264160161], [137.56500244140597, 35.569332122802706], [137.56480407714804, 35.56586456298831], [137.57189941406304, 35.561199188232365], [137.57150268554696, 35.55346679687503], [137.57289123535196, 35.550666809082024], [137.57420349121097, 35.54653167724614], [137.57449340820298, 35.54439926147463], [137.57670593261696, 35.54393386840823], [137.58180236816398, 35.53873443603523], [137.58819580078097, 35.537132263183594], [137.59500122070298, 35.5338668823242], [137.59889221191398, 35.533599853515625], [137.60119628906295, 35.53160095214844], [137.602996826172, 35.53120040893553], [137.607894897461, 35.53319931030271], [137.617294311523, 35.526264190673835], [137.62080383300798, 35.5209312438965], [137.621795654297, 35.52059936523443], [137.62739562988298, 35.511932373046946], [137.631698608398, 35.50906753540037], [137.62730407714798, 35.50320053100588], [137.62739562988298, 35.50133132934567], [137.62429809570298, 35.49980163574224], [137.626998901367, 35.484466552734446], [137.62939453125, 35.4830665588379], [137.63079833984398, 35.47626876831053], [137.631393432617, 35.46993255615229], [137.627593994141, 35.46773147583011], [137.625701904297, 35.46773147583011], [137.62210083007798, 35.46726608276371], [137.621795654297, 35.46813201904301], [137.61799621582, 35.46766662597662], [137.614395141602, 35.46306610107416], [137.60769653320298, 35.45813369750982], [137.59330749511696, 35.44666671752933], [137.60139465332, 35.43933105468754], [137.608703613281, 35.43713378906254], [137.617492675781, 35.42646408081051], [137.61639404296898, 35.42200088500984], [137.61799621582, 35.41986465454096], [137.619705200195, 35.41553115844726], [137.621795654297, 35.41180038452147], [137.631805419922, 35.410400390625014], [137.631698608398, 35.40599822998047], [137.634796142578, 35.40173339843752], [137.63349914550798, 35.399066925048764], [137.621795654297, 35.39379882812501], [137.616500854492, 35.39193344116207], [137.613998413086, 35.39226531982422], [137.61270141601597, 35.391731262206974], [137.60369873046898, 35.393665313720675], [137.60180664062497, 35.39360046386719], [137.60040283203097, 35.39360046386719], [137.59429931640597, 35.394733428955064], [137.59019470214798, 35.393665313720675], [137.57560729980503, 35.40026473999022], [137.57499694824196, 35.40000152587891], [137.57839965820295, 35.39006423950203], [137.58270263671903, 35.389999389648366], [137.58639526367196, 35.388599395752], [137.59199523925798, 35.38373184204097], [137.59829711914097, 35.37806701660157], [137.59880065917997, 35.36473464965823], [137.60189819335898, 35.35779953002926], [137.60189819335898, 35.35499954223626], [137.60020446777298, 35.35060119628907], [137.60130310058597, 35.34640121459962], [137.60150146484398, 35.34120178222661], [137.60400390624997, 35.3365325927734], [137.603591918945, 35.33453369140631], [137.60090637206997, 35.330799102783246], [137.59640502929696, 35.330867767334], [137.593795776367, 35.330932617187486], [137.590393066406, 35.32999801635743], [137.58889770507798, 35.32619857788088], [137.58399963378898, 35.32213211059567], [137.58169555664097, 35.31840133666987], [137.57730102539097, 35.31866455078127], [137.57490539550804, 35.31693267822266], [137.57139587402298, 35.31833267211912], [137.56719970703097, 35.31433105468748], [137.56799316406304, 35.31306838989263], [137.56419372558597, 35.3131980895996], [137.56430053710898, 35.31066513061518], [137.56190490722702, 35.31079864501951], [137.55940246581997, 35.309665679931626], [137.55690002441403, 35.31006622314454], [137.55850219726602, 35.30026626586908], [137.55659484863304, 35.295200347900405], [137.56179809570304, 35.289268493652344], [137.56149291992196, 35.28386688232416], [137.55329895019497, 35.283931732177734], [137.54949951171903, 35.28313446044919], [137.544799804688, 35.28120040893549], [137.53970336914102, 35.2816009521484], [137.53399658203094, 35.28146743774407], [137.529907226563, 35.28306579589843], [137.526000976563, 35.284332275390554], [137.51959228515602, 35.28313446044919], [137.52069091796903, 35.273933410644545], [137.518005371094, 35.27473449707028], [137.51449584960903, 35.27353286743164], [137.51350402832003, 35.27026748657233], [137.507202148438, 35.26653289794918], [137.505401611328, 35.26340103149412], [137.49679565429702, 35.26419830322266], [137.49679565429702, 35.261867523193416], [137.49679565429702, 35.25920104980466], [137.493194580078, 35.25920104980466], [137.483505249023, 35.25693130493163], [137.483291625977, 35.25553131103518], [137.475997924805, 35.25320053100593], [137.46989440918, 35.24586486816414], [137.466598510742, 35.24653244018553], [137.462493896484, 35.24179840087893], [137.460098266602, 35.24000167846683], [137.454193115234, 35.24053192138671], [137.45030212402298, 35.23513412475589], [137.442199707031, 35.23373413085943], [137.440994262695, 35.23059844970701], [137.43910217285196, 35.229999542236285], [137.436492919922, 35.22579956054692], [137.42970275878898, 35.222801208496094], [137.42700195312497, 35.22553253173834], [137.41699218749997, 35.24020004272456], [137.40890502929696, 35.2349319458008], [137.40739440917997, 35.23680114746092], [137.40440368652298, 35.238265991210866], [137.40069580078097, 35.24160003662111], [137.39779663085898, 35.240932464599624], [137.38920593261696, 35.24000167846683], [137.38510131835895, 35.24380111694338], [137.38290405273403, 35.246734619140625], [137.38380432128903, 35.248001098632834], [137.38589477539094, 35.25320053100593], [137.38319396972696, 35.26013183593754], [137.37840270996102, 35.25859832763666], [137.37179565429696, 35.26306533813479], [137.36909484863304, 35.26093292236327], [137.36419677734403, 35.26079940795903], [137.35159301757804, 35.25786590576169], [137.34429931640602, 35.2578010559082], [137.345001220703, 35.261398315429666], [137.342407226563, 35.26113128662109], [137.340103149414, 35.263999938964844], [137.345397949219, 35.26939773559567], [137.34519958496102, 35.27259826660158], [137.338806152344, 35.27560043334958], [137.33779907226602, 35.275131225585916], [137.334899902344, 35.27613449096682], [137.33219909668, 35.27713394165037], [137.33129882812503, 35.277534484863274], [137.327102661133, 35.280601501464766], [137.32429504394503, 35.281734466552734], [137.31120300293, 35.28773117065428], [137.307800292969, 35.291065216064524], [137.304595947266, 35.289997100830135], [137.30110168457, 35.289600372314496], [137.29670715332, 35.2893981933594], [137.29389953613298, 35.289268493652344], [137.283004760742, 35.28820037841804], [137.27920532226597, 35.28820037841804], [137.275604248047, 35.29053115844729], [137.274002075195, 35.287933349609375], [137.27000427246097, 35.28639984130859], [137.26260375976597, 35.28513336181637], [137.26019287109398, 35.2800674438477], [137.26069641113298, 35.275268554687514], [137.258590698242, 35.27473449707028], [137.257293701172, 35.27266693115234], [137.25450134277298, 35.27266693115234], [137.25140380859398, 35.26973342895509], [137.24679565429696, 35.26826477050779], [137.24459838867196, 35.268932342529276], [137.24209594726597, 35.26466751098633], [137.23710632324196, 35.26526641845697], [137.23249816894497, 35.26086807250978], [137.22830200195304, 35.25973129272463], [137.22239685058597, 35.25573348999018], [137.22109985351594, 35.259464263915966], [137.21980285644497, 35.25960159301757], [137.21339416503895, 35.259868621826236], [137.20959472656304, 35.25833129882809], [137.20709228515597, 35.25320053100593], [137.20619201660196, 35.25320053100593], [137.20370483398403, 35.255199432373026], [137.20239257812494, 35.25320053100593], [137.20069885253903, 35.251934051513715], [137.19709777831994, 35.25320053100593], [137.19410705566403, 35.25353240966799], [137.19000244140602, 35.25320053100593], [137.18980407714804, 35.25279998779302], [137.18580627441403, 35.25320053100593], [137.18359375000003, 35.254600524902294], [137.17779541015602, 35.25906753540042], [137.17529296875003, 35.26373291015627], [137.17309570312503, 35.264732360839815], [137.17630004882804, 35.267734527587905], [137.17610168457003, 35.27033233642582], [137.17350769043, 35.27339935302731], [137.17129516601602, 35.27506637573243], [137.16520690918, 35.28253173828128], [137.16070556640602, 35.28260040283204], [137.153991699219, 35.27980041503913], [137.150405883789, 35.28113174438482], [137.145294189453, 35.279865264892614], [137.131500244141, 35.293533325195284], [137.129592895508, 35.29346466064453], [137.121795654297, 35.295932769775376], [137.11979675293, 35.29673385620119], [137.11590576171898, 35.29773330688483], [137.10220336914097, 35.30160140991214], [137.098693847656, 35.29779815673832], [137.098495483398, 35.293800354003864], [137.095993041992, 35.29073333740229], [137.092498779297, 35.29240036010741], [137.08169555664097, 35.29213333129883], [137.08030700683597, 35.29513168334956], [137.08070373535196, 35.30400085449223], [137.079895019531, 35.30646514892581], [137.07640075683597, 35.30619812011723], [137.06759643554696, 35.308532714843835], [137.06640624999997, 35.31000137329096], [137.06300354003898, 35.318531036377024], [137.07220458984395, 35.32566833496091], [137.06809997558597, 35.33513259887703], [137.06349182128898, 35.3365325927734], [137.06340026855497, 35.33706665039064], [137.06030273437497, 35.33886718750001], [137.05459594726597, 35.3365325927734], [137.05000305175804, 35.33466720581046], [137.04719543456997, 35.3365325927734], [137.04620361328097, 35.339664459228466], [137.04589843749997, 35.3512001037598], [137.04899597167994, 35.35799789428708], [137.04739379882795, 35.365001678466804], [137.04539489746097, 35.366867065429744], [137.03559875488304, 35.367866516113295], [137.029907226563, 35.37073135375978], [137.02810668945304, 35.375598907470724], [137.02619934081994, 35.37519836425781], [137.017700195313, 35.37659835815427], [137.01499938964804, 35.38126754760739], [137.003601074219, 35.38113403320306], [137.000198364258, 35.38439941406254], [136.99870300293, 35.390464782714766], [136.99679565429702, 35.390933990478516], [136.99600219726602, 35.3920669555664], [136.99130249023403, 35.39326477050776], [136.988708496094, 35.401000976562464], [136.981399536133, 35.40146636962886], [136.97799682617202, 35.404132843017614], [136.985702514648, 35.414867401122955], [136.985107421875, 35.416999816894474], [136.986099243164, 35.41986465454096], [136.99299621582003, 35.424266815185504], [136.99110412597702, 35.424667358398416], [136.97770690918, 35.42246627807623], [136.971405029297, 35.422199249267564], [136.962997436523, 35.41986465454096], [136.960906982422, 35.414531707763715], [136.96220397949202, 35.410133361816435], [136.96110534668, 35.39933395385743], [136.93420410156298, 35.387798309326186], [136.92109680175798, 35.379066467285206], [136.91839599609398, 35.37853240966797], [136.89239501953097, 35.37813186645506], [136.89050292968804, 35.37806701660157], [136.87179565429696, 35.3730659484863], [136.86439514160196, 35.37233352661133], [136.86239624023398, 35.36993408203132], [136.83380126953102, 35.35586547851556], [136.83079528808602, 35.35666656494138], [136.80839538574202, 35.359733581542955], [136.793304443359, 35.36326599121093], [136.794097900391, 35.36673355102541], [136.794097900391, 35.36753463745123], [136.776901245117, 35.369533538818416], [136.774307250977, 35.369667053222656], [136.770294189453, 35.36866760253911], [136.75930786132798, 35.358066558837926], [136.75360107421898, 35.344932556152315], [136.749801635742, 35.3365325927734], [136.74749755859398, 35.33240127563479], [136.746795654297, 35.33160018920897], [136.741195678711, 35.32366561889654], [136.72520446777298, 35.295467376708984], [136.71429443359398, 35.28546524047852], [136.70440673828097, 35.275535583496094], [136.69940185546903, 35.265331268310455], [136.69039916992196, 35.25320053100593], [136.68339538574196, 35.248535156249986], [136.67770385742202, 35.241001129150376], [136.67970275878903, 35.22813415527343], [136.68310546875003, 35.2003326416016], [136.67190551757804, 35.187801361083984], [136.67179870605503, 35.16986846923828], [136.67410278320304, 35.156799316406335], [136.67109680175804, 35.143798828124964], [136.67250061035202, 35.13473129272457], [136.66940307617202, 35.13359832763669], [136.667907714844, 35.13886642456054], [136.65600585937503, 35.15986633300782], [136.64610290527304, 35.16579818725589], [136.64439392089804, 35.16153335571294], [136.645202636719, 35.14459991455078], [136.63809204101602, 35.147598266601605], [136.63180541992202, 35.15013122558594], [136.624206542969, 35.14659881591797], [136.62179565429702, 35.14773559570312], [136.616104125977, 35.14953231811521], [136.61169433593798, 35.157932281494126], [136.606002807617, 35.16640090942379], [136.60530090332, 35.16986846923828], [136.605499267578, 35.1700668334961], [136.60200500488298, 35.17779922485353], [136.599700927734, 35.17773437500004], [136.59660339355497, 35.17760086059571], [136.593994140625, 35.180931091308594], [136.59150695800798, 35.18560028076171], [136.588394165039, 35.18453216552732], [136.588104248047, 35.18686676025393], [136.58489990234398, 35.188598632812536], [136.584197998047, 35.19333267211914], [136.58279418945298, 35.1962013244629], [136.57780456542997, 35.1966667175293], [136.574996948242, 35.2018661499023], [136.56649780273398, 35.20446777343748], [136.56060791015597, 35.206466674804666], [136.56089782714798, 35.20846557617194], [136.55859374999997, 35.21640014648437], [136.55679321289097, 35.2200012207031], [136.55160522460898, 35.219600677490185], [136.54820251464798, 35.2200012207031], [136.54699707031304, 35.22793197631843], [136.54939270019497, 35.23373413085943], [136.54409790039097, 35.2349319458008], [136.54019165039097, 35.23906707763668], [136.54119873046895, 35.244598388671925], [136.53770446777298, 35.24660110473629], [136.53590393066395, 35.25013351440426], [136.53399658203097, 35.25320053100593], [136.53370666503903, 35.256866455078054], [136.52749633789097, 35.25753402709963], [136.51890563964804, 35.254268646240234], [136.51539611816403, 35.25320053100593], [136.51379394531304, 35.24793243408199], [136.51119995117196, 35.240665435791044], [136.50779724121094, 35.23619842529301], [136.50239562988304, 35.23473358154298], [136.49679565429693, 35.2379341125488], [136.49519348144494, 35.2379341125488], [136.48959350585903, 35.23586654663086], [136.48280334472702, 35.23973464965817], [136.482604980469, 35.238868713378864], [136.480102539063, 35.2349319458008], [136.47380065918, 35.23746871948241], [136.47019958496102, 35.23286819458013], [136.46630859375, 35.23766708374023], [136.462005615234, 35.23606872558586], [136.45440673828102, 35.229400634765554], [136.45089721679702, 35.22579956054692], [136.442092895508, 35.21706771850594], [136.435806274414, 35.219398498535185], [136.43249511718798, 35.22433471679688], [136.431701660156, 35.22913360595698], [136.427001953125, 35.227134704589794], [136.416900634766, 35.22026824951167], [136.414901733398, 35.21766662597658], [136.41189575195298, 35.21839904785164], [136.410003662109, 35.22186660766604], [136.40029907226597, 35.225864410400405], [136.39880371093795, 35.227268218994126], [136.392395019531, 35.23006820678713], [136.39250183105497, 35.233398437500014], [136.38699340820298, 35.234668731689496], [136.38499450683597, 35.237068176269496], [136.37809753417997, 35.2426681518555], [136.37879943847696, 35.245067596435504], [136.38090515136696, 35.248401641845746], [136.38290405273398, 35.24846649169923], [136.38490295410196, 35.2483329772949], [136.39309692382798, 35.25320053100593], [136.39649963378898, 35.2574005126953], [136.39419555664097, 35.258998870849574], [136.395492553711, 35.27873229980473], [136.39149475097696, 35.28706741333007], [136.39079284667997, 35.28779983520513], [136.39469909667997, 35.293865203857436], [136.39790344238298, 35.29740142822268], [136.40229797363298, 35.30033111572274], [136.402801513672, 35.301666259765625], [136.404693603516, 35.3038673400879], [136.40669250488298, 35.3090667724609], [136.410797119141, 35.3138008117676], [136.41270446777298, 35.32360076904297], [136.411102294922, 35.32780075073242], [136.413299560547, 35.332332611084034], [136.41499328613298, 35.3365325927734], [136.42060852050798, 35.346599578857436], [136.421203613281, 35.35313415527341], [136.416595458984, 35.354534149169865], [136.411392211914, 35.35213470458977], [136.40950012207, 35.35540008544917], [136.41130065917997, 35.35846710205083], [136.41310119628898, 35.362266540527294], [136.412994384766, 35.36473464965823], [136.41230773925798, 35.36853408813478], [136.41340637207, 35.371265411377024], [136.41520690917997, 35.373466491699205], [136.41780090332, 35.37333297729487], [136.4248046875, 35.3736686706543], [136.43550109863298, 35.37853240966797], [136.444091796875, 35.38946533203131], [136.443298339844, 35.38980102539064], [136.439605712891, 35.394332885742244], [136.43640136718798, 35.396800994873004], [136.429595947266, 35.39993286132807], [136.42419433593798, 35.40593338012698], [136.42060852050798, 35.41139984130856], [136.41149902343798, 35.418598175048835], [136.41149902343798, 35.41986465454096], [136.411392211914, 35.42099761962893], [136.418197631836, 35.427131652831996], [136.41520690917997, 35.431732177734446], [136.41700744628898, 35.43413162231454], [136.422103881836, 35.44066619873051], [136.425506591797, 35.44773101806637], [136.422592163086, 35.45433425903319], [136.419692993164, 35.466533660888736], [136.41360473632798, 35.4668655395508], [136.403396606445, 35.46939849853523], [136.40119934082, 35.47159957885741], [136.39869689941398, 35.478199005127045], [136.39340209960898, 35.48440170288087], [136.387191772461, 35.487865447998], [136.38760375976597, 35.49560165405269], [136.39160156249997, 35.50320053100588], [136.39439392089798, 35.506732940673764], [136.398193359375, 35.51033401489258], [136.399703979492, 35.513465881347734], [136.402801513672, 35.5120010375977], [136.40530395507798, 35.5135345458984], [136.399795532227, 35.5204658508301], [136.40080261230497, 35.52633285522459], [136.400192260742, 35.529865264892564], [136.39680480956997, 35.53166580200202], [136.38490295410196, 35.53293228149414], [136.38169860839798, 35.537334442138686], [136.37939453124997, 35.546733856201236], [136.37490844726597, 35.554798126220724], [136.37179565429696, 35.55973434448242], [136.36790466308597, 35.55933380126952], [136.36329650878898, 35.558998107910185], [136.35629272460898, 35.5399322509766], [136.34820556640597, 35.53766632080084], [136.34570312500003, 35.53599929809572], [136.34049987793003, 35.537334442138686], [136.34019470214795, 35.54193115234378], [136.33770751953094, 35.549400329589815], [136.33189392089804, 35.550464630127024], [136.32679748535202, 35.54993438720697], [136.32539367675804, 35.54619979858399], [136.32159423828097, 35.54433441162114], [136.31779479980503, 35.54693222045896], [136.31689453125003, 35.553531646728516], [136.31730651855503, 35.56006622314449], [136.32150268554702, 35.56866455078131], [136.32279968261696, 35.583267211914134], [136.32310485839804, 35.58653259277344], [136.320007324219, 35.601268768310504], [136.31529235839804, 35.605598449707024], [136.31629943847702, 35.60713195800781], [136.32330322265602, 35.6162643432617], [136.31539916992202, 35.62326431274407], [136.31019592285202, 35.62326431274407], [136.30490112304702, 35.62073135375982], [136.29890441894503, 35.61800003051758], [136.292999267578, 35.618534088134815], [136.288696289063, 35.62033462524409], [136.286895751953, 35.62606430053707], [136.28329467773403, 35.63173294067383], [136.278900146484, 35.63686752319343], [136.28279113769503, 35.64333343505856], [136.275894165039, 35.65333175659184], [136.28059387207003, 35.658664703369084], [136.287002563477, 35.66460037231451], [136.290298461914, 35.66713333129884], [136.288604736328, 35.66986846923827], [136.29020690918, 35.67246627807618], [136.29859924316403, 35.67766571044918], [136.291702270508, 35.68513107299804], [136.29159545898403, 35.690799713134794], [136.29789733886702, 35.692932128906314], [136.30549621582003, 35.70126724243156], [136.310501098633, 35.70633316040041], [136.311401367188, 35.71193313598632], [136.32359313964804, 35.71686553955084], [136.32069396972702, 35.7234649658203], [136.32450866699202, 35.72706604003912], [136.32569885253903, 35.73273468017579], [136.32450866699202, 35.74300003051764], [136.322708129883, 35.74580001831046], [136.31889343261696, 35.7491340637207], [136.31950378418003, 35.753200531005916], [136.321899414063, 35.765865325927685], [136.32389831543003, 35.76786804199223], [136.32829284668003, 35.7751312255859], [136.33569335937494, 35.776065826415966], [136.33619689941403, 35.77453231811518], [136.34179687499994, 35.77613449096681], [136.34669494628895, 35.77686691284178], [136.35209655761696, 35.783134460449176], [136.35670471191403, 35.78626632690433], [136.35670471191403, 35.78686523437497], [136.36830139160196, 35.79073333740227], [136.37179565429696, 35.79240036010739], [136.37750244140597, 35.7952003479004], [136.38890075683597, 35.791133880615185], [136.390197753906, 35.78813171386718], [136.400192260742, 35.78900146484384], [136.404891967773, 35.78293228149409], [136.409194946289, 35.780532836914084], [136.415603637695, 35.78246688842769], [136.422897338867, 35.78013229370118], [136.426696777344, 35.77753448486327], [136.43310546875, 35.77466583251951], [136.44270324707, 35.77473449707026], [136.44560241699202, 35.77313232421881], [136.45199584960903, 35.7765998840332], [136.458602905273, 35.77906417846678], [136.461700439453, 35.77799987792966], [136.46920776367202, 35.773067474365234], [136.47489929199202, 35.773601531982386], [136.48429870605503, 35.775264739990234], [136.48539733886693, 35.77600097656248], [136.48640441894503, 35.77266693115232], [136.49679565429693, 35.76413345336908], [136.49679565429693, 35.761333465576165], [136.49679565429693, 35.76079940795901], [136.50140380859403, 35.753200531005916], [136.50569152831997, 35.75040054321292], [136.50770568847702, 35.753200531005916], [136.50869750976602, 35.757598876953104], [136.51219177246097, 35.75993347167971], [136.51339721679696, 35.76240158081047], [136.51260375976602, 35.77313232421881], [136.51629638671903, 35.77780151367193], [136.52330017089795, 35.78826522827151], [136.53750610351594, 35.78106689453133], [136.54609680175795, 35.779266357421875], [136.55250549316398, 35.7807312011719], [136.56019592285196, 35.77939987182621], [136.567199707031, 35.779197692871115], [136.57090759277298, 35.77759933471684], [136.57830810546898, 35.781467437744055], [136.58540344238298, 35.78499984741212], [136.585800170898, 35.79153442382809], [136.58970642089798, 35.7956008911133], [136.595596313477, 35.79579925537112], [136.599594116211, 35.79859924316413], [136.60290527343798, 35.794998168945305], [136.60760498046898, 35.79226684570306], [136.609298706055, 35.79140090942376], [136.612396240234, 35.788799285888665], [136.621597290039, 35.78779983520512], [136.62179565429702, 35.78686523437497], [136.627197265625, 35.79159927368158], [136.62629699707003, 35.79700088500976], [136.632705688477, 35.79593276977537], [136.638198852539, 35.79853439331046], [136.64379882812503, 35.806266784667976], [136.644897460938, 35.80686569213871], [136.65260314941403, 35.796733856201186], [136.65440368652304, 35.78573226928709], [136.66000366210903, 35.78346633911133], [136.66580200195304, 35.785198211669936], [136.67219543456994, 35.79166412353524], [136.67460632324193, 35.79179763793949], [136.67689514160202, 35.792999267578125], [136.68339538574196, 35.78960037231448], [136.69110107421903, 35.7902641296387], [136.69929504394497, 35.794334411621094], [136.70599365234395, 35.79186630249024], [136.71020507812497, 35.79286575317379], [136.72039794921898, 35.800533294677734], [136.72329711914097, 35.808200836181584], [136.73579406738298, 35.80506515502934], [136.74139404296898, 35.80133438110346], [136.746795654297, 35.8051338195801], [136.75720214843798, 35.80973434448237], [136.764495849609, 35.81026840209962], [136.773895263672, 35.8059997558594], [136.774993896484, 35.7993316650391], [136.782302856445, 35.799198150634766], [136.784698486328, 35.79859924316413], [136.789093017578, 35.79946517944343], [136.794296264648, 35.807998657226584], [136.798202514648, 35.82133102416993], [136.79789733886702, 35.82913208007811], [136.79960632324202, 35.83653259277339], [136.802597045898, 35.843864440918], [136.81599426269503, 35.842800140380874], [136.826293945313, 35.846534729003935], [136.82839965820304, 35.84893417358403], [136.83200073242202, 35.85806655883791], [136.82719421386693, 35.86906433105474], [136.82589721679702, 35.87226867675783], [136.824401855469, 35.87486648559574], [136.819107055664, 35.88186645507811], [136.82249450683602, 35.888198852539084], [136.82209777832003, 35.896198272705085], [136.81719970703102, 35.90166473388667], [136.81590270996102, 35.90439987182618], [136.81159973144503, 35.91253280639652], [136.805404663086, 35.913200378418004], [136.798904418945, 35.91899871826173], [136.799194335938, 35.91986465454104], [136.793106079102, 35.92126464843749], [136.79010009765602, 35.921001434326186], [136.78439331054702, 35.92440032958983], [136.784591674805, 35.929000854492195], [136.793304443359, 35.942867279052685], [136.79150390625, 35.94673156738281], [136.786102294922, 35.94900131225593], [136.784194946289, 35.94879913330084], [136.77630615234398, 35.9512672424316], [136.769104003906, 35.951000213623026], [136.753494262695, 35.9562644958496], [136.749496459961, 35.96126556396479], [136.750091552734, 35.966934204101634], [136.75309753417997, 35.96913146972664], [136.750701904297, 35.99039840698241], [136.746795654297, 35.99126434326171], [136.72639465331997, 35.99593353271484], [136.72900390624997, 36.00320053100587], [136.72889709472696, 36.009731292724574], [136.73170471191398, 36.014533996582024], [136.731994628906, 36.01913452148439], [136.73390197753898, 36.0219345092773], [136.73359680175798, 36.02893447875976], [136.73550415039097, 36.04019927978516], [136.73449707031295, 36.04840087890634], [136.73300170898398, 36.049331665039134], [136.740295410156, 36.05486679077147], [136.73980712890597, 36.057067871093835], [136.746795654297, 36.06106567382811], [136.752899169922, 36.06313323974614], [136.759902954102, 36.067264556884844], [136.76379394531298, 36.067733764648416], [136.76260375976597, 36.075332641601605], [136.757904052734, 36.081001281738274], [136.753997802734, 36.0863990783691], [136.754196166992, 36.08653259277343], [136.75700378417997, 36.099933624267614], [136.764801025391, 36.10573196411126], [136.77020263671898, 36.11640167236329], [136.77209472656298, 36.125865936279325], [136.77789306640602, 36.13053512573236], [136.77880859375, 36.13359832763667], [136.779602050781, 36.142265319824155], [136.775604248047, 36.14500045776367], [136.775299072266, 36.150199890136676], [136.77160644531298, 36.155464172363345], [136.77239990234398, 36.15806579589844], [136.765701293945, 36.161132812500014], [136.768203735352, 36.16433334350592], [136.775695800781, 36.16540145874023], [136.781707763672, 36.16686630249017], [136.786895751953, 36.16646575927726], [136.791000366211, 36.16986465454099], [136.79840087890602, 36.172798156738324], [136.802200317383, 36.18766784667972], [136.80670166015602, 36.19186782836909], [136.80700683593798, 36.192268371581996], [136.81779479980503, 36.201000213622976], [136.82200622558602, 36.20119857788088], [136.82159423828102, 36.2035331726074], [136.81990051269503, 36.20840072631843], [136.82530212402304, 36.21333312988277], [136.83140563964804, 36.21866607666019], [136.83419799804702, 36.22553253173832], [136.83959960937503, 36.23239898681644], [136.846801757813, 36.244468688964844], [136.85040283203094, 36.24693298339842], [136.85150146484403, 36.248401641845724], [136.84950256347702, 36.252265930175845], [136.84669494628903, 36.25320053100591], [136.84399414062503, 36.256866455078125], [136.84320068359403, 36.25986480712894], [136.84140014648403, 36.25979995727537], [136.83430480957003, 36.26366806030267], [136.83259582519503, 36.26606750488276], [136.82969665527304, 36.26613235473634], [136.82479858398403, 36.26606750488276], [136.82209777832003, 36.266399383544915], [136.81449890136702, 36.26633453369143], [136.81309509277304, 36.271266937255945], [136.805603027344, 36.276798248291016], [136.805297851563, 36.28480148315429], [136.798202514648, 36.29133224487299], [136.795104980469, 36.29380035400393], [136.792098999023, 36.299133300781264], [136.800003051758, 36.30519866943357], [136.80589294433602, 36.30566787719733], [136.81019592285202, 36.30319976806639], [136.82519531250003, 36.30313110351563], [136.82679748535202, 36.30319976806639], [136.831497192383, 36.306533813476634], [136.83189392089804, 36.30753326416018], [136.83059692382804, 36.309333801269545], [136.83590698242202, 36.3198013305664], [136.84199523925804, 36.3338661193848], [136.84089660644503, 36.33653259277338], [136.83750915527304, 36.34439849853523], [136.83709716796903, 36.34746551513672], [136.84419250488304, 36.35106658935553], [136.84770202636696, 36.34973144531248], [136.85440063476602, 36.34746551513672], [136.85639953613304, 36.34973144531248], [136.86509704589795, 36.349800109863324], [136.86520385742196, 36.35279846191414], [136.86500549316403, 36.35660171508787], [136.86849975585898, 36.36500167846678], [136.87130737304696, 36.36753463745121], [136.87179565429696, 36.367401123046875], [136.87269592285196, 36.36353302001948], [136.87399291992196, 36.361000061035234], [136.87609863281304, 36.359401702880874], [136.87339782714798, 36.353668212890625], [136.87179565429696, 36.35340118408196], [136.87049865722696, 36.35346603393554], [136.87030029296903, 36.34906768798826], [136.87179565429696, 36.34966659545899], [136.87559509277298, 36.35013198852538], [136.87519836425804, 36.34606552124017], [136.87490844726602, 36.3429336547852], [136.87910461425804, 36.34479904174796], [136.88279724121097, 36.342266082763715], [136.88830566406304, 36.34606552124017], [136.89309692382798, 36.348400115966776], [136.89779663085898, 36.35346603393554], [136.90370178222696, 36.35733413696293], [136.907196044922, 36.361000061035234], [136.91870117187497, 36.355934143066385], [136.92579650878898, 36.353668212890625], [136.934097290039, 36.348598480224595], [136.94010925292997, 36.34906768798826], [136.946701049805, 36.346134185791016], [136.951995849609, 36.33946609497071], [136.95529174804702, 36.338268280029254], [136.956405639648, 36.33653259277338], [136.96049499511702, 36.32653427124019], [136.964599609375, 36.318531036377], [136.971298217773, 36.3148651123047], [136.972106933594, 36.30920028686521], [136.968200683594, 36.30220031738284], [136.966903686523, 36.295600891113295], [136.96539306640602, 36.29373550415044], [136.960205078125, 36.28626632690432], [136.96049499511702, 36.283535003662074], [136.957794189453, 36.279067993164134], [136.960296630859, 36.27706527709959], [136.96659851074202, 36.27726745605468], [136.968399047852, 36.27553558349607], [136.97050476074202, 36.27780151367192], [136.97509765625, 36.274467468261676], [136.985794067383, 36.282466888427685], [136.98649597168, 36.28626632690432], [136.99679565429702, 36.28726577758787], [137.00509643554702, 36.28813552856453], [137.00740051269503, 36.2910652160645], [137.01119995117202, 36.2932014465332], [137.01139831543003, 36.29420089721684], [137.01190185546903, 36.298732757568445], [137.01579284668003, 36.305000305175845], [137.02099609375003, 36.309467315673785], [137.01800537109403, 36.31319808959958], [137.02029418945304, 36.318531036377], [137.02439880371102, 36.31686782836906], [137.03630065918003, 36.3176651000977], [137.04479980468804, 36.324001312255945], [137.05189514160196, 36.33020019531249], [137.05169677734403, 36.33653259277338], [137.05459594726597, 36.33953475952147], [137.05850219726597, 36.34266662597662], [137.04879760742196, 36.3457984924316], [137.05160522460898, 36.35060119628914], [137.05670166015597, 36.35693359375002], [137.06140136718804, 36.36719894409179], [137.05839538574196, 36.36899948120124], [137.05819702148398, 36.37213134765631]]]}}, {"type": "Feature", "properties": {"code": "02", "name": "青森県"}, "geometry": {"type": "MultiPolygon", "coordinates": [[[[140.7786, 41.2108], [140.7852, 41.2331], [140.7802, 41.2532], [140.8065, 41.3147], [140.7998, 41.3231], [140.8192, 41.3439], [140.8363, 41.4158], [140.8658, 41.4366], [140.8825, 41.4687], [140.897, 41.476], [140.909, 41.4951], [140.8986, 41.5235], [140.9128, 41.547], [140.9723, 41.5009], [141.0032, 41.4862], [141.0682, 41.4825], [141.1131, 41.4636], [141.1931, 41.3877], [141.2659, 41.3565], [141.3056, 41.3515], [141.3718, 41.3703], [141.3979, 41.3809], [141.4643, 41.4301], [141.4637, 41.4024], [141.4533, 41.3968], [141.459, 41.3791], [141.436, 41.3365], [141.3904, 41.1699], [141.3934, 41.1039], [141.3989, 41.1011], [141.3858, 41.0032], [141.3866, 40.9307], [141.4158, 40.7532], [141.4308, 40.6883], [141.4733, 40.5849], [141.4926, 40.5652], [141.4877, 40.5573], [141.5005, 40.5574], [141.5018, 40.5471], [141.5104, 40.5464], [141.5034, 40.5409], [141.5349, 40.5277], [141.5755, 40.5433], [141.5921, 40.5197], [141.6218, 40.5061], [141.6351, 40.4839], [141.6831, 40.4509], [141.6547, 40.4289], [141.587, 40.4075], [141.5819, 40.3745], [141.5374, 40.3478], [141.4809, 40.3765], [141.4434, 40.3763], [141.4083, 40.3579], [141.3976, 40.3677], [141.3771, 40.3393], [141.3514, 40.3315], [141.3351, 40.3455], [141.3366, 40.3607], [141.3174, 40.3733], [141.2941, 40.3639], [141.2927, 40.3523], [141.278, 40.3447], [141.2613, 40.3486], [141.2146, 40.3148], [141.1393, 40.3011], [141.1009, 40.2815], [141.1095, 40.2611], [141.1046, 40.2567], [141.0771, 40.2529], [141.0263, 40.2221], [141.0061, 40.2185], [140.9805, 40.2201], [140.9468, 40.2578], [140.957, 40.2847], [140.9453, 40.2885], [140.9443, 40.2968], [140.9563, 40.3039], [140.9576, 40.3243], [140.9687, 40.3376], [140.9624, 40.3477], [140.9822, 40.3446], [140.995, 40.3537], [140.9958, 40.3723], [140.9791, 40.4162], [140.9854, 40.4275], [140.8925, 40.4237], [140.8613, 40.4405], [140.8797, 40.5115], [140.8223, 40.4969], [140.8118, 40.4887], [140.8042, 40.4498], [140.7885, 40.4576], [140.7634, 40.4519], [140.7529, 40.4397], [140.7362, 40.4404], [140.7341, 40.4166], [140.6998, 40.4297], [140.6628, 40.4058], [140.6471, 40.4039], [140.6334, 40.4038], [140.6262, 40.4242], [140.5899, 40.4367], [140.5887, 40.4306], [140.555, 40.4221], [140.5678, 40.3995], [140.5415, 40.4032], [140.5249, 40.4107], [140.5282, 40.4317], [140.5106, 40.4291], [140.4657, 40.4559], [140.4406, 40.4505], [140.4373, 40.4793], [140.404, 40.4756], [140.3884, 40.4876], [140.3482, 40.468], [140.3354, 40.4399], [140.3099, 40.437], [140.299, 40.4467], [140.2508, 40.4432], [140.2216, 40.4318], [140.1858, 40.4436], [140.1522, 40.4354], [140.1079, 40.4364], [140.0998, 40.4535], [140.0685, 40.4693], [140.0368, 40.4621], [140.0205, 40.4483], [140.0261, 40.4399], [140.0197, 40.4205], [139.9959, 40.4352], [139.9731, 40.4272], [139.9598, 40.4352], [139.9364, 40.4287], [139.9489, 40.4927], [139.9417, 40.5495], [139.9297, 40.5574], [139.9337, 40.5637], [139.9176, 40.5865], [139.8718, 40.5833], [139.8616, 40.5963], [139.8606, 40.614], [139.9034, 40.6465], [139.9285, 40.643], [139.9369, 40.6719], [139.9481, 40.6699], [139.9634, 40.6823], [139.967, 40.6987], [139.9876, 40.7151], [139.9996, 40.7452], [140.0251, 40.7505], [140.0522, 40.7693], [140.1218, 40.7426], [140.1947, 40.7841], [140.232, 40.7845], [140.251, 40.802], [140.2826, 40.8587], [140.3022, 40.9174], [140.3235, 41.0458], [140.3194, 41.0935], [140.286, 41.1215], [140.2495, 41.1243], [140.249, 41.1344], [140.2777, 41.1398], [140.3006, 41.131], [140.3113, 41.1365], [140.3105, 41.1456], [140.32, 41.1468], [140.3358, 41.1917], [140.3295, 41.2213], [140.3333, 41.2391], [140.3412, 41.2429], [140.3395, 41.2605], [140.3965, 41.2351], [140.4307, 41.198], [140.465, 41.1827], [140.4968, 41.1893], [140.5279, 41.222], [140.5392, 41.2185], [140.5496, 41.2297], [140.603, 41.2155], [140.631, 41.1925], [140.6429, 41.1699], [140.6341, 41.1333], [140.6352, 41.0772], [140.6471, 41.0467], [140.6608, 40.9489], [140.6867, 40.8691], [140.7329, 40.8317], [140.7953, 40.8365], [140.859, 40.8877], [140.8556, 40.9034], [140.87, 40.9139], [140.8651, 40.9207], [140.8716, 40.9457], [140.8383, 40.9539], [140.8614, 40.9575], [140.8605, 40.9719], [140.8732, 40.9797], [140.8645, 40.985], [140.8726, 40.9881], [140.8802, 41.0097], [140.9045, 41.0077], [140.9236, 40.9936], [140.948, 40.9933], [140.9837, 40.9609], [140.9746, 40.934], [140.9985, 40.9369], [141.0419, 40.9155], [141.0643, 40.9141], [141.0844, 40.8867], [141.1053, 40.8729], [141.1452, 40.8781], [141.199, 40.931], [141.2327, 41.0032], [141.2486, 41.1107], [141.2722, 41.1353], [141.2785, 41.1551], [141.2468, 41.2262], [141.1887, 41.2798], [141.1582, 41.2772], [141.1343, 41.2407], [141.1574, 41.2532], [141.1584, 41.2627], [141.1553, 41.2453], [141.1154, 41.2149], [141.0735, 41.2001], [141.0563, 41.1834], [140.9817, 41.1998], [140.9463, 41.1746], [140.9114, 41.1753], [140.8927, 41.1642], [140.8523, 41.1603], [140.8264, 41.1464], [140.8123, 41.1285], [140.785, 41.1318], [140.7652, 41.1454], [140.7646, 41.1935], [140.7786, 41.2108]]]]}}, {"type": "Feature", "properties": {"code": "27", "name": "大阪府"}, "geometry": {"type": "MultiPolygon", "coordinates": [[[[135.3708, 35.0453], [135.3802, 35.0363], [135.3821, 35.0101], [135.4099, 35.0109], [135.423, 35.0023], [135.4361, 35.0083], [135.4914, 34.9893], [135.4832, 34.9814], [135.4901, 34.9677], [135.4809, 34.9625], [135.4863, 34.9564], [135.481, 34.9495], [135.49, 34.9418], [135.5132, 34.9439], [135.5418, 34.9153], [135.5722, 34.9165], [135.5807, 34.9236], [135.58, 34.937], [135.5622, 34.9335], [135.5633, 34.9422], [135.5577, 34.933], [135.5568, 34.9381], [135.5636, 34.9536], [135.5783, 34.9557], [135.5733, 34.9717], [135.6129, 34.9713], [135.6176, 34.9575], [135.5999, 34.928], [135.6239, 34.9353], [135.6428, 34.9298], [135.6522, 34.9168], [135.6486, 34.9094], [135.6667, 34.9041], [135.6823, 34.8878], [135.6955, 34.8482], [135.7098, 34.8466], [135.7447, 34.8043], [135.7284, 34.7779], [135.711, 34.7813], [135.7095, 34.7532], [135.6965, 34.7437], [135.7038, 34.7239], [135.6727, 34.7017], [135.6778, 34.6793], [135.6584, 34.6147], [135.6503, 34.6087], [135.6753, 34.6013], [135.6815, 34.5849], [135.6577, 34.563], [135.6505, 34.5449], [135.6766, 34.5246], [135.673, 34.5032], [135.6842, 34.4854], [135.6864, 34.4509], [135.6647, 34.424], [135.6799, 34.4083], [135.6549, 34.3848], [135.5795, 34.3764], [135.5077, 34.3365], [135.485, 34.3627], [135.4661, 34.3479], [135.4088, 34.3419], [135.3971, 34.3305], [135.3382, 34.3351], [135.33, 34.3167], [135.3035, 34.3127], [135.2931, 34.2993], [135.2822, 34.3178], [135.2468, 34.3131], [135.2251, 34.3009], [135.2076, 34.3081], [135.2048, 34.2888], [135.1844, 34.2794], [135.1531, 34.2742], [135.148, 34.2835], [135.1325, 34.2725], [135.1112, 34.272], [135.0965, 34.2959], [135.1058, 34.3079], [135.0933, 34.3146], [135.1303, 34.326], [135.1397, 34.3176], [135.1529, 34.3311], [135.2182, 34.3449], [135.2484, 34.3767], [135.2865, 34.4007], [135.2943, 34.4151], [135.3188, 34.42], [135.3174, 34.4307], [135.3224, 34.4243], [135.3246, 34.4369], [135.3308, 34.4327], [135.3517, 34.4579], [135.3531, 34.4508], [135.3609, 34.4615], [135.354, 34.463], [135.3722, 34.4715], [135.3661, 34.4807], [135.376, 34.4733], [135.3709, 34.5026], [135.3786, 34.511], [135.3672, 34.5171], [135.3783, 34.532], [135.3714, 34.5225], [135.3797, 34.5152], [135.3822, 34.5255], [135.3818, 34.5117], [135.3876, 34.5144], [135.3901, 34.5055], [135.4318, 34.5322], [135.4457, 34.5569], [135.4105, 34.5608], [135.402, 34.5999], [135.4157, 34.5938], [135.4209, 34.5696], [135.4295, 34.5707], [135.4261, 34.5897], [135.4415, 34.5829], [135.4447, 34.5674], [135.4525, 34.5649], [135.4514, 34.575], [135.4577, 34.5757], [135.4503, 34.5837], [135.4664, 34.5846], [135.4493, 34.587], [135.4624, 34.5873], [135.4606, 34.5948], [135.4377, 34.5887], [135.4255, 34.5934], [135.4235, 34.605], [135.4454, 34.5982], [135.4371, 34.6107], [135.4234, 34.6108], [135.4234, 34.619], [135.4329, 34.6131], [135.4313, 34.6218], [135.4413, 34.6261], [135.4472, 34.6147], [135.4508, 34.6453], [135.4194, 34.6532], [135.4204, 34.6602], [135.4143, 34.6516], [135.4263, 34.6679], [135.4175, 34.6635], [135.4177, 34.6735], [135.4082, 34.6719], [135.4193, 34.6769], [135.4161, 34.6842], [135.4239, 34.6932], [135.4138, 34.6867], [135.4028, 34.6932], [135.447, 34.7197], [135.4469, 34.7333], [135.4599, 34.7332], [135.4414, 34.7909], [135.4234, 34.8019], [135.4157, 34.8195], [135.4239, 34.8365], [135.4167, 34.8521], [135.4299, 34.8555], [135.4446, 34.8985], [135.4306, 34.8923], [135.4268, 34.9061], [135.4182, 34.9088], [135.438, 34.9199], [135.4651, 34.9199], [135.4668, 34.9287], [135.4417, 34.9393], [135.4182, 34.9339], [135.4108, 34.9432], [135.3923, 34.9414], [135.3827, 34.9554], [135.3601, 34.9545], [135.3456, 34.9653], [135.3498, 34.9798], [135.359, 34.9823], [135.3542, 35.0241], [135.3304, 35.0345], [135.349, 35.0509], [135.3708, 35.0453]]], [[[135.4097, 34.659], [135.3867, 34.6627], [135.3879, 34.6677], [135.4025, 34.6733], [135.4097, 34.659]]], [[[135.3921, 34.6423], [135.3789, 34.6431], [135.3729, 34.652], [135.3794, 34.6601], [135.4045, 34.6537], [135.3921, 34.6423]]], [[[135.4222, 34.6219], [135.4074, 34.6295], [135.4122, 34.6371], [135.3986, 34.6313], [135.3985, 34.6382], [135.4162, 34.6447], [135.4393, 34.6412], [135.4418, 34.6283], [135.4222, 34.6219]]], [[[135.4175, 34.6108], [135.4027, 34.6121], [135.3993, 34.6207], [135.4184, 34.6196], [135.4175, 34.6108]]], [[[135.4263, 34.5471], [135.4409, 34.5541], [135.4211, 34.5246], [135.3991, 34.5364], [135.4093, 34.5544], [135.4158, 34.55], [135.4113, 34.542], [135.4201, 34.538], [135.4263, 34.5471]]], [[[135.3937, 34.5314], [135.4027, 34.5256], [135.3998, 34.5189], [135.3883, 34.524], [135.3937, 34.5314]]], [[[135.3341, 34.4457], [135.3279, 34.45], [135.3401, 34.4664], [135.3469, 34.4587], [135.3341, 34.4457]]], [[[135.2294, 34.446], [135.2414, 34.4553], [135.2521, 34.4468], [135.2331, 34.4319], [135.2512, 34.4441], [135.2646, 34.4377], [135.227, 34.4132], [135.2184, 34.4221], [135.2288, 34.4309], [135.2058, 34.4234], [135.2013, 34.4283], [135.2294, 34.446]]]]}}, {"type": "Feature", "properties": {"code": "20", "name": "長野県"}, "geometry": {"type": "Polygon", "coordinates": [[[138.524597167969, 37.030532836914105], [138.530395507813, 37.02426528930662], [138.53939819335903, 37.020866394042976], [138.54429626464804, 37.021999359130945], [138.550704956055, 37.02253341674801], [138.55419921875003, 37.023200988769496], [138.5625, 37.022201538085945], [138.56529235839804, 37.02126693725589], [138.565795898438, 37.02140045166022], [138.56930541992202, 37.0141334533691], [138.57200622558602, 37.005466461181605], [138.57350158691403, 37.00320053100594], [138.57769775390594, 36.994800567627024], [138.58639526367196, 36.98740005493157], [138.58709716796903, 36.97666549682623], [138.58700561523403, 36.97053146362298], [138.586303710938, 36.9656677246094], [138.58610534668003, 36.95726776123049], [138.58369445800804, 36.930667877197294], [138.58390808105503, 36.92833328247069], [138.58700561523403, 36.92753219604487], [138.58900451660202, 36.9259338378906], [138.59170532226602, 36.92499923706053], [138.59030151367193, 36.91986846923829], [138.58949279785193, 36.91406631469729], [138.59249877929696, 36.91173171997068], [138.59710693359403, 36.9071311950684], [138.61419677734403, 36.907867431640554], [138.62049865722696, 36.903400421142614], [138.61779785156304, 36.895401000976605], [138.61979675292997, 36.889801025390604], [138.62179565429696, 36.88866806030273], [138.62669372558597, 36.88219833374024], [138.63580322265597, 36.88339996337888], [138.63580322265597, 36.8803329467773], [138.64100646972696, 36.878665924072266], [138.64280700683597, 36.875667572021534], [138.65179443359398, 36.87373352050784], [138.654998779297, 36.87033462524411], [138.65690612792997, 36.868732452392564], [138.672698974609, 36.866600036621136], [138.67840576171898, 36.86673355102538], [138.686996459961, 36.86206817626953], [138.690902709961, 36.85720062255859], [138.693405151367, 36.852333068847734], [138.690200805664, 36.84606552124016], [138.690399169922, 36.837665557861335], [138.690292358398, 36.836532592773366], [138.68850708007798, 36.83133316040036], [138.68020629882798, 36.82220077514648], [138.681396484375, 36.819999694824205], [138.687103271484, 36.817535400390625], [138.69160461425798, 36.812465667724595], [138.69560241699202, 36.80753326416017], [138.68829345703102, 36.796268463134766], [138.688400268555, 36.79266738891604], [138.68229675293, 36.78773117065434], [138.670791625977, 36.78246688842767], [138.66920471191398, 36.77633285522461], [138.67230224609398, 36.77073287963869], [138.682693481445, 36.765998840331996], [138.687896728516, 36.76586532592766], [138.691101074219, 36.755535125732415], [138.691299438477, 36.753200531005895], [138.693206787109, 36.74546813964838], [138.695693969727, 36.73860168457034], [138.683700561523, 36.735599517822344], [138.674606323242, 36.73113250732422], [138.669998168945, 36.7309341430664], [138.66780090332, 36.7309341430664], [138.665496826172, 36.729000091552706], [138.659393310547, 36.729198455810526], [138.65559387207, 36.727600097656335], [138.64680480956997, 36.72613525390631], [138.64199829101597, 36.72386550903319], [138.62989807128898, 36.71973419189449], [138.62440490722696, 36.7210006713867], [138.62179565429696, 36.72040176391597], [138.61520385742196, 36.71046829223627], [138.60980224609403, 36.70646667480472], [138.60440063476602, 36.709068298339815], [138.59910583496102, 36.714534759521484], [138.59550476074196, 36.714733123779304], [138.59080505371102, 36.70833206176757], [138.58290100097702, 36.70146560668954], [138.57380676269503, 36.70740127563478], [138.56900024414102, 36.70586776733399], [138.56379699707003, 36.70586776733399], [138.55819702148403, 36.70660018920896], [138.54469299316403, 36.703800201415966], [138.543395996094, 36.7039337158203], [138.535995483398, 36.697200775146506], [138.532302856445, 36.697132110595746], [138.529495239258, 36.697132110595746], [138.520401000977, 36.69286727905271], [138.514007568359, 36.69033432006838], [138.519805908203, 36.688934326171925], [138.519500732422, 36.68233108520511], [138.518798828125, 36.67566680908198], [138.525497436523, 36.66986846923834], [138.53439331054702, 36.666400909423764], [138.529205322266, 36.65646743774406], [138.525207519531, 36.65146636962888], [138.512802124023, 36.64759826660157], [138.511795043945, 36.6468658447266], [138.507400512695, 36.64799880981448], [138.498199462891, 36.644001007080114], [138.496795654297, 36.64333343505863], [138.48789978027298, 36.64166641235351], [138.48219299316398, 36.64500045776366], [138.48089599609398, 36.64526748657232], [138.47279357910196, 36.64346694946287], [138.46549987792997, 36.63700103759774], [138.46380615234395, 36.637199401855476], [138.45799255371097, 36.63333129882808], [138.45989990234398, 36.62753295898444], [138.45339965820298, 36.613265991210945], [138.44799804687497, 36.61066818237303], [138.44250488281304, 36.61046600341803], [138.44149780273398, 36.61073303222661], [138.43960571289102, 36.60406875610349], [138.44009399414097, 36.59966659545903], [138.43379211425804, 36.59973526000979], [138.42739868164102, 36.596134185790966], [138.42649841308597, 36.586532592773416], [138.42030334472702, 36.57706832885738], [138.42100524902304, 36.57346725463874], [138.42820739746102, 36.568866729736285], [138.42799377441395, 36.562267303466825], [138.42700195312503, 36.55939865112298], [138.42849731445304, 36.55559921264652], [138.41729736328097, 36.54313278198239], [138.41239929199196, 36.54146575927727], [138.41349792480503, 36.53413391113284], [138.41070556640602, 36.52666854858399], [138.40390014648403, 36.52093124389648], [138.40440368652304, 36.511535644531286], [138.40510559082003, 36.505867004394524], [138.403198242188, 36.503200531005945], [138.39720153808602, 36.48873138427728], [138.39849853515602, 36.48339843750003], [138.40049743652304, 36.480331420898366], [138.40049743652304, 36.47180175781248], [138.40280151367202, 36.46479797363284], [138.400100708008, 36.46126556396478], [138.39970397949202, 36.455066680908224], [138.39970397949202, 36.4523315429688], [138.40339660644503, 36.452133178710895], [138.40080261230503, 36.44046783447267], [138.40089416503903, 36.43473434448243], [138.41720581054702, 36.430599212646456], [138.44360351562497, 36.42146682739257], [138.44569396972696, 36.419868469238295], [138.44799804687497, 36.419868469238295], [138.45449829101597, 36.42079925537109], [138.45710754394497, 36.419868469238295], [138.45759582519497, 36.4116668701172], [138.46060180664097, 36.40739822387699], [138.46029663085898, 36.40459823608399], [138.47869873046898, 36.40393447875977], [138.489807128906, 36.40159988403317], [138.48919677734398, 36.40946578979493], [138.49359130859398, 36.41366577148439], [138.496795654297, 36.414268493652294], [138.504196166992, 36.4149322509766], [138.506698608398, 36.41400146484381], [138.51969909668, 36.40686416625984], [138.533401489258, 36.402267456054744], [138.54139709472702, 36.40380096435553], [138.555603027344, 36.41813278198242], [138.56300354003903, 36.419868469238295], [138.56640625000003, 36.419868469238295], [138.57090759277304, 36.41960144042972], [138.57499694824196, 36.419868469238295], [138.58509826660202, 36.422134399414055], [138.58789062499994, 36.420665740966754], [138.59219360351602, 36.424465179443395], [138.60000610351602, 36.42353439331051], [138.60440063476602, 36.42226791381839], [138.61239624023398, 36.422798156738274], [138.61880493164094, 36.419868469238295], [138.62179565429696, 36.416400909423814], [138.62829589843804, 36.416198730468814], [138.63450622558597, 36.41773223876951], [138.64219665527298, 36.41333389282232], [138.64430236816398, 36.41153335571287], [138.64810180664097, 36.40826797485347], [138.64830017089798, 36.40753173828132], [138.64990234374997, 36.3980674743652], [138.651596069336, 36.39393234252932], [138.65049743652298, 36.382133483886676], [138.65150451660196, 36.37306594848628], [138.65710449218795, 36.36873245239258], [138.651992797852, 36.36013412475593], [138.65370178222696, 36.35706710815427], [138.64990234374997, 36.35193252563484], [138.65029907226597, 36.342601776122955], [138.65029907226597, 36.33653259277338], [138.651901245117, 36.330532073974645], [138.651901245117, 36.32253265380864], [138.64810180664097, 36.31413269042973], [138.65249633789097, 36.30786514282233], [138.65350341796898, 36.303066253662145], [138.650192260742, 36.30066680908197], [138.650192260742, 36.29859924316411], [138.64819335937497, 36.29859924316411], [138.64390563964798, 36.29339981079102], [138.64250183105497, 36.29359817504884], [138.63989257812497, 36.29359817504884], [138.63279724121097, 36.29059982299802], [138.62879943847696, 36.28846740722659], [138.62640380859403, 36.28866577148441], [138.62179565429696, 36.28699874877929], [138.61219787597696, 36.28526687622068], [138.60879516601597, 36.28099822998047], [138.60040283203097, 36.278465270996136], [138.60310363769497, 36.27353286743162], [138.60510253906304, 36.26566696166994], [138.60479736328097, 36.25933456420897], [138.60380554199196, 36.25320053100591], [138.60310363769497, 36.24786758422848], [138.60739135742196, 36.245132446289055], [138.61250305175804, 36.240867614746115], [138.61250305175804, 36.229133605957045], [138.61500549316403, 36.225799560546896], [138.62179565429696, 36.21500015258789], [138.63240051269497, 36.216800689697344], [138.63459777831997, 36.210533142089766], [138.63690185546898, 36.204399108886705], [138.63470458984395, 36.205600738525426], [138.62280273437497, 36.19699859619143], [138.62980651855494, 36.185199737548785], [138.63029479980497, 36.183067321777266], [138.63699340820298, 36.174465179443445], [138.63519287109398, 36.17100143432623], [138.63020324706997, 36.17226791381844], [138.62199401855497, 36.170734405517564], [138.62179565429696, 36.17133331298829], [138.61770629882804, 36.16986465454099], [138.61140441894497, 36.16759872436523], [138.60839843749997, 36.163864135742166], [138.60929870605503, 36.16139984130859], [138.59890747070304, 36.1656684875488], [138.59710693359403, 36.165599822997955], [138.59210205078097, 36.16766738891599], [138.58959960937503, 36.16986465454099], [138.58889770507804, 36.17593383789057], [138.58970642089804, 36.17853546142584], [138.58789062499994, 36.1788673400879], [138.58619689941403, 36.177131652832024], [138.58360290527304, 36.178001403808594], [138.58250427246102, 36.17853546142584], [138.57870483398403, 36.16986465454099], [138.57730102539102, 36.16813278198238], [138.58079528808602, 36.165000915527315], [138.58099365234403, 36.16193389892583], [138.58509826660202, 36.160934448242195], [138.58749389648395, 36.16053390502928], [138.59289550781304, 36.151466369628885], [138.59500122070304, 36.14493179321291], [138.59799194335898, 36.13806533813479], [138.60200500488304, 36.135864257812514], [138.60899353027298, 36.135665893554695], [138.61279296874997, 36.13353347778318], [138.61549377441398, 36.133731842041], [138.62089538574196, 36.133201599121115], [138.62179565429696, 36.131801605224574], [138.63459777831997, 36.13359832763667], [138.63829040527298, 36.123867034912145], [138.64259338378898, 36.12153244018554], [138.64520263671898, 36.11980056762702], [138.64500427246097, 36.119667053222685], [138.640594482422, 36.11679840087893], [138.64399719238298, 36.11113357543953], [138.646301269531, 36.10873413085944], [138.646697998047, 36.10520172119138], [138.64520263671898, 36.101600646972734], [138.64500427246097, 36.098865509033224], [138.63780212402298, 36.09686660766604], [138.63319396972696, 36.092067718505945], [138.63059997558597, 36.09126663208013], [138.63040161132798, 36.08653259277343], [138.63389587402298, 36.07993316650388], [138.64050292968804, 36.073600769043], [138.642395019531, 36.06499862670899], [138.64379882812497, 36.05066680908202], [138.640197753906, 36.043933868408224], [138.631393432617, 36.02833175659176], [138.63299560546898, 36.02726745605473], [138.63789367675798, 36.027000427246065], [138.64540100097696, 36.023067474365185], [138.64709472656298, 36.019935607910206], [138.65620422363298, 36.017200469970696], [138.661392211914, 36.01633453369139], [138.662399291992, 36.01146697998054], [138.675598144531, 36.01153182983403], [138.680801391602, 36.010734558105476], [138.680999755859, 36.00426483154299], [138.682907104492, 36.00320053100587], [138.686798095703, 35.99833297729493], [138.688095092773, 35.99246597290044], [138.68859863281298, 35.991798400878864], [138.697601318359, 35.99033355712892], [138.7041015625, 35.98766708374016], [138.71269226074202, 35.98526763916016], [138.71229553222702, 35.96966552734379], [138.71640014648403, 35.96440124511721], [138.71969604492202, 35.96186447143552], [138.72349548339804, 35.9581985473633], [138.72810363769503, 35.954730987548814], [138.73239135742202, 35.94446563720696], [138.738708496094, 35.938400268554744], [138.73849487304702, 35.93433380126953], [138.73710632324202, 35.92693328857416], [138.732604980469, 35.91986465454104], [138.728302001953, 35.917465209960945], [138.729904174805, 35.913932800292976], [138.72880554199202, 35.909267425537124], [138.727493286133, 35.90933227539061], [138.71929931640602, 35.90813446044924], [138.714706420898, 35.90913391113279], [138.713500976563, 35.90873336791988], [138.70759582519503, 35.909400939941364], [138.701400756836, 35.90333175659179], [138.695693969727, 35.89920043945309], [138.693298339844, 35.89946746826166], [138.69049072265602, 35.895534515380874], [138.685394287109, 35.8933334350586], [138.684707641602, 35.88933181762696], [138.67610168457, 35.86986541748047], [138.671295166016, 35.870800018310526], [138.664291381836, 35.873531341552685], [138.662200927734, 35.87319946289062], [138.661102294922, 35.87373352050777], [138.65600585937497, 35.87586593627929], [138.64839172363298, 35.87340164184571], [138.64179992675798, 35.87406539916992], [138.634094238281, 35.87019729614262], [138.62789916992196, 35.87326812744138], [138.62179565429696, 35.87033462524413], [138.62150573730503, 35.870399475097706], [138.61050415039102, 35.87419891357417], [138.60659790039094, 35.880599975585895], [138.60600280761696, 35.89479827880863], [138.60729980468804, 35.89673233032233], [138.61169433593804, 35.909400939941364], [138.60549926757804, 35.908664703369126], [138.60110473632804, 35.911464691162124], [138.59959411621097, 35.913932800292976], [138.594604492188, 35.91740036010737], [138.59060668945304, 35.91959762573237], [138.58779907226602, 35.91779708862301], [138.58279418945304, 35.918064117431584], [138.57620239257804, 35.91153335571288], [138.56889343261696, 35.91419982910164], [138.56309509277304, 35.91699981689446], [138.556304931641, 35.91640090942382], [138.55569458007804, 35.91906738281249], [138.55400085449202, 35.91906738281249], [138.54750061035202, 35.91626739501949], [138.542999267578, 35.91486740112303], [138.53929138183602, 35.91439819335937], [138.53059387207003, 35.91573333740234], [138.52900695800798, 35.91466522216803], [138.519393920898, 35.91880035400391], [138.51679992675798, 35.91986465454104], [138.511993408203, 35.92126464843749], [138.50930786132798, 35.92200088500982], [138.506591796875, 35.91986465454104], [138.501602172852, 35.91193389892579], [138.49870300292997, 35.91220092773437], [138.497604370117, 35.91153335571288], [138.496795654297, 35.91153335571288], [138.494705200195, 35.91159820556637], [138.49450683593798, 35.902065277099574], [138.490097045898, 35.89640045166018], [138.487396240234, 35.89633178710942], [138.481903076172, 35.89866638183594], [138.47109985351597, 35.89673233032233], [138.45910644531304, 35.90366744995121], [138.45579528808597, 35.90159988403318], [138.45440673828097, 35.900333404540966], [138.44720458984403, 35.91419982910164], [138.44470214843804, 35.918266296386676], [138.44540405273398, 35.91986465454104], [138.44529724121097, 35.92319869995119], [138.44790649414094, 35.92653274536134], [138.44839477539097, 35.93013381958007], [138.45410156249997, 35.93906402587887], [138.44850158691398, 35.946067810058594], [138.44029235839798, 35.952266693115234], [138.41960144043003, 35.95986557006842], [138.41430664062503, 35.959400177002024], [138.40040588378903, 35.96479797363276], [138.39810180664102, 35.96440124511721], [138.38279724121102, 35.97040176391603], [138.377807617188, 35.97166442871089], [138.37379455566403, 35.97166442871089], [138.37179565429702, 35.97140121459958], [138.370300292969, 35.97146606445307], [138.37010192871102, 35.970932006835916], [138.367797851563, 35.966400146484396], [138.36149597168, 35.96239852905267], [138.360000610352, 35.9568672180176], [138.359298706055, 35.950531005859446], [138.356201171875, 35.95066833496087], [138.345108032227, 35.94106674194341], [138.343902587891, 35.93059921264647], [138.34150695800798, 35.92526626586913], [138.33760070800798, 35.92226409912113], [138.33489990234398, 35.91986465454104], [138.32490539550798, 35.9028015136719], [138.306701660156, 35.88633346557623], [138.29220581054696, 35.866664886474645], [138.283493041992, 35.85946655273437], [138.27720642089798, 35.86199951171879], [138.26730346679696, 35.872131347656314], [138.26049804687497, 35.87833404541023], [138.24830627441403, 35.885932922363324], [138.24679565429696, 35.88553237915041], [138.23789978027304, 35.88219833374017], [138.23089599609403, 35.872131347656314], [138.22529602050804, 35.85659790039061], [138.21760559082003, 35.846065521240185], [138.21339416503903, 35.840667724609446], [138.21180725097702, 35.83653259277339], [138.20399475097702, 35.826133728027294], [138.20399475097702, 35.823200225830135], [138.205108642578, 35.81539916992186], [138.200103759766, 35.812198638916044], [138.19869995117202, 35.812198638916044], [138.19439697265602, 35.805397033691406], [138.192993164063, 35.80559921264649], [138.192993164063, 35.80393218994137], [138.19149780273403, 35.80393218994137], [138.185501098633, 35.79486846923833], [138.185699462891, 35.7902641296387], [138.194198608398, 35.783134460449176], [138.20059204101602, 35.78079986572266], [138.20590209960903, 35.78273391723627], [138.213500976563, 35.77500152587893], [138.21940612793, 35.771198272705114], [138.22630310058602, 35.765533447265625], [138.23359680175804, 35.76213455200198], [138.23559570312503, 35.75753402709962], [138.22930908203102, 35.75333404541016], [138.22680664062503, 35.75333404541016], [138.22669982910202, 35.753200531005916], [138.22019958496102, 35.74900054931637], [138.21810913085903, 35.74533462524407], [138.20449829101602, 35.73473358154297], [138.20280456543, 35.734798431396456], [138.195007324219, 35.7257995605469], [138.18620300293, 35.721801757812536], [138.184005737305, 35.71993255615233], [138.18029785156298, 35.712799072265625], [138.18949890136702, 35.70293426513668], [138.194000244141, 35.69493103027341], [138.192108154297, 35.68646621704101], [138.193801879883, 35.675464630127], [138.194595336914, 35.67139816284179], [138.197296142578, 35.66986846923827], [138.20700073242202, 35.66126632690427], [138.21009826660202, 35.65280151367187], [138.21760559082003, 35.64546585083008], [138.21859741210903, 35.64446640014653], [138.21180725097702, 35.63593292236328], [138.204299926758, 35.632534027099645], [138.20269775390602, 35.62039947509767], [138.20579528808602, 35.609001159668026], [138.19749450683602, 35.59693145751954], [138.193206787109, 35.58653259277344], [138.190505981445, 35.5831336975098], [138.189895629883, 35.578666687011676], [138.185195922852, 35.57366561889649], [138.179794311523, 35.574531555175795], [138.173294067383, 35.580200195312464], [138.16960144043, 35.582332611083984], [138.16279602050798, 35.58153152465817], [138.15930175781298, 35.57540130615228], [138.15179443359398, 35.57033157348634], [138.14680480957, 35.55886459350594], [138.142303466797, 35.55546569824221], [138.15040588378898, 35.553264617919936], [138.154098510742, 35.553333282470696], [138.156005859375, 35.5498657226563], [138.159408569336, 35.545066833496115], [138.14909362793, 35.5351982116699], [138.14709472656298, 35.53133392333977], [138.13810729980497, 35.521865844726555], [138.14619445800798, 35.518531799316406], [138.143798828125, 35.509334564209034], [138.140106201172, 35.50320053100588], [138.13999938964798, 35.499668121337905], [138.145599365234, 35.50053405761721], [138.154693603516, 35.49539947509769], [138.16450500488298, 35.4938659667969], [138.159896850586, 35.488201141357415], [138.156402587891, 35.47480010986332], [138.15849304199202, 35.47213363647456], [138.160202026367, 35.47000122070313], [138.155197143555, 35.45893096923828], [138.15040588378898, 35.45953369140628], [138.14390563964798, 35.459133148193374], [138.132400512695, 35.45373153686519], [138.121795654297, 35.45633316040037], [138.12040710449196, 35.45473098754883], [138.11930847167997, 35.4478645324707], [138.121795654297, 35.44226455688479], [138.123596191406, 35.43686676025388], [138.121795654297, 35.43286514282233], [138.12150573730497, 35.43286514282233], [138.121398925781, 35.4286003112793], [138.121795654297, 35.428398132324205], [138.123992919922, 35.42779922485348], [138.13870239257798, 35.4231986999512], [138.13830566406295, 35.41986465454096], [138.138900756836, 35.4175987243652], [138.13589477539097, 35.41419982910156], [138.13439941406298, 35.4091339111328], [138.13960266113298, 35.405799865722734], [138.14300537109398, 35.40620040893547], [138.152099609375, 35.39813232421879], [138.151901245117, 35.393001556396456], [138.149398803711, 35.38913345336906], [138.143600463867, 35.37566757202148], [138.141906738281, 35.37066650390629], [138.12930297851597, 35.365200042724624], [138.12599182128898, 35.367401123046896], [138.121795654297, 35.367134094238324], [138.10769653320298, 35.36059951782226], [138.10169982910196, 35.35480117797853], [138.09829711914097, 35.35513305664059], [138.09399414062497, 35.351333618164134], [138.09429931640597, 35.34246444702146], [138.08729553222696, 35.33793258666994], [138.08439636230503, 35.33786773681637], [138.07989501953097, 35.34180068969734], [138.07170104980503, 35.346466064453104], [138.06320190429702, 35.34713363647459], [138.05659484863304, 35.34406661987301], [138.05540466308602, 35.34233474731449], [138.05200195312503, 35.3365325927734], [138.04649353027304, 35.3352012634277], [138.037796020508, 35.33319854736334], [138.03919982910202, 35.32666397094727], [138.02659606933602, 35.32073211669921], [138.027603149414, 35.31173324584957], [138.018707275391, 35.30093383789056], [138.017807006836, 35.30153274536129], [138.006607055664, 35.30419921874996], [137.996795654297, 35.3023986816406], [137.99479675293, 35.30220031738278], [137.989501953125, 35.29940032958977], [137.982894897461, 35.29299926757813], [137.97479248046898, 35.293399810791044], [137.967193603516, 35.28326797485352], [137.965194702148, 35.28413391113283], [137.96110534667997, 35.28340148925776], [137.95249938964798, 35.28313446044919], [137.94569396972696, 35.27693176269528], [137.93049621581997, 35.27566528320307], [137.92739868164097, 35.26913452148436], [137.92469787597696, 35.2619323730469], [137.91909790039097, 35.255199432373026], [137.91270446777304, 35.25333404541017], [137.89520263671903, 35.25786590576169], [137.89460754394503, 35.255931854248], [137.88989257812503, 35.25320053100593], [137.88240051269503, 35.24813461303708], [137.88340759277304, 35.24633407592771], [137.88249206543003, 35.24326705932623], [137.88409423828097, 35.23780059814447], [137.88029479980503, 35.226600646972734], [137.87179565429702, 35.218799591064545], [137.86140441894503, 35.22306823730467], [137.848098754883, 35.221534729003885], [137.84480285644503, 35.21993255615234], [137.84129333496102, 35.21646499633794], [137.837799072266, 35.21640014648437], [137.837997436523, 35.21246719360349], [137.822906494141, 35.21580123901373], [137.80220031738298, 35.207401275634815], [137.79600524902298, 35.20479965209963], [137.789596557617, 35.2046661376953], [137.78480529785196, 35.205734252929695], [137.77969360351597, 35.20320129394527], [137.77699279785196, 35.20339965820309], [137.77409362792997, 35.204067230224574], [137.76979064941398, 35.20600128173827], [137.76620483398398, 35.209598541259815], [137.76820373535196, 35.21260070800782], [137.76780700683597, 35.21799850463873], [137.75970458984403, 35.221466064453125], [137.75129699706997, 35.220531463622976], [137.74929809570295, 35.219398498535185], [137.74679565429696, 35.22046661376949], [137.74530029296903, 35.219264984130945], [137.74079895019497, 35.22013473510743], [137.73620605468804, 35.22200012207028], [137.72929382324196, 35.221534729003885], [137.72169494628903, 35.22259902954101], [137.72169494628903, 35.23073196411134], [137.71780395507804, 35.229267120361314], [137.71229553222702, 35.2288665771484], [137.70759582519503, 35.2321319580078], [137.70559692382804, 35.2336006164551], [137.699905395508, 35.231666564941406], [137.69400024414102, 35.2336006164551], [137.68699645996102, 35.23073196411134], [137.68220520019503, 35.23473358154298], [137.679397583008, 35.23193359374998], [137.67469787597702, 35.23086547851559], [137.66859436035202, 35.22760009765628], [137.663604736328, 35.2277984619141], [137.65599060058602, 35.22806549072268], [137.653503417969, 35.22406768798831], [137.653396606445, 35.21746826171876], [137.649398803711, 35.215667724609396], [137.64489746093798, 35.214000701904276], [137.64399719238298, 35.20899963378909], [137.633697509766, 35.21186447143549], [137.621795654297, 35.210800170898366], [137.61979675292997, 35.2107315063477], [137.616195678711, 35.20993423461906], [137.613494873047, 35.209598541259815], [137.605194091797, 35.20679855346682], [137.59500122070298, 35.20093154907233], [137.58839416503898, 35.19953155517578], [137.57850646972696, 35.198398590087905], [137.57739257812497, 35.19933319091796], [137.57749938964798, 35.21053314208979], [137.57800292968804, 35.21799850463873], [137.57679748535196, 35.220333099365156], [137.57049560546903, 35.227134704589794], [137.56469726562497, 35.233131408691435], [137.55279541015597, 35.24006652832032], [137.54589843750003, 35.25320053100593], [137.54750061035202, 35.25866699218751], [137.55099487304696, 35.26006698608396], [137.55699157714798, 35.26419830322266], [137.55560302734403, 35.27360153198239], [137.5625, 35.27766799926761], [137.56509399414097, 35.27980041503913], [137.57020568847693, 35.282131195068374], [137.56730651855503, 35.289600372314496], [137.56179809570304, 35.289268493652344], [137.55659484863304, 35.295200347900405], [137.55850219726602, 35.30026626586908], [137.55690002441403, 35.31006622314454], [137.55940246581997, 35.309665679931626], [137.56190490722702, 35.31079864501951], [137.56430053710898, 35.31066513061518], [137.56419372558597, 35.3131980895996], [137.56799316406304, 35.31306838989263], [137.56719970703097, 35.31433105468748], [137.57139587402298, 35.31833267211912], [137.57490539550804, 35.31693267822266], [137.57730102539097, 35.31866455078127], [137.58169555664097, 35.31840133666987], [137.58399963378898, 35.32213211059567], [137.58889770507798, 35.32619857788088], [137.590393066406, 35.32999801635743], [137.593795776367, 35.330932617187486], [137.59640502929696, 35.330867767334], [137.60090637206997, 35.330799102783246], [137.603591918945, 35.33453369140631], [137.60400390624997, 35.3365325927734], [137.60150146484398, 35.34120178222661], [137.60130310058597, 35.34640121459962], [137.60020446777298, 35.35060119628907], [137.60189819335898, 35.35499954223626], [137.60189819335898, 35.35779953002926], [137.59880065917997, 35.36473464965823], [137.59829711914097, 35.37806701660157], [137.59199523925798, 35.38373184204097], [137.58639526367196, 35.388599395752], [137.58270263671903, 35.389999389648366], [137.57839965820295, 35.39006423950203], [137.57499694824196, 35.40000152587891], [137.57560729980503, 35.40026473999022], [137.59019470214798, 35.393665313720675], [137.59429931640597, 35.394733428955064], [137.60040283203097, 35.39360046386719], [137.60180664062497, 35.39360046386719], [137.60369873046898, 35.393665313720675], [137.61270141601597, 35.391731262206974], [137.613998413086, 35.39226531982422], [137.616500854492, 35.39193344116207], [137.621795654297, 35.39379882812501], [137.63349914550798, 35.399066925048764], [137.634796142578, 35.40173339843752], [137.631698608398, 35.40599822998047], [137.631805419922, 35.410400390625014], [137.621795654297, 35.41180038452147], [137.619705200195, 35.41553115844726], [137.61799621582, 35.41986465454096], [137.61639404296898, 35.42200088500984], [137.617492675781, 35.42646408081051], [137.608703613281, 35.43713378906254], [137.60139465332, 35.43933105468754], [137.59330749511696, 35.44666671752933], [137.60769653320298, 35.45813369750982], [137.614395141602, 35.46306610107416], [137.61799621582, 35.46766662597662], [137.621795654297, 35.46813201904301], [137.62210083007798, 35.46726608276371], [137.625701904297, 35.46773147583011], [137.627593994141, 35.46773147583011], [137.631393432617, 35.46993255615229], [137.63079833984398, 35.47626876831053], [137.62939453125, 35.4830665588379], [137.626998901367, 35.484466552734446], [137.62429809570298, 35.49980163574224], [137.62739562988298, 35.50133132934567], [137.62730407714798, 35.50320053100588], [137.631698608398, 35.50906753540037], [137.62739562988298, 35.511932373046946], [137.621795654297, 35.52059936523443], [137.62080383300798, 35.5209312438965], [137.617294311523, 35.526264190673835], [137.607894897461, 35.53319931030271], [137.602996826172, 35.53120040893553], [137.60119628906295, 35.53160095214844], [137.59889221191398, 35.533599853515625], [137.59500122070298, 35.5338668823242], [137.58819580078097, 35.537132263183594], [137.58180236816398, 35.53873443603523], [137.57670593261696, 35.54393386840823], [137.57449340820298, 35.54439926147463], [137.57420349121097, 35.54653167724614], [137.57289123535196, 35.550666809082024], [137.57150268554696, 35.55346679687503], [137.57189941406304, 35.561199188232365], [137.56480407714804, 35.56586456298831], [137.56500244140597, 35.569332122802706], [137.56880187988304, 35.57533264160161], [137.57099914550804, 35.58346557617186], [137.56840515136696, 35.58506774902341], [137.56619262695295, 35.58533477783198], [137.55339050293003, 35.58653259277344], [137.55239868164102, 35.58693313598626], [137.54379272460895, 35.58653259277344], [137.53750610351602, 35.58440017700201], [137.53680419921903, 35.58653259277344], [137.53129577636696, 35.588066101074226], [137.53179931640602, 35.59193420410162], [137.52149963378903, 35.5991973876953], [137.51930236816403, 35.60286712646478], [137.51690673828102, 35.6049995422363], [137.51449584960903, 35.60713195800781], [137.51620483398403, 35.61606597900388], [137.51879882812503, 35.61940002441412], [137.521194458008, 35.61926651000979], [137.52340698242202, 35.62506484985352], [137.52679443359403, 35.62826538085943], [137.52609252929702, 35.633598327636676], [137.53219604492202, 35.63786697387698], [137.53410339355503, 35.63779830932622], [137.53579711914102, 35.63779830932622], [137.53959655761696, 35.640399932861314], [137.53939819335903, 35.646800994872955], [137.54499816894494, 35.64993286132811], [137.53860473632804, 35.658664703369084], [137.53509521484403, 35.66479873657233], [137.52870178222702, 35.66986846923827], [137.52490234375003, 35.6713333129883], [137.52090454101602, 35.67626571655273], [137.51489257812503, 35.67753219604494], [137.50909423828102, 35.68253326416021], [137.50729370117202, 35.68226623535164], [137.498199462891, 35.687267303466825], [137.49769592285202, 35.69459915161134], [137.49679565429702, 35.69853210449222], [137.493499755859, 35.699264526367195], [137.491394042969, 35.70273208618159], [137.48759460449202, 35.705066680908196], [137.48530578613298, 35.70793151855469], [137.487396240234, 35.716533660888686], [137.485504150391, 35.7234649658203], [137.480499267578, 35.7262649536133], [137.478103637695, 35.7290649414063], [137.475006103516, 35.732200622558636], [137.466201782227, 35.74259948730473], [137.467300415039, 35.74620056152337], [137.464599609375, 35.753200531005916], [137.464492797852, 35.755332946777344], [137.458892822266, 35.761333465576165], [137.452499389648, 35.76333236694344], [137.449996948242, 35.759464263916044], [137.44020080566398, 35.75853347778317], [137.43519592285196, 35.76546478271478], [137.43409729003898, 35.77059936523438], [137.42829895019497, 35.77113342285163], [137.42370605468804, 35.77466583251951], [137.42149353027298, 35.77393341064454], [137.41729736328097, 35.77466583251951], [137.41360473632795, 35.776733398437536], [137.39839172363304, 35.775798797607386], [137.39100646972702, 35.78006744384769], [137.39649963378895, 35.78540039062503], [137.39399719238304, 35.79706573486334], [137.38769531249997, 35.79899978637703], [137.38090515136696, 35.80133438110346], [137.37179565429696, 35.79999923706049], [137.37129211425804, 35.79959869384767], [137.36720275878903, 35.79906463623052], [137.36019897460903, 35.796001434326215], [137.35380554199202, 35.80133438110346], [137.34730529785202, 35.80006408691407], [137.337600708008, 35.79813385009773], [137.334396362305, 35.80360031127931], [137.33219909668, 35.808067321777344], [137.32559204101602, 35.812198638916044], [137.32550048828102, 35.815666198730526], [137.32820129394503, 35.82166671752926], [137.32699584960903, 35.825733184814474], [137.328399658203, 35.82680130004878], [137.331207275391, 35.83653259277339], [137.33110046386702, 35.837532043457024], [137.335403442383, 35.84393310546884], [137.35380554199202, 35.84233474731448], [137.35539245605503, 35.84246444702154], [137.36230468750003, 35.84893417358403], [137.36709594726602, 35.86146545410164], [137.36790466308602, 35.8738670349121], [137.36459350585903, 35.878200531005895], [137.37179565429696, 35.88359832763672], [137.37319946289102, 35.88466644287111], [137.38020324706994, 35.891933441162145], [137.40370178222696, 35.89793395996087], [137.41729736328097, 35.903732299804695], [137.42320251464798, 35.903533935546875], [137.432098388672, 35.90513229370124], [137.43640136718795, 35.90506744384766], [137.43910217285196, 35.900001525878906], [137.446594238281, 35.894199371337905], [137.458099365234, 35.88946533203129], [137.45959472656298, 35.88953399658196], [137.46479797363298, 35.89179992675781], [137.476104736328, 35.894001007080085], [137.475997924805, 35.89506530761721], [137.480392456055, 35.89820098876954], [137.48100280761702, 35.90506744384766], [137.483901977539, 35.909400939941364], [137.483001708984, 35.913932800292976], [137.486404418945, 35.91740036010737], [137.489196777344, 35.91986465454104], [137.491302490234, 35.923000335693374], [137.49679565429702, 35.92819976806638], [137.500900268555, 35.93606567382814], [137.505401611328, 35.94060134887702], [137.51759338378903, 35.93999862670902], [137.522003173828, 35.94179916381838], [137.52400207519503, 35.943599700927656], [137.53219604492202, 35.96133422851563], [137.53939819335903, 35.96559906005858], [137.54179382324196, 35.967933654785185], [137.54429626464804, 35.97399902343749], [137.54310607910202, 35.98253250122074], [137.54940795898403, 35.98606491088871], [137.55940246581997, 35.989334106445284], [137.56900024414094, 35.99573135375984], [137.57040405273398, 35.99566650390626], [137.57200622558597, 35.99566650390626], [137.57420349121097, 35.995800018310504], [137.57560729980503, 35.996532440185476], [137.58419799804696, 36.00320053100587], [137.58810424804696, 36.00559997558587], [137.59460449218804, 36.013401031494055], [137.59930419921898, 36.02586746215818], [137.59910583496097, 36.027198791503885], [137.59759521484398, 36.04213333129877], [137.60420227050798, 36.0483322143555], [137.60659790039097, 36.05473327636723], [137.61070251464798, 36.05799865722663], [137.61380004882798, 36.061401367187536], [137.61279296875, 36.06433105468751], [137.610900878906, 36.06993103027342], [137.61369323730497, 36.07619857788091], [137.61180114746097, 36.077732086181605], [137.59750366210898, 36.07566833496094], [137.59469604492196, 36.078933715820334], [137.58349609374997, 36.084533691406335], [137.57919311523398, 36.08499908447273], [137.57659912109403, 36.08653259277343], [137.57420349121097, 36.0872650146484], [137.56799316406304, 36.0958671569824], [137.56500244140597, 36.097332000732436], [137.56149291992196, 36.10086822509768], [137.55870056152304, 36.10326766967768], [137.55389404296903, 36.10699844360347], [137.55099487304696, 36.10979843139647], [137.55130004882804, 36.11560058593747], [137.55569458007804, 36.11753463745117], [137.55999755859403, 36.1293983459473], [137.55770874023403, 36.13219833374021], [137.55439758300804, 36.13706588745124], [137.55459594726602, 36.140266418456974], [137.55499267578097, 36.14033126831046], [137.55920410156304, 36.143932342529276], [137.56669616699196, 36.14686584472661], [137.56759643554696, 36.153598785400405], [137.57919311523398, 36.1598663330078], [137.58959960937497, 36.16353225708011], [137.59249877929696, 36.16986465454099], [137.59469604492196, 36.17186737060553], [137.59150695800804, 36.17953109741212], [137.59089660644497, 36.18413162231448], [137.59489440917997, 36.19099807739261], [137.591598510742, 36.191734313964844], [137.58079528808597, 36.19533157348631], [137.57620239257804, 36.203201293945334], [137.57389831542994, 36.20973205566413], [137.57519531249997, 36.21306610107419], [137.57420349121097, 36.21746826171883], [137.57380676269497, 36.22006607055656], [137.57739257812497, 36.21926498413092], [137.58329772949196, 36.220932006835866], [137.58329772949196, 36.22719955444344], [137.58680725097696, 36.22700119018553], [137.58949279785196, 36.229400634765625], [137.59370422363304, 36.23640060424799], [137.59640502929696, 36.243133544921875], [137.60569763183597, 36.24886703491212], [137.60650634765597, 36.25320053100591], [137.61070251464798, 36.256401062011726], [137.61470031738298, 36.264934539794886], [137.61669921874997, 36.264865875244126], [137.621795654297, 36.26873397827152], [137.62629699707, 36.27453231811516], [137.631393432617, 36.2802658081055], [137.646697998047, 36.28886413574223], [137.646697998047, 36.296131134033175], [137.652801513672, 36.304534912109446], [137.64909362793, 36.30820083618158], [137.650894165039, 36.31693267822273], [137.65069580078102, 36.32146835327152], [137.650604248047, 36.3269348144531], [137.647399902344, 36.32999801635741], [137.64570617675798, 36.33653259277338], [137.645492553711, 36.34140014648441], [137.635894775391, 36.34253311157229], [137.626998901367, 36.352531433105476], [137.621795654297, 36.360332489013665], [137.61819458007798, 36.36506652832027], [137.60980224609398, 36.36673355102539], [137.59880065917997, 36.370468139648366], [137.59480285644497, 36.36893463134766], [137.58830261230497, 36.37153244018549], [137.58700561523398, 36.37373352050776], [137.58729553222696, 36.389865875244105], [137.59249877929696, 36.39053344726559], [137.59570312499997, 36.39419937133789], [137.60499572753898, 36.40393447875977], [137.604293823242, 36.41226577758793], [137.60690307617196, 36.41413497924796], [137.60800170898398, 36.41960144042972], [137.618392944336, 36.41939926147463], [137.618698120117, 36.419868469238295], [137.621795654297, 36.42306518554694], [137.62710571289097, 36.42373275756842], [137.633392333984, 36.42573165893552], [137.637802124023, 36.43259811401373], [137.640106201172, 36.44646835327149], [137.646392822266, 36.45473480224607], [137.649703979492, 36.45586776733404], [137.652694702148, 36.45853424072271], [137.655303955078, 36.460865020752045], [137.65539550781298, 36.47233200073236], [137.65109252929702, 36.48153305053709], [137.65380859375, 36.490798950195305], [137.66239929199202, 36.493999481201215], [137.666702270508, 36.494266510009794], [137.66699218750003, 36.503200531005945], [137.66960144043, 36.51033401489256], [137.676300048828, 36.51213455200201], [137.677398681641, 36.51433181762702], [137.684997558594, 36.51293182373047], [137.69140625000003, 36.51313400268547], [137.69430541992202, 36.51066589355471], [137.69889831543003, 36.51526641845699], [137.70530700683602, 36.5184669494629], [137.70350646972702, 36.52593231201166], [137.70379638671903, 36.52686691284181], [137.70979309081994, 36.53606796264654], [137.70719909668003, 36.53593444824221], [137.69580078125003, 36.537467956543], [137.692306518555, 36.53739929199224], [137.68609619140602, 36.53720092773442], [137.684600830078, 36.539867401123], [137.68699645996102, 36.54773330688476], [137.688400268555, 36.5558662414551], [137.68870544433602, 36.56280136108398], [137.69520568847702, 36.568866729736285], [137.71319580078097, 36.57746505737302], [137.72039794921903, 36.58319854736327], [137.72439575195304, 36.586532592773416], [137.73530578613304, 36.587867736816385], [137.74679565429696, 36.586799621581996], [137.75090026855494, 36.58959960937499], [137.75239562988304, 36.595401763915994], [137.74839782714798, 36.60326766967767], [137.74679565429696, 36.605998992919915], [137.74429321289097, 36.61759948730474], [137.74659729003898, 36.6245994567871], [137.74679565429696, 36.624732971191435], [137.75149536132798, 36.627731323242166], [137.75590515136696, 36.653133392334], [137.75410461425804, 36.65813446044918], [137.75889587402298, 36.66106796264651], [137.76150512695295, 36.66513442993164], [137.76069641113295, 36.66986846923834], [137.75869750976597, 36.67906570434571], [137.75920104980497, 36.68619918823241], [137.75390624999997, 36.68780136108404], [137.75489807128898, 36.69293212890629], [137.75559997558597, 36.69673156738284], [137.75239562988304, 36.7000007629395], [137.74989318847696, 36.70439910888669], [137.75180053710898, 36.720867156982365], [137.75070190429696, 36.726932525634766], [137.75489807128898, 36.72966766357419], [137.75509643554696, 36.73433303833013], [137.75799560546898, 36.74119949340817], [137.75520324706997, 36.743999481201165], [137.75180053710898, 36.75266647338874], [137.75230407714798, 36.753200531005895], [137.75399780273398, 36.7542686462402], [137.75909423828097, 36.76026535034184], [137.76170349121097, 36.765335083007784], [137.762496948242, 36.76639938354491], [137.764694213867, 36.76786804199221], [137.77029418945298, 36.77153396606451], [137.77659606933597, 36.773532867431605], [137.783004760742, 36.773998260498004], [137.791397094727, 36.77973556518552], [137.793502807617, 36.786933898925795], [137.82000732421898, 36.79919815063483], [137.822601318359, 36.8053321838379], [137.82769775390602, 36.8076667785645], [137.83110046386702, 36.808933258056626], [137.831405639648, 36.81686782836914], [137.832901000977, 36.82040023803712], [137.84379577636702, 36.831268310546875], [137.847595214844, 36.83646774291988], [137.84779357910202, 36.836532592773366], [137.85429382324202, 36.84120178222658], [137.85650634765602, 36.84479904174804], [137.857208251953, 36.85160064697268], [137.86900329589804, 36.863067626953075], [137.87179565429702, 36.86360168457032], [137.876403808594, 36.867198944091776], [137.87669372558602, 36.87093353271484], [137.87660217285202, 36.87360000610351], [137.87179565429702, 36.87613296508793], [137.86819458007804, 36.87893295288093], [137.86589050293003, 36.88753128051758], [137.86180114746102, 36.89226531982418], [137.86700439453102, 36.89699935913088], [137.87139892578102, 36.90226745605473], [137.861999511719, 36.90853500366213], [137.86540222168, 36.914798736572344], [137.86880493164102, 36.91606521606447], [137.87179565429702, 36.91540145874016], [137.87539672851602, 36.915531158447315], [137.87889099121102, 36.912868499755916], [137.89529418945304, 36.91053390502931], [137.90139770507804, 36.91273117065432], [137.90260314941403, 36.91446685791019], [137.90940856933602, 36.91719818115226], [137.91920471191403, 36.91986846923829], [137.92149353027298, 36.91986846923829], [137.93550109863304, 36.913665771484375], [137.949295043945, 36.91226577758792], [137.95460510253898, 36.90466690063482], [137.962295532227, 36.9021339416504], [137.968399047852, 36.90900039672852], [137.96919250488298, 36.91093444824222], [137.976898193359, 36.90886688232419], [137.98820495605497, 36.91033554077149], [137.991592407227, 36.9105987548828], [137.996795654297, 36.9077987670898], [138.005706787109, 36.90499877929689], [138.013702392578, 36.903865814209006], [138.015899658203, 36.89820098876952], [138.01570129394503, 36.89326858520509], [138.023300170898, 36.89093399047849], [138.02780151367202, 36.892665863037095], [138.03179931640602, 36.88986587524409], [138.03129577636702, 36.878200531005874], [138.02520751953102, 36.870601654052685], [138.01690673828102, 36.860801696777315], [138.01420593261702, 36.86100006103523], [138.01669311523403, 36.8520011901855], [138.01940917968798, 36.84626770019534], [138.01860046386702, 36.84173202514646], [138.01200866699202, 36.836532592773366], [138.00329589843798, 36.82666778564451], [138.008407592773, 36.82313537597663], [138.012298583984, 36.82260131835939], [138.018005371094, 36.818931579589815], [138.02180480957003, 36.81953430175781], [138.026107788086, 36.81673431396481], [138.029907226563, 36.81646728515632], [138.03230285644503, 36.8120002746582], [138.03529357910202, 36.80846786499023], [138.03610229492202, 36.80820083618156], [138.04310607910202, 36.80866622924796], [138.046997070313, 36.809532165527266], [138.05200195312503, 36.806331634521534], [138.05279541015594, 36.8001327514648], [138.06640625000003, 36.804599761962926], [138.06939697265597, 36.804935455322344], [138.07479858398395, 36.811733245849624], [138.07359313964795, 36.818199157714844], [138.08410644531304, 36.832065582275426], [138.08900451660193, 36.836067199706974], [138.09049987793003, 36.836532592773366], [138.09150695800804, 36.836532592773366], [138.09219360351597, 36.836532592773366], [138.09399414062497, 36.84073257446291], [138.10029602050804, 36.843532562255916], [138.10679626464798, 36.84446716308589], [138.11520385742196, 36.850467681884794], [138.12049865722696, 36.848934173584006], [138.121795654297, 36.849201202392585], [138.12620544433597, 36.84859848022459], [138.13270568847696, 36.85033416748046], [138.141403198242, 36.84733200073237], [138.147796630859, 36.849201202392585], [138.150894165039, 36.84640121459958], [138.16589355468798, 36.84479904174804], [138.17350769043, 36.847465515136705], [138.176605224609, 36.84933471679692], [138.17790222168, 36.85193252563483], [138.182891845703, 36.85226821899407], [138.19659423828102, 36.85473251342774], [138.20579528808602, 36.85946655273444], [138.207702636719, 36.86466598510744], [138.21359252929702, 36.870265960693445], [138.21440124511702, 36.86773300170902], [138.23480224609403, 36.863998413085866], [138.23489379882804, 36.86406707763671], [138.24679565429696, 36.86506652832026], [138.25489807128903, 36.86999893188478], [138.25770568847702, 36.86600112915041], [138.25900268554696, 36.86333465576174], [138.26820373535196, 36.86013412475592], [138.27149963378898, 36.85340118408204], [138.27140808105503, 36.84306716918952], [138.27470397949196, 36.841133117675824], [138.28889465331997, 36.84740066528322], [138.29029846191398, 36.853065490722706], [138.29190063476597, 36.85213470458983], [138.29310607910196, 36.85453414916992], [138.29609680175798, 36.85633468627928], [138.29319763183597, 36.86186599731453], [138.28880310058597, 36.870468139648445], [138.29310607910196, 36.874732971191385], [138.29470825195298, 36.88106536865227], [138.29899597167997, 36.88726806640627], [138.29429626464798, 36.890266418457], [138.29290771484395, 36.89526748657227], [138.29029846191398, 36.897865295410185], [138.29280090331997, 36.90073394775394], [138.29470825195298, 36.90546798706046], [138.298400878906, 36.913066864013736], [138.308395385742, 36.91986846923829], [138.315399169922, 36.92300033569344], [138.318405151367, 36.92513275146478], [138.33219909668, 36.926467895507834], [138.33769226074202, 36.92466735839838], [138.34309387207, 36.92093276977541], [138.350204467773, 36.92966842651374], [138.354400634766, 36.931598663330085], [138.357696533203, 36.934398651123], [138.361099243164, 36.94139862060554], [138.36430358886702, 36.94573211669924], [138.364105224609, 36.95386505126949], [138.367904663086, 36.957866668701215], [138.369995117188, 36.96440124511719], [138.37179565429702, 36.96546554565431], [138.37789916992202, 36.97313308715817], [138.38209533691403, 36.9769325256348], [138.378601074219, 36.98066711425778], [138.390502929688, 36.98880004882811], [138.39210510253903, 36.993068695068416], [138.39379882812503, 36.99506759643551], [138.39469909668003, 36.99733352661127], [138.39950561523403, 36.997398376464844], [138.41110229492202, 36.99906539916988], [138.41279602050804, 37.00266647338869], [138.417602539063, 37.00320053100594], [138.42320251464804, 37.00559997558594], [138.43539428710898, 37.00780105590821], [138.44309997558597, 37.01333236694337], [138.45390319824196, 37.01699829101558], [138.45629882812497, 37.01979827880859], [138.47180175781304, 37.01853561401373], [138.47619628906298, 37.02019882202149], [138.481994628906, 37.02140045166022], [138.48350524902298, 37.020133972168004], [138.492004394531, 37.02093124389646], [138.496795654297, 37.025665283203075], [138.50019836425798, 37.0262641906738], [138.502899169922, 37.02560043334959], [138.51330566406298, 37.02873229980474], [138.513702392578, 37.02973175048829], [138.520095825195, 37.028400421142585], [138.524597167969, 37.030532836914105]]]}}, {"type": "Feature", "properties": {"code": "44", "name": "大分県"}, "geometry": {"type": "MultiPolygon", "coordinates": [[[[131.6326, 33.7165], [131.6423, 33.7321], [131.6528, 33.7301], [131.6659, 33.7398], [131.7006, 33.7304], [131.6894, 33.7323], [131.6646, 33.7169], [131.6563, 33.7222], [131.6326, 33.7165]]], [[[131.5439, 33.6767], [131.5596, 33.6867], [131.5652, 33.6747], [131.5747, 33.6751], [131.5728, 33.6858], [131.5846, 33.6925], [131.6063, 33.6869], [131.6153, 33.6749], [131.6186, 33.6809], [131.6243, 33.6699], [131.6352, 33.6821], [131.6496, 33.6723], [131.646, 33.6637], [131.6644, 33.6684], [131.6817, 33.6396], [131.6913, 33.6408], [131.7006, 33.6129], [131.7294, 33.5865], [131.7399, 33.5611], [131.7442, 33.5427], [131.7287, 33.4956], [131.7326, 33.4883], [131.7374, 33.4952], [131.738, 33.4649], [131.7339, 33.4703], [131.7249, 33.4621], [131.7024, 33.4071], [131.6596, 33.4097], [131.6722, 33.4172], [131.6563, 33.4232], [131.6276, 33.4199], [131.6339, 33.4159], [131.6255, 33.4101], [131.6359, 33.4061], [131.6487, 33.3845], [131.6435, 33.3757], [131.5962, 33.3709], [131.5921, 33.3473], [131.582, 33.3539], [131.5861, 33.3463], [131.5508, 33.3497], [131.5377, 33.3678], [131.4988, 33.3605], [131.4952, 33.3296], [131.5111, 33.2688], [131.5884, 33.2455], [131.6076, 33.2532], [131.5991, 33.2557], [131.6219, 33.2595], [131.631, 33.2719], [131.6272, 33.2651], [131.6592, 33.2735], [131.6659, 33.2585], [131.6715, 33.2601], [131.6661, 33.2746], [131.6753, 33.2777], [131.6835, 33.2663], [131.6799, 33.279], [131.6907, 33.2792], [131.6901, 33.268], [131.7042, 33.2745], [131.7146, 33.2682], [131.712, 33.2597], [131.7179, 33.2663], [131.7341, 33.2559], [131.7296, 33.2502], [131.7435, 33.2529], [131.7579, 33.2401], [131.7539, 33.2523], [131.7723, 33.2447], [131.778, 33.2529], [131.7705, 33.2411], [131.8555, 33.2555], [131.8718, 33.2489], [131.8665, 33.2583], [131.9015, 33.268], [131.889, 33.2441], [131.8786, 33.2453], [131.8713, 33.2361], [131.8757, 33.2232], [131.8602, 33.2048], [131.868, 33.2023], [131.8337, 33.182], [131.8205, 33.1553], [131.8268, 33.1592], [131.8276, 33.1501], [131.7978, 33.127], [131.8084, 33.1209], [131.8297, 33.1255], [131.8444, 33.1149], [131.8685, 33.1309], [131.8832, 33.1219], [131.8996, 33.1343], [131.9004, 33.1273], [131.9147, 33.1249], [131.8967, 33.1161], [131.8947, 33.1073], [131.8757, 33.1059], [131.8686, 33.0905], [131.8524, 33.0888], [131.8658, 33.0833], [131.8584, 33.0791], [131.8626, 33.0753], [131.884, 33.0732], [131.8842, 33.0836], [131.9007, 33.0752], [131.9098, 33.0821], [131.9116, 33.0664], [131.9276, 33.0667], [131.9229, 33.0726], [131.931, 33.0739], [131.9341, 33.0865], [131.9282, 33.0915], [131.9406, 33.0965], [131.9418, 33.0703], [131.9527, 33.066], [131.9648, 33.0728], [131.9728, 33.0619], [131.9878, 33.0681], [131.987, 33.0908], [132.0012, 33.0963], [131.9947, 33.0809], [132.0052, 33.0611], [132.015, 33.0582], [131.9766, 33.0465], [131.9289, 33.0523], [131.9206, 33.0445], [131.9219, 33.0267], [131.9007, 33.0103], [131.9077, 33.0001], [131.9023, 32.9919], [131.8981, 33.0059], [131.889, 32.9917], [131.8966, 32.9897], [131.896, 32.98], [131.9256, 32.9723], [131.923, 32.964], [131.9331, 32.9626], [131.9368, 32.9522], [131.9471, 32.9592], [131.9584, 32.9457], [131.9593, 32.9599], [131.9669, 32.9528], [131.9739, 32.9636], [131.9724, 32.9449], [131.9811, 32.9393], [131.9914, 32.9453], [131.9891, 32.9535], [132.0026, 32.9587], [131.996, 32.9387], [132.0029, 32.9322], [132.0331, 32.9394], [132.0323, 32.9537], [132.0716, 32.9474], [132.0846, 32.9327], [132.0541, 32.9397], [132.0444, 32.9267], [132.0272, 32.9358], [132.0082, 32.924], [132.0079, 32.9058], [131.9968, 32.9101], [131.9934, 32.9215], [131.9769, 32.9227], [131.9863, 32.8883], [131.9944, 32.8989], [132.0148, 32.8903], [132, 32.885], [131.9838, 32.8625], [131.9721, 32.8665], [131.9748, 32.8574], [131.9601, 32.8464], [131.9494, 32.8553], [131.9559, 32.8417], [131.9421, 32.8356], [131.9567, 32.8365], [131.9629, 32.8187], [131.9631, 32.8385], [131.9802, 32.8247], [131.9857, 32.8325], [131.9743, 32.8441], [131.9841, 32.8458], [132.0074, 32.8365], [132.0077, 32.8285], [131.9712, 32.8036], [131.9711, 32.7917], [131.9544, 32.8074], [131.9464, 32.8059], [131.9361, 32.7851], [131.9195, 32.8003], [131.9195, 32.7857], [131.9069, 32.7937], [131.9021, 32.7852], [131.8947, 32.7883], [131.8989, 32.8019], [131.8895, 32.8047], [131.884, 32.7907], [131.8953, 32.7797], [131.8954, 32.7651], [131.8739, 32.7906], [131.8751, 32.7781], [131.8678, 32.7742], [131.8787, 32.765], [131.8712, 32.7522], [131.8851, 32.7457], [131.8718, 32.7403], [131.8471, 32.7361], [131.8436, 32.7467], [131.8489, 32.7559], [131.8439, 32.7751], [131.8586, 32.8051], [131.8579, 32.8213], [131.8343, 32.8195], [131.8238, 32.8297], [131.793, 32.8219], [131.7864, 32.8335], [131.7674, 32.8385], [131.7368, 32.8329], [131.7287, 32.7996], [131.7078, 32.7716], [131.6682, 32.7667], [131.5916, 32.7751], [131.5664, 32.7543], [131.513, 32.7692], [131.508, 32.784], [131.5168, 32.8003], [131.4744, 32.8371], [131.4375, 32.8285], [131.4204, 32.8117], [131.359, 32.8039], [131.3483, 32.8105], [131.3396, 32.8331], [131.3267, 32.8339], [131.3093, 32.8527], [131.2724, 32.8719], [131.2726, 32.8815], [131.2632, 32.8791], [131.2468, 32.933], [131.2518, 32.9545], [131.2452, 32.9586], [131.2628, 32.9762], [131.2468, 32.9823], [131.2468, 32.9952], [131.2271, 33.0109], [131.2145, 33.055], [131.1921, 33.0777], [131.1859, 33.0739], [131.1736, 33.0834], [131.1597, 33.1409], [131.0989, 33.1878], [131.0383, 33.1943], [131.0133, 33.1772], [130.9916, 33.1833], [130.9834, 33.1421], [130.9776, 33.1405], [131.0231, 33.0874], [131.0104, 33.072], [131.0166, 33.0631], [131.0106, 33.0426], [130.988, 33.0236], [130.9693, 33.0237], [130.9491, 33.0509], [130.9195, 33.0526], [130.8979, 33.0646], [130.8863, 33.0865], [130.8612, 33.0953], [130.8449, 33.0921], [130.8393, 33.1011], [130.8605, 33.1182], [130.8786, 33.1527], [130.8735, 33.1691], [130.8849, 33.1761], [130.8865, 33.1867], [130.8357, 33.2114], [130.8577, 33.2298], [130.8253, 33.2374], [130.8292, 33.2576], [130.8655, 33.2619], [130.867, 33.2675], [130.8517, 33.2782], [130.8654, 33.2929], [130.8563, 33.327], [130.8345, 33.3435], [130.8609, 33.3628], [130.8638, 33.3773], [130.8855, 33.3798], [130.8945, 33.4462], [130.9254, 33.4575], [130.9254, 33.4779], [130.9737, 33.5055], [131.015, 33.5098], [131.0294, 33.5184], [131.0538, 33.508], [131.1218, 33.502], [131.1765, 33.508], [131.1657, 33.5284], [131.1872, 33.5462], [131.1891, 33.5619], [131.1719, 33.5865], [131.1845, 33.6162], [131.2084, 33.6157], [131.2131, 33.6053], [131.2302, 33.6015], [131.2445, 33.6111], [131.2657, 33.5876], [131.2883, 33.5784], [131.3222, 33.5829], [131.3388, 33.5713], [131.3735, 33.58], [131.4301, 33.5738], [131.4232, 33.5917], [131.4614, 33.6191], [131.4685, 33.6121], [131.4829, 33.6355], [131.4796, 33.6415], [131.4856, 33.6482], [131.4968, 33.6453], [131.4933, 33.6521], [131.5039, 33.6564], [131.4981, 33.6699], [131.5289, 33.6735], [131.5218, 33.6841], [131.5439, 33.6767]]], [[[131.9455, 33.2705], [131.9372, 33.278], [131.9547, 33.2789], [131.9455, 33.2705]]], [[[132.0033, 33.0972], [132.0102, 33.1113], [132.0147, 33.1051], [132.0033, 33.0972]]], [[[131.9241, 32.9803], [131.9096, 32.9876], [131.9227, 32.9989], [131.9196, 33.0129], [131.942, 33.0156], [131.9256, 32.9965], [131.9436, 32.9962], [131.9241, 32.9803]]], [[[132.0728, 32.9531], [132.0597, 32.9641], [132.0725, 32.9682], [132.0738, 32.977], [132.0802, 32.9599], [132.0728, 32.9531]]], [[[131.9111, 32.7693], [131.9092, 32.7789], [131.9226, 32.7751], [131.9111, 32.7693]]], [[[131.9246, 32.7149], [131.9203, 32.7263], [131.9292, 32.7246], [131.9246, 32.7149]]]]}}, {"type": "Feature", "properties": {"code": "24", "name": "三重県"}, "geometry": {"type": "MultiPolygon", "coordinates": [[[[136.5275, 35.2575], [136.5494, 35.2337], [136.5482, 35.22], [136.5568, 35.22], [136.5606, 35.2065], [136.602, 35.1778], [136.6161, 35.1495], [136.6452, 35.1446], [136.6461, 35.1658], [136.6694, 35.1336], [136.696, 35.1236], [136.7468, 35.0824], [136.7531, 35.0531], [136.7725, 35.0243], [136.7646, 35.0207], [136.7491, 35.037], [136.7321, 35.0263], [136.6973, 35.0204], [136.6997, 35.0072], [136.6764, 35.0085], [136.6514, 34.9931], [136.6459, 34.959], [136.6372, 34.9574], [136.6446, 34.9539], [136.6332, 34.9499], [136.6409, 34.9388], [136.6476, 34.9465], [136.663, 34.9455], [136.6666, 34.9369], [136.6471, 34.9349], [136.6462, 34.9045], [136.6249, 34.8688], [136.5337, 34.7532], [136.5204, 34.6967], [136.5239, 34.6793], [136.5411, 34.683], [136.5421, 34.6745], [136.5571, 34.6714], [136.5478, 34.6661], [136.5438, 34.6222], [136.5279, 34.6109], [136.548, 34.6077], [136.5623, 34.6147], [136.5648, 34.6077], [136.6427, 34.5909], [136.6649, 34.5591], [136.7334, 34.5379], [136.7769, 34.5088], [136.8097, 34.5081], [136.8157, 34.4851], [136.8266, 34.4873], [136.823, 34.5037], [136.8309, 34.5061], [136.8488, 34.4717], [136.851, 34.4797], [136.8773, 34.4739], [136.8651, 34.4598], [136.8845, 34.4479], [136.8756, 34.4286], [136.8908, 34.4348], [136.883, 34.4393], [136.8965, 34.4535], [136.9096, 34.4553], [136.9233, 34.445], [136.9193, 34.4249], [136.9279, 34.4134], [136.9099, 34.3983], [136.9125, 34.3759], [136.8985, 34.3785], [136.8937, 34.3896], [136.887, 34.3833], [136.8879, 34.3921], [136.8797, 34.3885], [136.8807, 34.3805], [136.8689, 34.3885], [136.8758, 34.3707], [136.8665, 34.3747], [136.871, 34.3715], [136.8572, 34.3635], [136.8468, 34.3719], [136.8333, 34.3614], [136.8133, 34.3676], [136.8253, 34.3528], [136.8391, 34.3569], [136.8459, 34.3697], [136.8521, 34.3683], [136.8511, 34.3561], [136.8643, 34.3636], [136.8654, 34.3429], [136.8911, 34.3653], [136.9082, 34.3653], [136.8779, 34.3365], [136.892, 34.3131], [136.8844, 34.2982], [136.8998, 34.2761], [136.8695, 34.273], [136.8718, 34.2643], [136.8533, 34.2619], [136.8474, 34.2465], [136.766, 34.2604], [136.752, 34.2725], [136.7843, 34.2782], [136.7932, 34.2713], [136.7926, 34.2777], [136.8125, 34.2723], [136.8117, 34.2637], [136.8171, 34.2731], [136.8269, 34.2722], [136.8254, 34.2644], [136.8296, 34.2587], [136.8346, 34.2667], [136.8351, 34.2591], [136.8499, 34.2734], [136.848, 34.2661], [136.8625, 34.2701], [136.8536, 34.274], [136.8589, 34.279], [136.8471, 34.2754], [136.8453, 34.2808], [136.8433, 34.2719], [136.8334, 34.2706], [136.8283, 34.2855], [136.838, 34.2843], [136.8338, 34.2914], [136.8666, 34.2865], [136.8483, 34.2911], [136.8504, 34.3007], [136.8421, 34.2944], [136.8273, 34.301], [136.8469, 34.3039], [136.8517, 34.3068], [136.8399, 34.3097], [136.8478, 34.3133], [136.8048, 34.3089], [136.811, 34.3275], [136.8052, 34.3277], [136.7923, 34.3091], [136.8107, 34.2972], [136.792, 34.2881], [136.7778, 34.2923], [136.7831, 34.2991], [136.7732, 34.2973], [136.7818, 34.3067], [136.7741, 34.3055], [136.7773, 34.3151], [136.7686, 34.3093], [136.7616, 34.3155], [136.7649, 34.3043], [136.7528, 34.2982], [136.7637, 34.2922], [136.7237, 34.3041], [136.6867, 34.2846], [136.6992, 34.3254], [136.7089, 34.3173], [136.704, 34.3281], [136.7119, 34.3312], [136.7158, 34.3235], [136.715, 34.3305], [136.7292, 34.3345], [136.7224, 34.3339], [136.727, 34.3422], [136.7157, 34.3395], [136.7138, 34.3463], [136.7059, 34.3365], [136.7077, 34.3487], [136.693, 34.3482], [136.6949, 34.3365], [136.6823, 34.3238], [136.6875, 34.3365], [136.6781, 34.3365], [136.6908, 34.345], [136.672, 34.339], [136.6598, 34.3453], [136.6567, 34.3392], [136.671, 34.3365], [136.6652, 34.3289], [136.6724, 34.3246], [136.6595, 34.3283], [136.6591, 34.3206], [136.6519, 34.3231], [136.6377, 34.3083], [136.6769, 34.3165], [136.6505, 34.2923], [136.6594, 34.2896], [136.6364, 34.2851], [136.6356, 34.2761], [136.6207, 34.2737], [136.6048, 34.2583], [136.5863, 34.2575], [136.5801, 34.2745], [136.5899, 34.2705], [136.5718, 34.275], [136.5812, 34.2857], [136.5809, 34.2787], [136.5894, 34.2862], [136.595, 34.2813], [136.5907, 34.2946], [136.589, 34.2885], [136.5814, 34.2933], [136.5609, 34.2856], [136.5605, 34.2755], [136.5481, 34.2817], [136.5578, 34.2677], [136.5483, 34.25], [136.5375, 34.2558], [136.5404, 34.2774], [136.5267, 34.2593], [136.5305, 34.2731], [136.5226, 34.2731], [136.5237, 34.2668], [136.5041, 34.2777], [136.5175, 34.2385], [136.501, 34.2585], [136.4906, 34.2521], [136.5042, 34.2437], [136.4844, 34.2395], [136.5054, 34.2368], [136.5083, 34.2296], [136.4816, 34.2197], [136.4805, 34.2283], [136.4634, 34.2318], [136.4595, 34.2443], [136.4729, 34.2483], [136.4662, 34.2567], [136.4561, 34.2462], [136.4408, 34.2478], [136.4542, 34.2426], [136.4521, 34.2281], [136.4596, 34.2252], [136.4511, 34.2197], [136.4305, 34.2196], [136.3988, 34.2028], [136.3927, 34.2115], [136.3998, 34.219], [136.3838, 34.2165], [136.3863, 34.2095], [136.3621, 34.1887], [136.3573, 34.1989], [136.3503, 34.1946], [136.3486, 34.2041], [136.3591, 34.2073], [136.3533, 34.2116], [136.3219, 34.1959], [136.3368, 34.197], [136.332, 34.1803], [136.3223, 34.1861], [136.3035, 34.1801], [136.2877, 34.1565], [136.2783, 34.1616], [136.2861, 34.1482], [136.2767, 34.1363], [136.2914, 34.1271], [136.2854, 34.117], [136.3153, 34.1145], [136.3087, 34.1135], [136.2975, 34.0865], [136.2911, 34.0969], [136.2671, 34.0815], [136.2659, 34.0994], [136.273, 34.1021], [136.2594, 34.0989], [136.259, 34.0884], [136.2492, 34.0947], [136.2497, 34.1043], [136.2756, 34.1219], [136.2684, 34.1288], [136.2272, 34.1], [136.2362, 34.0865], [136.2019, 34.0769], [136.2085, 34.0629], [136.2517, 34.0616], [136.2433, 34.0596], [136.244, 34.0387], [136.2821, 34.0196], [136.2637, 34.0111], [136.2428, 34.0146], [136.2717, 34.005], [136.2659, 33.9935], [136.2574, 33.9979], [136.2599, 33.9889], [136.2715, 33.9881], [136.2715, 33.9731], [136.253, 33.9643], [136.2468, 33.9725], [136.2384, 33.9694], [136.2352, 33.9799], [136.2525, 33.9842], [136.2108, 33.9996], [136.2151, 33.9839], [136.2026, 33.9715], [136.192, 33.9717], [136.2014, 33.9636], [136.2217, 33.9738], [136.2161, 33.9656], [136.2263, 33.9643], [136.2309, 33.9466], [136.2169, 33.9473], [136.2135, 33.9316], [136.2007, 33.9445], [136.1803, 33.9378], [136.198, 33.9339], [136.1983, 33.9199], [136.1797, 33.9134], [136.1705, 33.9125], [136.1704, 33.9259], [136.1473, 33.9283], [136.1516, 33.9133], [136.1392, 33.9093], [136.148, 33.8972], [136.1344, 33.899], [136.1366, 33.8885], [136.1302, 33.8849], [136.1178, 33.8988], [136.0657, 33.8405], [136.0113, 33.7235], [135.9835, 33.736], [135.9712, 33.7323], [135.9762, 33.7233], [135.9659, 33.7238], [135.9412, 33.7351], [135.937, 33.7575], [135.9302, 33.7539], [135.9071, 33.7667], [135.89, 33.8019], [135.8563, 33.818], [135.8602, 33.8488], [135.8531, 33.861], [135.8611, 33.8761], [135.8604, 33.8655], [135.8718, 33.8588], [135.8812, 33.8723], [135.8955, 33.8688], [135.9013, 33.8835], [135.8923, 33.8936], [135.8879, 33.8815], [135.8786, 33.9085], [135.8942, 33.906], [135.8933, 33.9199], [135.9323, 33.9167], [135.9295, 33.9231], [135.9177, 33.9222], [135.9182, 33.9304], [135.9306, 33.9331], [135.9278, 33.9409], [135.9686, 33.929], [135.9766, 33.9664], [135.987, 33.9679], [135.9991, 33.9556], [136.011, 33.9662], [135.9951, 34.0002], [136.005, 34.0032], [136.0186, 34.0359], [136.0318, 34.0325], [136.0436, 34.0405], [136.0528, 34.032], [136.1033, 34.0255], [136.0924, 34.0478], [136.0927, 34.0826], [136.1182, 34.0822], [136.103, 34.0955], [136.1074, 34.1027], [136.099, 34.1187], [136.1081, 34.1267], [136.1017, 34.1406], [136.1141, 34.1593], [136.1045, 34.1729], [136.1086, 34.1843], [136.0931, 34.1956], [136.1165, 34.2123], [136.1102, 34.2292], [136.1311, 34.2517], [136.1183, 34.2603], [136.119, 34.2699], [136.0947, 34.301], [136.1292, 34.3159], [136.1017, 34.3365], [136.0861, 34.3783], [136.0687, 34.3935], [136.0883, 34.4141], [136.0958, 34.4352], [136.1279, 34.4449], [136.2059, 34.4485], [136.218, 34.484], [136.229, 34.4941], [136.2147, 34.5032], [136.2163, 34.5281], [136.1821, 34.5171], [136.1671, 34.52], [136.1715, 34.5341], [136.1556, 34.5587], [136.1383, 34.5607], [136.1142, 34.5459], [136.1106, 34.5559], [136.0841, 34.5593], [136.0495, 34.5801], [136.0463, 34.6002], [136.0725, 34.6366], [136.0646, 34.6513], [136.0403, 34.6633], [136.0635, 34.6521], [136.0767, 34.659], [136.0855, 34.6763], [136.0747, 34.6976], [136.0533, 34.7051], [136.07, 34.7137], [136.0678, 34.7227], [136.0378, 34.7563], [136.0285, 34.7572], [136.0335, 34.7789], [136.0203, 34.7892], [136.0903, 34.8139], [136.0857, 34.8375], [136.1031, 34.8405], [136.1073, 34.8519], [136.1266, 34.8618], [136.1218, 34.8728], [136.1009, 34.8703], [136.0852, 34.8777], [136.087, 34.8905], [136.0956, 34.8888], [136.1106, 34.9019], [136.1308, 34.8831], [136.1794, 34.8865], [136.1917, 34.8725], [136.2503, 34.8578], [136.277, 34.8742], [136.291, 34.8704], [136.3205, 34.8897], [136.3656, 34.9049], [136.3666, 34.9204], [136.3749, 34.9243], [136.373, 34.9418], [136.3952, 34.9517], [136.4143, 34.9796], [136.4241, 35.029], [136.4182, 35.0484], [136.4412, 35.0651], [136.4356, 35.0827], [136.4478, 35.1235], [136.436, 35.1301], [136.4543, 35.1616], [136.4247, 35.1838], [136.4083, 35.1872], [136.4149, 35.2177], [136.4317, 35.2291], [136.4421, 35.2171], [136.4663, 35.2377], [136.5078, 35.2362], [136.5154, 35.2532], [136.5275, 35.2575]]], [[[136.6657, 34.9729], [136.6503, 34.9773], [136.6528, 34.9918], [136.6747, 35.0024], [136.6613, 34.9934], [136.6777, 34.987], [136.6657, 34.9729]]], [[[136.9823, 34.5407], [136.9762, 34.5469], [136.9864, 34.5502], [136.9823, 34.5407]]], [[[136.8586, 34.506], [136.8471, 34.5101], [136.8788, 34.5263], [136.8667, 34.5279], [136.8998, 34.5377], [136.9042, 34.5203], [136.8933, 34.5229], [136.8586, 34.506]]], [[[136.8404, 34.5157], [136.8353, 34.517], [136.8469, 34.52], [136.8404, 34.5157]]], [[[136.8863, 34.4766], [136.8718, 34.4855], [136.8757, 34.4921], [136.9084, 34.5029], [136.9062, 34.4895], [136.8863, 34.4766]]], [[[136.8565, 34.4825], [136.8509, 34.4875], [136.8646, 34.4892], [136.8565, 34.4825]]], [[[136.8731, 34.3572], [136.8665, 34.3638], [136.8756, 34.3678], [136.8731, 34.3572]]], [[[136.815, 34.3046], [136.8116, 34.3085], [136.8247, 34.3093], [136.815, 34.3046]]], [[[136.8221, 34.2881], [136.8226, 34.295], [136.8316, 34.2891], [136.8221, 34.2881]]]]}}, {"type": "Feature", "properties": {"code": "34", "name": "広島県"}, "geometry": {"type": "MultiPolygon", "coordinates": [[[[132.859, 35.0926], [132.8921, 35.105], [132.9088, 35.0865], [132.9499, 35.0755], [132.9743, 35.0835], [132.9902, 35.1014], [133.033, 35.0683], [133.0518, 35.0704], [133.0603, 35.0814], [133.1123, 35.0857], [133.1424, 35.0652], [133.1611, 35.0736], [133.1685, 35.0677], [133.2142, 35.074], [133.2283, 35.0684], [133.232, 35.0776], [133.2506, 35.0781], [133.2667, 35.0519], [133.3212, 35.0061], [133.3203, 34.9867], [133.2967, 34.9554], [133.3089, 34.9371], [133.2944, 34.9028], [133.2972, 34.8895], [133.3301, 34.8559], [133.3323, 34.8396], [133.3778, 34.8051], [133.3698, 34.7887], [133.3758, 34.7815], [133.3613, 34.7556], [133.3698, 34.7466], [133.3576, 34.7333], [133.3692, 34.7228], [133.3826, 34.6799], [133.4028, 34.6719], [133.3829, 34.6215], [133.3965, 34.5954], [133.4214, 34.5868], [133.4527, 34.5351], [133.4455, 34.5057], [133.4534, 34.5063], [133.4543, 34.4944], [133.4423, 34.4811], [133.4445, 34.4466], [133.4145, 34.4593], [133.4143, 34.4784], [133.4078, 34.4785], [133.4068, 34.4586], [133.4392, 34.4365], [133.4307, 34.4241], [133.4042, 34.4355], [133.4072, 34.4285], [133.3844, 34.4193], [133.3829, 34.3812], [133.3464, 34.3655], [133.3464, 34.3765], [133.3347, 34.3807], [133.3232, 34.3767], [133.3055, 34.3875], [133.2853, 34.3857], [133.281, 34.4011], [133.2717, 34.3925], [133.2439, 34.3914], [133.2429, 34.3998], [133.2589, 34.3971], [133.2724, 34.4135], [133.27, 34.4315], [133.2567, 34.4417], [133.2513, 34.4415], [133.2535, 34.4234], [133.2415, 34.4359], [133.2439, 34.4235], [133.2335, 34.4115], [133.1218, 34.3827], [133.0843, 34.3955], [133.0923, 34.3887], [133.0791, 34.3463], [133.072, 34.3429], [133.0168, 34.3291], [132.9502, 34.3394], [132.9203, 34.3257], [132.9127, 34.3365], [132.9096, 34.3272], [132.868, 34.3118], [132.8734, 34.3023], [132.8469, 34.2923], [132.8343, 34.3043], [132.8341, 34.3158], [132.7966, 34.311], [132.7881, 34.2782], [132.7536, 34.2821], [132.7589, 34.2691], [132.7529, 34.2605], [132.7638, 34.2623], [132.7721, 34.2532], [132.7575, 34.2463], [132.7598, 34.2409], [132.7021, 34.2372], [132.6842, 34.2217], [132.684, 34.2108], [132.6603, 34.2183], [132.6588, 34.2069], [132.6412, 34.202], [132.6182, 34.2105], [132.6157, 34.2239], [132.5958, 34.2307], [132.5678, 34.1985], [132.5377, 34.1937], [132.5435, 34.2088], [132.5312, 34.2213], [132.5522, 34.2287], [132.5566, 34.242], [132.5445, 34.2403], [132.5389, 34.2476], [132.5308, 34.2413], [132.5238, 34.2457], [132.528, 34.2556], [132.5141, 34.2569], [132.5181, 34.2809], [132.4945, 34.3135], [132.5036, 34.3365], [132.4911, 34.3365], [132.4968, 34.3487], [132.5044, 34.3488], [132.5072, 34.3391], [132.516, 34.3445], [132.5082, 34.3525], [132.5286, 34.3559], [132.5169, 34.3651], [132.508, 34.3569], [132.481, 34.3539], [132.4784, 34.3595], [132.4696, 34.3519], [132.4569, 34.3517], [132.458, 34.3637], [132.4493, 34.348], [132.3985, 34.3651], [132.3761, 34.3635], [132.3762, 34.3523], [132.3737, 34.3609], [132.3613, 34.3561], [132.3628, 34.3496], [132.3637, 34.3609], [132.3399, 34.3533], [132.3505, 34.3511], [132.3342, 34.3443], [132.3469, 34.3414], [132.336, 34.3377], [132.326, 34.3443], [132.3139, 34.3189], [132.275, 34.2807], [132.2322, 34.2573], [132.2199, 34.2333], [132.236, 34.2255], [132.2449, 34.2107], [132.1958, 34.2043], [132.204, 34.2287], [132.1703, 34.2253], [132.1692, 34.2337], [132.157, 34.2292], [132.1447, 34.2364], [132.1449, 34.2581], [132.1335, 34.2708], [132.1394, 34.2847], [132.1247, 34.2913], [132.1267, 34.3326], [132.1071, 34.3279], [132.095, 34.3501], [132.0844, 34.3579], [132.0692, 34.3563], [132.0767, 34.3888], [132.0699, 34.3908], [132.0681, 34.4151], [132.0802, 34.4423], [132.0572, 34.4807], [132.0583, 34.4929], [132.0359, 34.5022], [132.0527, 34.5299], [132.0838, 34.5379], [132.1251, 34.5825], [132.1299, 34.598], [132.1169, 34.6026], [132.1157, 34.6127], [132.1296, 34.6303], [132.126, 34.6413], [132.1612, 34.6833], [132.1557, 34.6929], [132.1299, 34.6989], [132.13, 34.708], [132.1786, 34.7365], [132.1888, 34.7345], [132.203, 34.7488], [132.2215, 34.7503], [132.225, 34.7702], [132.2418, 34.7845], [132.241, 34.8059], [132.2776, 34.7987], [132.2797, 34.7835], [132.298, 34.7771], [132.3157, 34.8014], [132.3356, 34.7901], [132.3718, 34.8012], [132.3824, 34.7949], [132.381, 34.7858], [132.396, 34.7794], [132.4228, 34.7981], [132.4205, 34.814], [132.4346, 34.8206], [132.4559, 34.8074], [132.454, 34.8012], [132.5051, 34.796], [132.5195, 34.8037], [132.5374, 34.7949], [132.5536, 34.8081], [132.5673, 34.8064], [132.6151, 34.8433], [132.6507, 34.8405], [132.6601, 34.8327], [132.6691, 34.8329], [132.6792, 34.8513], [132.6972, 34.8429], [132.7099, 34.8499], [132.6999, 34.8821], [132.6798, 34.8846], [132.6751, 34.8943], [132.663, 34.8899], [132.6547, 34.8997], [132.635, 34.8987], [132.6333, 34.9049], [132.6729, 34.9319], [132.6845, 34.9507], [132.707, 34.955], [132.7198, 34.9481], [132.7393, 34.9621], [132.7468, 34.9593], [132.7521, 34.9671], [132.7452, 34.9771], [132.7679, 34.9847], [132.7656, 34.9965], [132.7872, 35.0048], [132.7871, 35.014], [132.8139, 35.0407], [132.8362, 35.0473], [132.827, 35.0612], [132.859, 35.0926]]], [[[133.2114, 34.3567], [133.1841, 34.3587], [133.1745, 34.3665], [133.1719, 34.3921], [133.2143, 34.4094], [133.2355, 34.4063], [133.2352, 34.3901], [133.2182, 34.3804], [133.2114, 34.3567]]], [[[133.1708, 34.3735], [133.1562, 34.3745], [133.1523, 34.3851], [133.167, 34.3901], [133.1708, 34.3735]]], [[[133.3985, 34.3776], [133.3875, 34.3829], [133.3914, 34.3878], [133.4032, 34.3838], [133.3985, 34.3776]]], [[[133.2702, 34.3612], [133.2595, 34.3663], [133.2596, 34.3838], [133.2775, 34.3807], [133.2702, 34.3612]]], [[[133.303, 34.3428], [133.2894, 34.3567], [133.3001, 34.367], [133.317, 34.3728], [133.3236, 34.3601], [133.3313, 34.3703], [133.3407, 34.3694], [133.336, 34.3559], [133.303, 34.3428]]], [[[133.1122, 34.3176], [133.0958, 34.3235], [133.0943, 34.331], [133.1019, 34.3257], [133.097, 34.3392], [133.1038, 34.3573], [133.1157, 34.3599], [133.1256, 34.3365], [133.1122, 34.3176]]], [[[133.1921, 34.2751], [133.1564, 34.2984], [133.1339, 34.3288], [133.149, 34.3584], [133.1762, 34.3553], [133.1807, 34.333], [133.1958, 34.3381], [133.2089, 34.3193], [133.1939, 34.2971], [133.2096, 34.2975], [133.1921, 34.2751]]], [[[133.2617, 34.3323], [133.2623, 34.3465], [133.2873, 34.3568], [133.285, 34.3394], [133.2617, 34.3323]]], [[[133.4459, 34.3358], [133.4304, 34.3391], [133.4297, 34.3477], [133.4382, 34.3508], [133.4539, 34.3383], [133.4459, 34.3358]]], [[[132.4808, 34.3309], [132.4797, 34.3469], [132.4861, 34.3365], [132.4808, 34.3309]]], [[[133.0775, 34.3016], [133.0646, 34.3046], [133.0614, 34.314], [133.0756, 34.3339], [133.0864, 34.3145], [133.0775, 34.3016]]], [[[132.4327, 34.2973], [132.4147, 34.3024], [132.4418, 34.3259], [132.447, 34.3163], [132.4374, 34.3045], [132.4421, 34.2974], [132.4327, 34.2973]]], [[[133.4612, 34.31], [133.4576, 34.3155], [133.4697, 34.3142], [133.4612, 34.31]]], [[[133.0825, 34.2565], [133.0681, 34.2641], [133.0676, 34.2729], [133.0834, 34.3077], [133.1392, 34.3152], [133.1483, 34.2992], [133.1435, 34.2861], [133.0825, 34.2565]]], [[[132.9934, 34.3028], [132.9877, 34.3148], [132.9973, 34.3091], [132.9934, 34.3028]]], [[[132.2738, 34.2314], [132.2632, 34.2563], [132.2805, 34.2689], [132.2881, 34.2863], [132.3184, 34.2957], [132.3326, 34.3103], [132.3468, 34.294], [132.3465, 34.2809], [132.3033, 34.2445], [132.2738, 34.2314]]], [[[132.9163, 34.2801], [132.9048, 34.2891], [132.9141, 34.2998], [132.9171, 34.2905], [132.925, 34.2967], [132.9163, 34.2801]]], [[[132.4284, 34.1284], [132.4441, 34.1515], [132.4447, 34.1779], [132.4566, 34.1758], [132.4383, 34.1954], [132.4275, 34.1729], [132.4205, 34.1965], [132.385, 34.2253], [132.3876, 34.2394], [132.3718, 34.2588], [132.3764, 34.2645], [132.3798, 34.2571], [132.4218, 34.2565], [132.4401, 34.2242], [132.4567, 34.2303], [132.4725, 34.2081], [132.4788, 34.2312], [132.4682, 34.2465], [132.4554, 34.2565], [132.4419, 34.2455], [132.4319, 34.2532], [132.445, 34.2662], [132.4341, 34.2853], [132.4731, 34.2836], [132.4798, 34.2853], [132.4778, 34.2962], [132.4973, 34.2689], [132.4895, 34.204], [132.4743, 34.1955], [132.4712, 34.1803], [132.487, 34.1609], [132.4891, 34.142], [132.4456, 34.1323], [132.4455, 34.1383], [132.4284, 34.1284]]], [[[132.8791, 34.2058], [132.8502, 34.2126], [132.8374, 34.2418], [132.8818, 34.2481], [132.8782, 34.2532], [132.8862, 34.2616], [132.8999, 34.2473], [132.9257, 34.2823], [132.9416, 34.2772], [132.9281, 34.2467], [132.914, 34.235], [132.9205, 34.215], [132.8791, 34.2058]]], [[[132.8026, 34.2685], [132.7901, 34.2749], [132.8082, 34.2808], [132.8026, 34.2685]]], [[[132.8752, 34.2551], [132.8635, 34.2629], [132.8682, 34.2711], [132.8749, 34.2683], [132.8752, 34.2551]]], [[[132.7377, 34.158], [132.7386, 34.1729], [132.7211, 34.1699], [132.713, 34.1806], [132.6856, 34.1826], [132.6859, 34.1963], [132.7083, 34.2044], [132.7586, 34.1921], [132.754, 34.1828], [132.7648, 34.1785], [132.7377, 34.158]]], [[[132.6626, 34.1699], [132.6566, 34.1757], [132.6443, 34.1709], [132.648, 34.1849], [132.6759, 34.2032], [132.6826, 34.1858], [132.6626, 34.1699]]], [[[132.5504, 34.079], [132.5442, 34.0974], [132.5356, 34.0951], [132.5341, 34.1027], [132.512, 34.091], [132.5091, 34.1032], [132.5016, 34.1032], [132.4983, 34.0915], [132.46, 34.0823], [132.4478, 34.0935], [132.4549, 34.1151], [132.5031, 34.1331], [132.5074, 34.1411], [132.4948, 34.1486], [132.4955, 34.1699], [132.5013, 34.1837], [132.5259, 34.1997], [132.5365, 34.1999], [132.5346, 34.1875], [132.5456, 34.1894], [132.556, 34.1796], [132.5569, 34.1708], [132.5481, 34.1769], [132.5207, 34.1548], [132.5309, 34.147], [132.5478, 34.1513], [132.5477, 34.1415], [132.557, 34.1506], [132.5374, 34.1211], [132.5394, 34.1071], [132.5751, 34.1277], [132.5822, 34.1131], [132.5913, 34.1149], [132.5849, 34.1065], [132.5698, 34.1156], [132.5673, 34.0976], [132.5504, 34.079]]], [[[132.3014, 34.1845], [132.2922, 34.1883], [132.2951, 34.1991], [132.3183, 34.1911], [132.3014, 34.1845]]], [[[132.8197, 34.1509], [132.7989, 34.1582], [132.8109, 34.1801], [132.8488, 34.1961], [132.8565, 34.1821], [132.8668, 34.18], [132.847, 34.1608], [132.8197, 34.1509]]], [[[132.772, 34.1608], [132.7702, 34.1735], [132.7853, 34.1886], [132.798, 34.1768], [132.7962, 34.1699], [132.772, 34.1608]]], [[[132.398, 34.1465], [132.3836, 34.1565], [132.3835, 34.1771], [132.4113, 34.1695], [132.4132, 34.1507], [132.398, 34.1465]]], [[[132.4299, 34.1466], [132.4385, 34.1607], [132.4421, 34.1529], [132.4299, 34.1466]]], [[[132.7597, 34.1482], [132.7582, 34.1541], [132.7741, 34.1559], [132.7597, 34.1482]]], [[[132.7862, 34.1141], [132.7878, 34.122], [132.7997, 34.1211], [132.7862, 34.1141]]], [[[132.5527, 34.0681], [132.5404, 34.0686], [132.5482, 34.0793], [132.5492, 34.0719], [132.5586, 34.0719], [132.5527, 34.0681]]], [[[132.5302, 34.0465], [132.5194, 34.0531], [132.532, 34.0738], [132.5383, 34.0677], [132.5302, 34.0465]]]]}}, {"type": "Feature", "properties": {"code": "01", "name": "北海道"}, "geometry": {"type": "MultiPolygon", "coordinates": [[[[148.3427, 45.2912], [148.3547, 45.3087], [148.4096, 45.3321], [148.4212, 45.3306], [148.4259, 45.3482], [148.4591, 45.3615], [148.4594, 45.3765], [148.4766, 45.3802], [148.4815, 45.3887], [148.4725, 45.3999], [148.4876, 45.4199], [148.5106, 45.4309], [148.5191, 45.4454], [148.56, 45.4609], [148.5775, 45.4883], [148.6111, 45.4935], [148.6397, 45.5083], [148.641, 45.5233], [148.6581, 45.5396], [148.7226, 45.5447], [148.754, 45.5571], [148.8396, 45.5521], [148.8413, 45.5447], [148.8718, 45.5354], [148.8954, 45.5131], [148.8883, 45.4843], [148.8311, 45.4541], [148.8317, 45.4277], [148.8553, 45.4199], [148.8773, 45.3929], [148.8528, 45.3563], [148.8428, 45.3523], [148.8482, 45.3456], [148.8435, 45.3396], [148.7813, 45.3245], [148.7456, 45.3379], [148.6294, 45.3328], [148.5064, 45.2791], [148.511, 45.2737], [148.5012, 45.2721], [148.5041, 45.2632], [148.4944, 45.2561], [148.4788, 45.262], [148.4589, 45.2502], [148.4388, 45.2525], [148.4058, 45.2313], [148.3046, 45.2165], [148.2652, 45.1847], [148.2592, 45.191], [148.2468, 45.1874], [148.1964, 45.1496], [148.1686, 45.1469], [148.0907, 45.1065], [148.0558, 45.0681], [148.042, 45.0652], [148.0065, 45.0268], [147.9946, 45.024], [147.9885, 45.0065], [147.9411, 44.9878], [147.9076, 44.9613], [147.899, 44.9605], [147.8972, 44.9687], [147.8526, 44.9657], [147.7852, 44.9483], [147.7298, 44.9804], [147.7277, 45.0032], [147.6635, 44.9976], [147.6259, 44.9718], [147.6145, 44.9499], [147.6139, 44.9403], [147.6529, 44.9199], [147.6181, 44.8905], [147.5863, 44.8425], [147.5524, 44.817], [147.5156, 44.8119], [147.4991, 44.801], [147.4889, 44.782], [147.4409, 44.7729], [147.3875, 44.7464], [147.37, 44.7234], [147.3365, 44.7155], [147.3024, 44.6683], [147.2871, 44.6623], [147.2672, 44.6387], [147.255, 44.6017], [147.2058, 44.5675], [147.1446, 44.5592], [147.1061, 44.5695], [147.0812, 44.5597], [147.0297, 44.5191], [146.9968, 44.4725], [146.9937, 44.4545], [146.9527, 44.4265], [146.865, 44.4461], [146.861, 44.4667], [146.8723, 44.4955], [146.8915, 44.518], [146.9256, 44.5261], [146.9547, 44.5536], [146.9334, 44.5865], [146.9342, 44.6102], [146.9495, 44.6343], [146.9652, 44.5935], [146.985, 44.5784], [146.9968, 44.5787], [147.0259, 44.5991], [147.0317, 44.6161], [147.0334, 44.6382], [147.0039, 44.6555], [147.0092, 44.6603], [147.0484, 44.6609], [147.0789, 44.638], [147.0951, 44.6389], [147.1255, 44.6495], [147.1817, 44.6894], [147.1998, 44.7532], [147.1933, 44.7648], [147.1295, 44.7695], [147.1166, 44.7793], [147.1014, 44.8129], [147.1109, 44.8239], [147.1308, 44.8304], [147.1564, 44.8253], [147.2009, 44.7979], [147.2371, 44.8069], [147.2468, 44.8127], [147.2671, 44.8681], [147.3762, 44.9089], [147.476, 44.9852], [147.518, 44.9986], [147.5131, 45.0326], [147.5229, 45.0416], [147.5269, 45.0713], [147.5335, 45.0711], [147.5324, 45.0901], [147.5001, 45.1123], [147.5099, 45.1173], [147.5371, 45.1063], [147.5703, 45.107], [147.5867, 45.0857], [147.6362, 45.0765], [147.6574, 45.0817], [147.699, 45.1053], [147.6938, 45.1435], [147.7053, 45.151], [147.7062, 45.1687], [147.7292, 45.1763], [147.7396, 45.1955], [147.7673, 45.1949], [147.7742, 45.2078], [147.8206, 45.2186], [147.8456, 45.2085], [147.8718, 45.2257], [147.8695, 45.2334], [147.8856, 45.2582], [147.8687, 45.2639], [147.8734, 45.2962], [147.8591, 45.3177], [147.8512, 45.3649], [147.8734, 45.3985], [147.9094, 45.4293], [147.9252, 45.4379], [147.9649, 45.4219], [147.9775, 45.3681], [148.006, 45.3346], [147.9973, 45.3337], [147.9975, 45.325], [148.0091, 45.2923], [148.0196, 45.2913], [148.0202, 45.2797], [148.0281, 45.2819], [148.0407, 45.2673], [148.1705, 45.2595], [148.2667, 45.2721], [148.3427, 45.2912]]], [[[141.5791, 45.1769], [141.5696, 45.1993], [141.5716, 45.2354], [141.6123, 45.2775], [141.6206, 45.2965], [141.6122, 45.3129], [141.6218, 45.3137], [141.6547, 45.3503], [141.658, 45.3682], [141.6366, 45.4013], [141.6457, 45.4507], [141.6836, 45.4209], [141.6821, 45.4043], [141.6796, 45.4102], [141.686, 45.4109], [141.7072, 45.3973], [141.7296, 45.399], [141.7444, 45.404], [141.7468, 45.4147], [141.7708, 45.4052], [141.796, 45.4077], [141.8577, 45.4348], [141.8792, 45.4623], [141.8798, 45.4956], [141.893, 45.5032], [141.8931, 45.5119], [141.9432, 45.5225], [141.9603, 45.5128], [141.9728, 45.4814], [142.0239, 45.4487], [142.0357, 45.4181], [142.0509, 45.4033], [142.1696, 45.3411], [142.2637, 45.2467], [142.389, 45.1375], [142.4757, 45.0681], [142.5051, 45.0611], [142.4998, 45.0544], [142.5086, 45.041], [142.5356, 45.0289], [142.5334, 45.0131], [142.5445, 44.988], [142.5853, 44.9617], [142.5796, 44.9561], [142.5907, 44.9407], [142.5888, 44.9199], [142.6355, 44.8849], [142.66, 44.8417], [142.6804, 44.8311], [142.7313, 44.7689], [142.7762, 44.7321], [142.8008, 44.7133], [142.8187, 44.7099], [142.816, 44.7052], [142.8321, 44.6923], [142.9292, 44.6281], [142.9462, 44.6019], [142.9968, 44.5579], [143.0453, 44.5309], [143.0629, 44.5329], [143.063, 44.5216], [143.0925, 44.5032], [143.2255, 44.4403], [143.2398, 44.4199], [143.3489, 44.3715], [143.3664, 44.3523], [143.3581, 44.3541], [143.3673, 44.3365], [143.4169, 44.3088], [143.5597, 44.2533], [143.7853, 44.1811], [143.9004, 44.154], [144.077, 44.1247], [144.1018, 44.1298], [144.1231, 44.1167], [144.1899, 44.1047], [144.2143, 44.1031], [144.2468, 44.1131], [144.2578, 44.0865], [144.2525, 44.0625], [144.2618, 44.0581], [144.2558, 44.0406], [144.2888, 44.0213], [144.282, 44.0105], [144.3, 43.9931], [144.2985, 43.9843], [144.407, 43.9451], [144.6218, 43.9179], [144.7109, 43.9199], [144.7953, 43.932], [144.8354, 43.9523], [144.8498, 43.9746], [144.9087, 44.0041], [144.9366, 44.0439], [144.944, 44.0397], [144.9785, 44.0691], [144.9933, 44.0698], [144.9917, 44.0769], [145.0038, 44.0782], [145.0159, 44.1004], [145.0699, 44.1246], [145.1218, 44.1644], [145.192, 44.1956], [145.2309, 44.2532], [145.2809, 44.2901], [145.2931, 44.3107], [145.3043, 44.3113], [145.3167, 44.3355], [145.3331, 44.3459], [145.3458, 44.3393], [145.3498, 44.2962], [145.3673, 44.272], [145.3668, 44.2592], [145.3492, 44.2439], [145.3488, 44.2245], [145.3306, 44.1934], [145.2563, 44.1256], [145.2416, 44.0915], [145.2458, 44.0693], [145.2397, 44.0587], [145.1447, 43.9699], [145.0954, 43.8926], [145.0997, 43.8615], [145.0914, 43.8365], [145.0842, 43.8218], [145.0623, 43.8075], [145.0684, 43.7532], [145.1465, 43.6465], [145.3259, 43.597], [145.3415, 43.5865], [145.3504, 43.5666], [145.3452, 43.5587], [145.324, 43.5509], [145.2909, 43.552], [145.3018, 43.5547], [145.2813, 43.5627], [145.3279, 43.5639], [145.3398, 43.5723], [145.3391, 43.5811], [145.3212, 43.5767], [145.3148, 43.5858], [145.3319, 43.5898], [145.3092, 43.6001], [145.2803, 43.5921], [145.2874, 43.602], [145.2629, 43.5967], [145.2724, 43.602], [145.2451, 43.5931], [145.2666, 43.6101], [145.1968, 43.6251], [145.2022, 43.6105], [145.1966, 43.6005], [145.2208, 43.5865], [145.2151, 43.5778], [145.2468, 43.522], [145.2753, 43.4097], [145.3086, 43.3597], [145.3893, 43.2984], [145.3856, 43.2924], [145.4081, 43.2933], [145.4921, 43.2669], [145.5324, 43.3145], [145.5505, 43.3172], [145.5509, 43.3248], [145.5872, 43.3411], [145.5833, 43.3468], [145.6236, 43.3638], [145.6507, 43.3914], [145.7214, 43.3839], [145.7341, 43.3942], [145.7514, 43.3904], [145.7629, 43.3995], [145.7659, 43.3916], [145.8174, 43.3861], [145.8086, 43.379], [145.813, 43.3703], [145.7559, 43.338], [145.7391, 43.3396], [145.7315, 43.3295], [145.7209, 43.3369], [145.6881, 43.3273], [145.6774, 43.3204], [145.6791, 43.3126], [145.6465, 43.3223], [145.6218, 43.3166], [145.5899, 43.2783], [145.5822, 43.2868], [145.5703, 43.2842], [145.5496, 43.2279], [145.5576, 43.2203], [145.5288, 43.2047], [145.5355, 43.1954], [145.5303, 43.1869], [145.5123, 43.1902], [145.5066, 43.1843], [145.5242, 43.1746], [145.5218, 43.1661], [145.4968, 43.1593], [145.4945, 43.1667], [145.5041, 43.1736], [145.4869, 43.1873], [145.4061, 43.1862], [145.3431, 43.1795], [145.319, 43.1683], [145.2826, 43.1699], [145.203, 43.1367], [145.1715, 43.151], [145.1466, 43.1453], [145.1151, 43.1233], [145.1103, 43.1036], [145.1182, 43.0813], [145.0887, 43.0672], [145.0877, 43.0468], [145.0318, 43.0297], [145.0241, 42.9997], [144.9744, 42.9822], [144.9282, 42.9908], [144.9242, 42.9815], [144.9061, 42.9899], [144.8767, 42.9868], [144.8561, 43.0019], [144.8526, 43.014], [144.8337, 43.0145], [144.8358, 43.0323], [144.8542, 43.0497], [144.8001, 43.0591], [144.7819, 43.0542], [144.7468, 43.0245], [144.7227, 42.9801], [144.7486, 42.9564], [144.7854, 42.939], [144.7747, 42.9336], [144.6761, 42.9397], [144.6322, 42.9515], [144.5299, 42.9519], [144.4865, 42.9402], [144.4515, 42.9445], [144.3654, 42.9718], [144.3718, 42.9867], [144.3624, 42.9879], [144.3596, 42.9997], [144.3413, 42.9946], [144.318, 43.0063], [144.2701, 43.0032], [144.1689, 42.9847], [144.049, 42.9416], [143.9196, 42.8748], [143.5977, 42.6415], [143.4576, 42.5032], [143.3891, 42.4158], [143.3247, 42.3101], [143.3412, 42.3026], [143.3247, 42.3089], [143.3279, 42.2963], [143.3201, 42.2913], [143.3258, 42.2889], [143.3103, 42.2615], [143.3084, 42.2457], [143.3211, 42.2099], [143.3357, 42.2027], [143.3361, 42.1906], [143.317, 42.1218], [143.3232, 42.1177], [143.3089, 42.0811], [143.3124, 42.0552], [143.2596, 42.0032], [143.2428, 41.953], [143.2502, 41.9255], [143.1643, 41.9831], [143.1576, 42.0032], [143.1364, 42.0266], [143.097, 42.0498], [143.0113, 42.0814], [142.9649, 42.1192], [142.9307, 42.1265], [142.9218, 42.1214], [142.9106, 42.1326], [142.8178, 42.1415], [142.7735, 42.1619], [142.7621, 42.1747], [142.6734, 42.1919], [142.5856, 42.2435], [142.4846, 42.2713], [142.4465, 42.3041], [142.4081, 42.3095], [142.3718, 42.3249], [142.2778, 42.3772], [142.1958, 42.4474], [142.1535, 42.4638], [142.0293, 42.4846], [142.0097, 42.5055], [141.9859, 42.5141], [141.8996, 42.5779], [141.8718, 42.5903], [141.8233, 42.6061], [141.8181, 42.6016], [141.8108, 42.6112], [141.8015, 42.6023], [141.7996, 42.6131], [141.7468, 42.6229], [141.6313, 42.6286], [141.6986, 42.6531], [141.696, 42.6581], [141.6308, 42.6371], [141.6257, 42.6449], [141.6177, 42.6243], [141.6023, 42.6269], [141.4968, 42.604], [141.3508, 42.543], [141.208, 42.4554], [141.1593, 42.4423], [141.125, 42.4199], [141.0929, 42.3965], [141.0548, 42.3527], [141.0273, 42.3365], [141.0016, 42.302], [140.9483, 42.3179], [140.931, 42.3365], [140.9512, 42.3481], [140.9816, 42.3244], [140.9873, 42.3329], [140.9808, 42.3437], [141.0081, 42.3483], [140.977, 42.3494], [140.9872, 42.3553], [140.9175, 42.3698], [140.9085, 42.3802], [140.9001, 42.4199], [140.8718, 42.4609], [140.8389, 42.4707], [140.8019, 42.4994], [140.7808, 42.5], [140.7795, 42.5141], [140.7865, 42.5186], [140.7722, 42.5224], [140.7744, 42.5369], [140.7244, 42.5742], [140.7122, 42.5746], [140.7096, 42.5839], [140.6427, 42.5865], [140.5836, 42.5676], [140.5349, 42.589], [140.4685, 42.5865], [140.3718, 42.5027], [140.3157, 42.4199], [140.2765, 42.3112], [140.2765, 42.2818], [140.2869, 42.2532], [140.3405, 42.2275], [140.3986, 42.2165], [140.516, 42.1293], [140.5459, 42.1154], [140.5885, 42.1093], [140.6597, 42.1294], [140.6904, 42.127], [140.7069, 42.1391], [140.7603, 42.1171], [140.7739, 42.0865], [140.8019, 42.0775], [140.8039, 42.0574], [140.8208, 42.0363], [140.9081, 41.9846], [140.9414, 41.9351], [140.9505, 41.9374], [140.9588, 41.918], [141.0118, 41.8943], [141.0739, 41.888], [141.1482, 41.8554], [141.1471, 41.8322], [141.1825, 41.8185], [141.1864, 41.8025], [141.1579, 41.7858], [141.1125, 41.7869], [141.0747, 41.7427], [141.0513, 41.7326], [141.0538, 41.7272], [140.9678, 41.7109], [140.9307, 41.7375], [140.8986, 41.7485], [140.7747, 41.7753], [140.7337, 41.7673], [140.7191, 41.7532], [140.7229, 41.7459], [140.7019, 41.7414], [140.6929, 41.7637], [140.7023, 41.7852], [140.7152, 41.7673], [140.7271, 41.7811], [140.7172, 41.8067], [140.69, 41.8205], [140.6411, 41.8175], [140.6189, 41.7982], [140.6021, 41.7432], [140.5506, 41.7215], [140.5269, 41.701], [140.4807, 41.7015], [140.445, 41.6855], [140.4349, 41.6597], [140.4293, 41.5865], [140.4313, 41.5627], [140.4391, 41.5547], [140.409, 41.5173], [140.3646, 41.516], [140.2593, 41.4817], [140.2163, 41.4113], [140.1995, 41.3986], [140.1453, 41.4291], [140.1198, 41.4305], [140.0891, 41.4184], [140.0285, 41.4624], [140.0133, 41.5084], [139.9861, 41.5517], [139.9839, 41.6065], [140.009, 41.6916], [140.0725, 41.7735], [140.0718, 41.8057], [140.0953, 41.8102], [140.1046, 41.8045], [140.1218, 41.8218], [140.1265, 41.8559], [140.1197, 41.8668], [140.1112, 41.8637], [140.115, 41.8716], [140.13, 41.8714], [140.1392, 41.8951], [140.1405, 41.9223], [140.1275, 41.9666], [140.1328, 41.9759], [140.1198, 42.0043], [140.1055, 42.007], [140.0999, 42.029], [140.0834, 42.0371], [140.0868, 42.0419], [140.0568, 42.0834], [140.026, 42.1133], [139.9902, 42.1289], [139.9227, 42.1335], [139.8959, 42.1841], [139.8818, 42.1932], [139.8812, 42.2076], [139.8642, 42.2195], [139.8151, 42.2218], [139.8126, 42.2297], [139.7969, 42.2316], [139.7751, 42.2601], [139.7857, 42.2741], [139.7668, 42.3112], [139.7818, 42.3539], [139.8002, 42.3605], [139.8185, 42.39], [139.8292, 42.3935], [139.8445, 42.4285], [139.8442, 42.4573], [139.8524, 42.463], [139.843, 42.4995], [139.8468, 42.5274], [139.8234, 42.6138], [139.8421, 42.6266], [139.8691, 42.6665], [139.897, 42.6797], [139.9257, 42.689], [139.9889, 42.6927], [140.003, 42.6873], [140.046, 42.6947], [140.0649, 42.707], [140.0743, 42.7282], [140.142, 42.7532], [140.1863, 42.8278], [140.2349, 42.7971], [140.2468, 42.7688], [140.3055, 42.7787], [140.3057, 42.8288], [140.344, 42.8562], [140.3905, 42.9232], [140.4304, 42.9497], [140.5224, 42.9917], [140.529, 43.0071], [140.5263, 43.0321], [140.5067, 43.0373], [140.4954, 43.0642], [140.4646, 43.0865], [140.4596, 43.1055], [140.4302, 43.143], [140.3607, 43.1807], [140.326, 43.2217], [140.3366, 43.2552], [140.3283, 43.2595], [140.3408, 43.2661], [140.3442, 43.2764], [140.3369, 43.2827], [140.3454, 43.2837], [140.36, 43.3157], [140.3466, 43.3345], [140.4062, 43.3361], [140.4248, 43.3297], [140.4604, 43.346], [140.4711, 43.3655], [140.4628, 43.3724], [140.4968, 43.3735], [140.5144, 43.3576], [140.5286, 43.359], [140.541, 43.3403], [140.5805, 43.3113], [140.6069, 43.2967], [140.6301, 43.2983], [140.6353, 43.2869], [140.6455, 43.2859], [140.6367, 43.2764], [140.6411, 43.267], [140.7184, 43.2505], [140.7403, 43.2344], [140.777, 43.2258], [140.7763, 43.2041], [140.7921, 43.1954], [140.8487, 43.1993], [140.8616, 43.2186], [140.8729, 43.2063], [140.914, 43.2117], [140.9271, 43.2279], [141.0167, 43.2396], [141.0209, 43.2247], [141.002, 43.2047], [141.016, 43.1944], [141.0112, 43.1924], [141.1617, 43.1449], [141.2886, 43.1981], [141.2961, 43.2111], [141.3072, 43.2136], [141.2992, 43.2153], [141.3156, 43.2193], [141.3531, 43.2532], [141.4239, 43.3289], [141.4286, 43.4199], [141.3586, 43.5195], [141.3862, 43.5865], [141.3835, 43.6048], [141.3653, 43.6193], [141.3515, 43.6449], [141.3299, 43.7253], [141.3879, 43.8072], [141.4574, 43.8365], [141.4968, 43.8388], [141.5215, 43.8599], [141.5379, 43.8527], [141.5494, 43.8622], [141.562, 43.8601], [141.5963, 43.8845], [141.6255, 43.9199], [141.6321, 43.9601], [141.6379, 43.9466], [141.6477, 43.9448], [141.6383, 43.9541], [141.6628, 44.0376], [141.654, 44.1559], [141.6578, 44.2395], [141.6486, 44.315], [141.6745, 44.3273], [141.7102, 44.3923], [141.7468, 44.4328], [141.7572, 44.4575], [141.7679, 44.5547], [141.7874, 44.5865], [141.7925, 44.6437], [141.7783, 44.7532], [141.7234, 44.9199], [141.5791, 45.1769]]], [[[141.0317, 45.2746], [141.0163, 45.285], [141.0254, 45.291], [141.0236, 45.3101], [141.0036, 45.3303], [140.9835, 45.3843], [140.9906, 45.3867], [140.9915, 45.4073], [140.9836, 45.4159], [140.994, 45.4199], [140.994, 45.4275], [140.9671, 45.4394], [140.9773, 45.4477], [140.9679, 45.4646], [140.9887, 45.4424], [141.0094, 45.4343], [141.0364, 45.4417], [141.0335, 45.4619], [141.0517, 45.4494], [141.0677, 45.424], [141.0569, 45.4075], [141.0599, 45.3549], [141.0503, 45.3421], [141.0572, 45.3183], [141.0457, 45.3002], [141.044, 45.2753], [141.0317, 45.2746]]], [[[141.1497, 45.2255], [141.1989, 45.2602], [141.2327, 45.2472], [141.2278, 45.2385], [141.2351, 45.2347], [141.2736, 45.2352], [141.3181, 45.1985], [141.3305, 45.152], [141.281, 45.1079], [141.2291, 45.1004], [141.168, 45.1373], [141.1418, 45.1634], [141.14, 45.1832], [141.1285, 45.1863], [141.1405, 45.1899], [141.1335, 45.2135], [141.1497, 45.2255]]], [[[145.7473, 44.0647], [145.7437, 44.1038], [145.7904, 44.1507], [145.832, 44.1784], [145.8845, 44.2463], [145.9442, 44.2791], [145.9924, 44.3247], [146.011, 44.3715], [146.0073, 44.3817], [146.0528, 44.4199], [146.0803, 44.4723], [146.129, 44.5091], [146.1743, 44.5158], [146.1704, 44.5105], [146.226, 44.4831], [146.25, 44.4467], [146.2797, 44.4434], [146.2809, 44.4351], [146.3332, 44.4189], [146.4968, 44.4255], [146.5294, 44.4319], [146.5776, 44.4558], [146.5537, 44.4302], [146.5348, 44.3804], [146.4908, 44.3545], [146.4506, 44.3783], [146.4345, 44.3767], [146.3811, 44.3527], [146.3684, 44.3365], [146.3678, 44.3193], [146.3469, 44.3181], [146.2995, 44.2778], [146.1156, 44.2652], [146.0693, 44.2347], [146.0531, 44.2129], [146.0549, 44.1948], [146.0449, 44.1909], [146.0458, 44.1839], [145.9891, 44.1728], [145.966, 44.1534], [145.9478, 44.1538], [145.9245, 44.1373], [145.9038, 44.1155], [145.9032, 44.0957], [145.8815, 44.0865], [145.8637, 44.0532], [145.8654, 44.0303], [145.8785, 44.0213], [145.8556, 44.0217], [145.8551, 44.0306], [145.8422, 44.0329], [145.8144, 44.0173], [145.8064, 43.9933], [145.7908, 43.9791], [145.793, 43.959], [145.7811, 43.9326], [145.7184, 43.9124], [145.6762, 43.9051], [145.6538, 43.9095], [145.6056, 43.8689], [145.5933, 43.8707], [145.5771, 43.8455], [145.5693, 43.7532], [145.5544, 43.6699], [145.5448, 43.6583], [145.538, 43.6587], [145.5362, 43.6759], [145.5465, 43.7317], [145.4968, 43.7337], [145.4349, 43.7189], [145.4188, 43.7532], [145.4242, 43.7862], [145.4111, 43.8191], [145.3995, 43.8291], [145.4069, 43.8421], [145.4384, 43.8499], [145.4657, 43.8909], [145.4841, 43.9043], [145.5304, 43.9205], [145.561, 43.9453], [145.5901, 43.9532], [145.5977, 43.9727], [145.6743, 44.0116], [145.6805, 44.0173], [145.6758, 44.0273], [145.7312, 44.0454], [145.7473, 44.0647]]], [[[141.4241, 44.4289], [141.382, 44.4339], [141.4259, 44.4474], [141.4241, 44.4289]]], [[[141.2948, 44.4138], [141.2944, 44.4219], [141.3274, 44.4435], [141.3359, 44.4319], [141.3208, 44.417], [141.2948, 44.4138]]], [[[146.6455, 43.7027], [146.6413, 43.7091], [146.6502, 43.7145], [146.6218, 43.7337], [146.6261, 43.7575], [146.6077, 43.7532], [146.6162, 43.7437], [146.6128, 43.7354], [146.5946, 43.7356], [146.5962, 43.7475], [146.5864, 43.7443], [146.5912, 43.7591], [146.6079, 43.7697], [146.5863, 43.8083], [146.6995, 43.8319], [146.7089, 43.8247], [146.7272, 43.8324], [146.7487, 43.8191], [146.7468, 43.8303], [146.7223, 43.8365], [146.7253, 43.8473], [146.7738, 43.8759], [146.786, 43.8747], [146.8006, 43.86], [146.7882, 43.8785], [146.8058, 43.872], [146.814, 43.8785], [146.814, 43.8702], [146.826, 43.8689], [146.82, 43.8815], [146.8258, 43.89], [146.845, 43.8898], [146.8511, 43.8772], [146.8622, 43.8773], [146.8947, 43.8484], [146.9146, 43.8484], [146.9115, 43.8413], [146.9212, 43.8386], [146.903, 43.8286], [146.9073, 43.8117], [146.8992, 43.8067], [146.8821, 43.815], [146.8599, 43.8069], [146.8406, 43.8097], [146.8287, 43.7961], [146.8514, 43.7879], [146.8391, 43.7831], [146.8115, 43.7919], [146.808, 43.7812], [146.7995, 43.7865], [146.7886, 43.7809], [146.795, 43.7722], [146.7884, 43.7596], [146.7716, 43.7669], [146.7737, 43.7605], [146.7607, 43.7498], [146.7512, 43.7575], [146.7468, 43.7479], [146.7291, 43.7469], [146.7331, 43.7375], [146.7269, 43.7347], [146.6974, 43.7466], [146.6818, 43.7308], [146.6899, 43.7229], [146.6762, 43.7082], [146.6455, 43.7027]]], [[[146.7909, 43.7455], [146.7956, 43.7613], [146.8073, 43.7583], [146.7909, 43.7455]]], [[[146.6973, 43.7214], [146.6854, 43.7319], [146.7065, 43.7299], [146.6973, 43.7214]]], [[[146.3577, 43.6187], [146.2703, 43.6289], [146.2974, 43.6311], [146.3158, 43.6512], [146.3292, 43.6399], [146.3508, 43.6407], [146.3577, 43.6187]]], [[[145.2406, 43.5706], [145.2343, 43.5723], [145.2511, 43.5742], [145.2406, 43.5706]]], [[[146.1164, 43.4587], [146.1188, 43.4701], [146.1067, 43.4915], [146.0739, 43.5218], [146.0607, 43.5232], [146.1314, 43.5489], [146.1738, 43.5338], [146.2082, 43.5342], [146.1804, 43.5049], [146.1971, 43.4954], [146.1945, 43.4894], [146.1164, 43.4587]]], [[[145.8982, 43.4169], [145.8997, 43.426], [145.8908, 43.4236], [145.8887, 43.4295], [145.896, 43.4354], [145.8916, 43.4481], [145.8606, 43.4565], [145.8849, 43.4627], [145.9004, 43.4487], [145.9485, 43.4559], [145.9342, 43.4473], [145.9332, 43.4381], [145.9536, 43.4253], [145.9086, 43.4259], [145.8982, 43.4169]]], [[[146.0437, 43.4027], [146.0258, 43.409], [146.0446, 43.4311], [146.0569, 43.4224], [146.0597, 43.4341], [146.0682, 43.4344], [146.07, 43.4246], [146.0867, 43.4279], [146.0838, 43.4441], [146.0986, 43.4496], [146.1101, 43.4387], [146.1089, 43.4316], [146.0899, 43.4287], [146.0876, 43.4167], [146.063, 43.4176], [146.0437, 43.4027]]], [[[146.1638, 43.4136], [146.155, 43.4159], [146.1683, 43.4241], [146.1638, 43.4136]]], [[[145.9984, 43.3621], [145.9848, 43.3661], [145.9878, 43.3737], [146.0219, 43.3793], [146.0085, 43.3629], [145.9984, 43.3621]]], [[[145.6086, 43.225], [145.6028, 43.2285], [145.6144, 43.2267], [145.6086, 43.225]]], [[[145.5999, 43.2058], [145.589, 43.2076], [145.5963, 43.2221], [145.6097, 43.2119], [145.5999, 43.2058]]], [[[145.1272, 43.0683], [145.1205, 43.0817], [145.1638, 43.0845], [145.1736, 43.0768], [145.1272, 43.0683]]], [[[145.0976, 43.0457], [145.0979, 43.0529], [145.1169, 43.0533], [145.0976, 43.0457]]], [[[144.8658, 42.9471], [144.8734, 42.9649], [144.8805, 42.9576], [144.8658, 42.9471]]], [[[139.4503, 42.0521], [139.4444, 42.0642], [139.4221, 42.0718], [139.4232, 42.1364], [139.4059, 42.1647], [139.4113, 42.1699], [139.407, 42.1801], [139.439, 42.2175], [139.5355, 42.2339], [139.5591, 42.2532], [139.5607, 42.2289], [139.5173, 42.177], [139.5197, 42.139], [139.5036, 42.0966], [139.4817, 42.0731], [139.4521, 42.0644], [139.4503, 42.0521]]], [[[139.3408, 41.4957], [139.3348, 41.519], [139.3408, 41.5258], [139.3741, 41.524], [139.3838, 41.5097], [139.3408, 41.4957]]], [[[139.7997, 41.3535], [139.7981, 41.3628], [139.8161, 41.3646], [139.7997, 41.3535]]], [[[140.9635, 45.4806], [140.9718, 45.4778], [140.9636, 45.4749], [140.9635, 45.4806]]]]}}, {"type": "Feature", "properties": {"code": "28", "name": "兵庫県"}, "geometry": {"type": "MultiPolygon", "coordinates": [[[[134.8671, 35.6581], [134.8725, 35.6197], [134.8542, 35.5881], [134.9143, 35.5448], [134.9146, 35.5277], [134.9265, 35.5125], [134.9592, 35.513], [134.9959, 35.5353], [135.0352, 35.5397], [135.0447, 35.5085], [135.0328, 35.4973], [135.0417, 35.4934], [135.0358, 35.4753], [135.0495, 35.4511], [135.0483, 35.4074], [135.0291, 35.4096], [135.0192, 35.3945], [134.9895, 35.3863], [134.9872, 35.3945], [134.9586, 35.4091], [134.9448, 35.4132], [134.9338, 35.4074], [134.923, 35.3943], [134.9264, 35.3775], [134.9185, 35.3645], [134.9256, 35.3112], [134.9988, 35.2911], [135.0095, 35.2837], [135.01, 35.2698], [135.0382, 35.2607], [135.0565, 35.264], [135.0675, 35.2372], [135.109, 35.2663], [135.1583, 35.2599], [135.1662, 35.2402], [135.1556, 35.2262], [135.1967, 35.2029], [135.199, 35.194], [135.1863, 35.1898], [135.1869, 35.1718], [135.2067, 35.1609], [135.2245, 35.1639], [135.2327, 35.1774], [135.2738, 35.1771], [135.2898, 35.1699], [135.2909, 35.1597], [135.278, 35.1511], [135.2822, 35.1449], [135.3405, 35.1499], [135.3435, 35.1357], [135.3894, 35.1288], [135.3885, 35.0971], [135.4031, 35.0894], [135.3992, 35.0761], [135.3762, 35.0649], [135.3708, 35.0453], [135.349, 35.0509], [135.3304, 35.0345], [135.3542, 35.0241], [135.359, 34.9823], [135.3498, 34.9798], [135.3456, 34.9653], [135.3601, 34.9545], [135.3827, 34.9554], [135.3923, 34.9414], [135.4108, 34.9432], [135.4182, 34.9339], [135.4417, 34.9393], [135.4671, 34.9252], [135.4182, 34.9088], [135.4268, 34.9061], [135.4306, 34.8923], [135.4446, 34.8985], [135.4299, 34.8555], [135.4167, 34.8521], [135.4239, 34.8365], [135.4157, 34.8195], [135.4234, 34.8019], [135.4414, 34.7909], [135.4599, 34.7332], [135.4469, 34.7333], [135.447, 34.7197], [135.4103, 34.7006], [135.3922, 34.68], [135.3738, 34.6786], [135.3922, 34.6817], [135.4013, 34.6992], [135.3774, 34.6921], [135.3712, 34.6808], [135.3738, 34.6931], [135.3684, 34.6964], [135.3632, 34.6883], [135.3539, 34.6968], [135.3632, 34.7063], [135.3359, 34.7258], [135.3225, 34.7259], [135.3238, 34.718], [135.2945, 34.7195], [135.2819, 34.7124], [135.2881, 34.704], [135.228, 34.7001], [135.238, 34.6932], [135.219, 34.6956], [135.2023, 34.6787], [135.19, 34.6855], [135.1823, 34.677], [135.1886, 34.6709], [135.1776, 34.6701], [135.187, 34.6669], [135.1774, 34.6638], [135.1833, 34.6494], [135.1111, 34.6413], [135.0596, 34.6255], [135.0183, 34.6433], [134.9655, 34.6465], [134.9282, 34.6716], [134.9098, 34.6745], [134.8477, 34.7203], [134.8263, 34.7063], [134.8091, 34.7181], [134.8101, 34.7423], [134.7973, 34.7331], [134.7881, 34.7471], [134.7853, 34.7411], [134.7568, 34.7517], [134.7654, 34.7599], [134.7468, 34.7682], [134.7008, 34.7775], [134.6873, 34.7712], [134.6851, 34.7782], [134.6651, 34.7679], [134.6592, 34.7737], [134.6689, 34.7795], [134.664, 34.7843], [134.65, 34.7705], [134.6554, 34.7885], [134.645, 34.7673], [134.6315, 34.7725], [134.6435, 34.7834], [134.6221, 34.7837], [134.6282, 34.7777], [134.6235, 34.7694], [134.6111, 34.7677], [134.6127, 34.7779], [134.6049, 34.7794], [134.5933, 34.7707], [134.6027, 34.7663], [134.5837, 34.7709], [134.5859, 34.7619], [134.5709, 34.7581], [134.5704, 34.7732], [134.5648, 34.7605], [134.528, 34.7827], [134.5031, 34.7613], [134.5006, 34.7745], [134.4739, 34.7552], [134.4692, 34.7842], [134.478, 34.7859], [134.4683, 34.7916], [134.4658, 34.8085], [134.4592, 34.8037], [134.4661, 34.7908], [134.4562, 34.7803], [134.4633, 34.7651], [134.4503, 34.7537], [134.4552, 34.7675], [134.4299, 34.7641], [134.4258, 34.7532], [134.4333, 34.7481], [134.4105, 34.7278], [134.3884, 34.7343], [134.3847, 34.7261], [134.3583, 34.7512], [134.3632, 34.7407], [134.3393, 34.7389], [134.3213, 34.7218], [134.314, 34.7405], [134.3198, 34.7591], [134.3338, 34.7682], [134.3154, 34.7808], [134.3165, 34.8016], [134.2874, 34.8277], [134.2632, 34.8267], [134.2623, 34.8453], [134.2531, 34.8513], [134.2662, 34.8748], [134.2629, 34.8849], [134.2944, 34.9075], [134.2669, 34.936], [134.2543, 34.9377], [134.2536, 34.9461], [134.2754, 34.9629], [134.2702, 34.9825], [134.2861, 34.9959], [134.2658, 35.0051], [134.2671, 35.0215], [134.2829, 35.038], [134.3161, 35.0433], [134.3185, 35.0829], [134.3486, 35.0903], [134.3663, 35.1454], [134.3936, 35.1527], [134.4082, 35.1479], [134.4114, 35.1861], [134.3824, 35.1945], [134.3849, 35.2236], [134.4022, 35.241], [134.434, 35.2295], [134.4624, 35.2367], [134.4624, 35.2441], [134.4855, 35.2622], [134.5146, 35.2773], [134.514, 35.3071], [134.5022, 35.3254], [134.5133, 35.3539], [134.4722, 35.378], [134.4795, 35.4253], [134.4398, 35.4428], [134.4299, 35.5032], [134.4123, 35.5153], [134.425, 35.5419], [134.4208, 35.5629], [134.4059, 35.5685], [134.403, 35.5935], [134.3695, 35.6146], [134.4203, 35.6244], [134.4312, 35.6202], [134.4389, 35.6359], [134.4419, 35.6283], [134.4509, 35.629], [134.5045, 35.6614], [134.5369, 35.6699], [134.5581, 35.6511], [134.5679, 35.6575], [134.5762, 35.6522], [134.5777, 35.6607], [134.5978, 35.6587], [134.6218, 35.6393], [134.657, 35.6655], [134.6656, 35.6634], [134.6573, 35.6581], [134.662, 35.6484], [134.6739, 35.6611], [134.6853, 35.6561], [134.6872, 35.6651], [134.7034, 35.6532], [134.7095, 35.6655], [134.7248, 35.6671], [134.7339, 35.6581], [134.745, 35.6657], [134.7564, 35.6617], [134.7639, 35.6747], [134.7617, 35.6625], [134.769, 35.6594], [134.7992, 35.6699], [134.8376, 35.6555], [134.8333, 35.6489], [134.8406, 35.6427], [134.8521, 35.6589], [134.8671, 35.6581]]], [[[134.6976, 34.7599], [134.6893, 34.7601], [134.7007, 34.7707], [134.6976, 34.7599]]], [[[135.33, 34.7102], [135.3249, 34.717], [135.3302, 34.7217], [135.3407, 34.718], [135.33, 34.7102]]], [[[135.2941, 34.7047], [135.2939, 34.7182], [135.3033, 34.7167], [135.3044, 34.706], [135.2941, 34.7047]]], [[[135.3212, 34.7048], [135.3062, 34.7131], [135.3221, 34.7164], [135.3212, 34.7048]]], [[[135.3472, 34.7029], [135.3432, 34.7153], [135.3531, 34.7073], [135.3472, 34.7029]]], [[[134.853, 34.694], [134.8397, 34.6964], [134.8456, 34.7081], [134.8539, 34.7081], [134.8476, 34.7121], [134.8617, 34.7073], [134.853, 34.694]]], [[[134.8676, 34.6993], [134.8837, 34.692], [134.8774, 34.6849], [134.857, 34.692], [134.8676, 34.6993]]], [[[135.2548, 34.6779], [135.2523, 34.6932], [135.2881, 34.6968], [135.2891, 34.6908], [135.2788, 34.6896], [135.2906, 34.6819], [135.2548, 34.6779]]], [[[134.5419, 34.6588], [134.5077, 34.6771], [134.5348, 34.6865], [134.5276, 34.677], [134.5446, 34.6799], [134.5419, 34.6588]]], [[[135.2173, 34.6502], [135.2023, 34.6592], [135.2013, 34.6735], [135.22, 34.6827], [135.2255, 34.6778], [135.2177, 34.6726], [135.2318, 34.6734], [135.2209, 34.6672], [135.2333, 34.6711], [135.2362, 34.6649], [135.228, 34.6578], [135.2388, 34.6611], [135.245, 34.6506], [135.2173, 34.6502]]], [[[134.5727, 34.6513], [134.5613, 34.6681], [134.5735, 34.6769], [134.5906, 34.6632], [134.5727, 34.6513]]], [[[134.4677, 34.6408], [134.4583, 34.6451], [134.4657, 34.6657], [134.474, 34.6581], [134.4842, 34.6606], [134.4837, 34.6713], [134.495, 34.6689], [134.4897, 34.6587], [134.5003, 34.6454], [134.4835, 34.6412], [134.4897, 34.6491], [134.479, 34.6492], [134.4677, 34.6408]]], [[[134.5155, 34.6359], [134.5012, 34.6435], [134.5144, 34.6594], [134.5161, 34.6504], [134.5092, 34.6477], [134.5169, 34.6447], [134.5155, 34.6359]]], [[[135.2123, 34.6283], [135.2088, 34.635], [135.2162, 34.6414], [135.237, 34.6433], [135.2411, 34.6372], [135.2123, 34.6283]]], [[[134.7871, 34.4272], [134.818, 34.4691], [134.8355, 34.4669], [134.8798, 34.5239], [134.9328, 34.5486], [134.9826, 34.6027], [135.0024, 34.609], [135.0205, 34.5907], [135.0254, 34.5763], [134.9945, 34.5455], [134.9931, 34.5255], [134.9791, 34.5032], [134.8947, 34.4181], [134.8952, 34.3443], [134.9142, 34.3365], [134.922, 34.3103], [134.9417, 34.2986], [134.9488, 34.2743], [134.9545, 34.2769], [134.9519, 34.2671], [134.8414, 34.2283], [134.7957, 34.1993], [134.7293, 34.1889], [134.7304, 34.2066], [134.6997, 34.2209], [134.7101, 34.2393], [134.721, 34.2415], [134.7214, 34.2549], [134.7094, 34.2532], [134.7014, 34.2416], [134.6812, 34.2483], [134.6577, 34.2413], [134.6746, 34.2571], [134.668, 34.2713], [134.6602, 34.2711], [134.6625, 34.2876], [134.6543, 34.2943], [134.6863, 34.3305], [134.7065, 34.3209], [134.7292, 34.3296], [134.7482, 34.3751], [134.7871, 34.4272]]], [[[134.8116, 34.1565], [134.8241, 34.178], [134.8303, 34.1657], [134.8116, 34.1565]]]]}}, {"type": "Feature", "properties": {"code": "12", "name": "千葉県"}, "geometry": {"type": "MultiPolygon", "coordinates": [[[[139.7762, 36.0909], [139.7868, 36.1041], [139.8012, 36.0919], [139.8106, 36.066], [139.8718, 36.0145], [139.8842, 35.9889], [139.9341, 35.9684], [139.9321, 35.9497], [139.9392, 35.9403], [139.9931, 35.9103], [140.017, 35.9106], [140.0705, 35.8784], [140.089, 35.8841], [140.1218, 35.8736], [140.1548, 35.8426], [140.2064, 35.8614], [140.2436, 35.8554], [140.2812, 35.8741], [140.3176, 35.8644], [140.3665, 35.9002], [140.3988, 35.9093], [140.4205, 35.9064], [140.4486, 35.9152], [140.4585, 35.9261], [140.5028, 35.9058], [140.4872, 35.9281], [140.5113, 35.9587], [140.5989, 35.9032], [140.6318, 35.8589], [140.6821, 35.8495], [140.7061, 35.8365], [140.7295, 35.7962], [140.7468, 35.7818], [140.8204, 35.7396], [140.8614, 35.7447], [140.8709, 35.7183], [140.8655, 35.6934], [140.8472, 35.6972], [140.8308, 35.7135], [140.737, 35.6916], [140.7072, 35.7021], [140.6554, 35.6882], [140.5255, 35.6025], [140.4499, 35.5245], [140.4113, 35.4615], [140.3916, 35.377], [140.395, 35.3365], [140.4148, 35.3069], [140.4011, 35.2749], [140.4059, 35.2405], [140.3842, 35.1872], [140.3718, 35.1788], [140.3514, 35.1814], [140.334, 35.1649], [140.3262, 35.1401], [140.3117, 35.1343], [140.3126, 35.1471], [140.2989, 35.1509], [140.2772, 35.1309], [140.2749, 35.1367], [140.249, 35.1344], [140.2336, 35.1155], [140.2019, 35.1097], [140.1925, 35.1268], [140.1837, 35.1186], [140.1685, 35.1235], [140.1218, 35.1155], [140.1044, 35.0984], [140.1087, 35.0913], [140.1007, 35.0898], [140.1019, 35.0772], [140.0796, 35.0682], [140.0842, 35.0631], [140.0381, 35.0514], [139.9815, 35.0113], [139.961, 34.9681], [139.9659, 34.9541], [139.9561, 34.9312], [139.9283, 34.9101], [139.8879, 34.8995], [139.8672, 34.9063], [139.8371, 34.9032], [139.8244, 34.9111], [139.8241, 34.9327], [139.8116, 34.9431], [139.759, 34.9586], [139.7536, 34.9669], [139.7539, 34.9777], [139.8182, 34.9777], [139.8248, 34.9915], [139.8482, 34.9852], [139.8582, 35.0032], [139.8506, 35.0248], [139.8107, 35.0392], [139.8321, 35.0439], [139.8212, 35.072], [139.8423, 35.0865], [139.8361, 35.0997], [139.8244, 35.1008], [139.8248, 35.1133], [139.8391, 35.1293], [139.8286, 35.1507], [139.8172, 35.1545], [139.8221, 35.1648], [139.8169, 35.1773], [139.8237, 35.1967], [139.8665, 35.2195], [139.8698, 35.2349], [139.8624, 35.2565], [139.8468, 35.2716], [139.8528, 35.2839], [139.8419, 35.2941], [139.7805, 35.315], [139.8193, 35.3163], [139.8164, 35.3237], [139.8391, 35.3337], [139.8231, 35.3443], [139.8381, 35.3589], [139.8472, 35.3469], [139.8564, 35.3514], [139.8392, 35.3673], [139.8454, 35.3747], [139.8969, 35.3583], [139.8883, 35.37], [139.9074, 35.3704], [139.8976, 35.3751], [139.9189, 35.3884], [139.9067, 35.3894], [139.8978, 35.4091], [139.9052, 35.432], [139.9176, 35.4405], [139.9486, 35.4422], [139.9511, 35.4559], [139.9621, 35.4585], [139.965, 35.4507], [139.9522, 35.4529], [139.9547, 35.4441], [139.9744, 35.4484], [139.9657, 35.4685], [139.9822, 35.4747], [139.9904, 35.452], [139.9983, 35.4579], [139.989, 35.4698], [139.9991, 35.4658], [139.9977, 35.4745], [140.0065, 35.4791], [140.0228, 35.4675], [140.0112, 35.484], [140.0218, 35.4968], [140.036, 35.4953], [140.0251, 35.5015], [140.0341, 35.5118], [140.0461, 35.5115], [140.0377, 35.5163], [140.0501, 35.5309], [140.0606, 35.5299], [140.0539, 35.535], [140.0614, 35.5437], [140.0723, 35.55], [140.0962, 35.5353], [140.1011, 35.5383], [140.0883, 35.5519], [140.1156, 35.5505], [140.091, 35.5645], [140.1271, 35.5675], [140.0862, 35.5693], [140.0817, 35.5883], [140.1032, 35.5865], [140.114, 35.5723], [140.1106, 35.5895], [140.1182, 35.5957], [140.1077, 35.592], [140.1059, 35.6027], [140.1016, 35.594], [140.089, 35.5945], [140.1005, 35.6045], [140.083, 35.6139], [140.078, 35.6105], [140.0839, 35.5967], [140.0137, 35.6575], [139.9877, 35.6546], [139.9867, 35.6601], [140.003, 35.6598], [140.002, 35.6657], [139.986, 35.6639], [139.9922, 35.6724], [139.9839, 35.6772], [139.9848, 35.6919], [139.9831, 35.6817], [139.96, 35.6794], [139.9531, 35.6883], [139.9532, 35.6717], [139.9474, 35.68], [139.9314, 35.6745], [139.93, 35.6694], [139.9475, 35.6699], [139.9183, 35.6555], [139.9396, 35.6411], [139.9099, 35.6244], [139.9053, 35.6329], [139.8975, 35.6294], [139.907, 35.6231], [139.8977, 35.6167], [139.8928, 35.6255], [139.8726, 35.6255], [139.8729, 35.6385], [139.887, 35.6539], [139.8858, 35.6768], [139.9187, 35.6978], [139.8971, 35.7267], [139.8998, 35.7437], [139.8808, 35.7647], [139.8933, 35.7782], [139.8885, 35.8302], [139.9, 35.8653], [139.8873, 35.8965], [139.8256, 35.9729], [139.8259, 35.9848], [139.8142, 35.9979], [139.8174, 36.0325], [139.7907, 36.0592], [139.7762, 36.0909]]], [[[139.9638, 35.6723], [139.9627, 35.6807], [139.9778, 35.6795], [139.9712, 35.6773], [139.9792, 35.6699], [139.9638, 35.6723]]]]}}, {"type": "Feature", "properties": {"code": "16", "name": "富山県"}, "geometry": {"type": "Polygon", "coordinates": [[[137.634902954102, 36.980331420898445], [137.641204833984, 36.97493362426762], [137.653106689453, 36.967067718505945], [137.660903930664, 36.95779800415037], [137.66659545898403, 36.952400207519545], [137.667495727539, 36.950332641601605], [137.67390441894503, 36.95066452026367], [137.68569946289102, 36.944400787353544], [137.69979858398403, 36.94273376464842], [137.71099853515594, 36.94459915161127], [137.71510314941403, 36.93299865722663], [137.71969604492196, 36.9263343811035], [137.71679687500003, 36.92079925537108], [137.71730041503903, 36.91986846923829], [137.71719360351602, 36.9073333740234], [137.71359252929696, 36.90526580810546], [137.71319580078097, 36.90079879760743], [137.71359252929696, 36.89153289794921], [137.72210693359403, 36.8818016052246], [137.73060607910202, 36.87400054931641], [137.73320007324196, 36.87006759643553], [137.73300170898395, 36.85886764526371], [137.73480224609403, 36.85626602172853], [137.73280334472702, 36.84453201293946], [137.73280334472702, 36.836532592773366], [137.73350524902304, 36.830131530761726], [137.72990417480503, 36.82686614990233], [137.73649597168003, 36.82099914550784], [137.74499511718804, 36.81486511230469], [137.74679565429696, 36.81146621704096], [137.74920654296903, 36.80799865722656], [137.75189208984398, 36.79913330078134], [137.75379943847696, 36.794799804687464], [137.75100708007804, 36.790466308593764], [137.74989318847696, 36.77946853637703], [137.76210021972696, 36.77019882202154], [137.762496948242, 36.76639938354491], [137.76170349121097, 36.765335083007784], [137.75909423828097, 36.76026535034184], [137.75399780273398, 36.7542686462402], [137.75230407714798, 36.753200531005895], [137.75180053710898, 36.75266647338874], [137.75520324706997, 36.743999481201165], [137.75799560546898, 36.74119949340817], [137.75509643554696, 36.73433303833013], [137.75489807128898, 36.72966766357419], [137.75070190429696, 36.726932525634766], [137.75180053710898, 36.720867156982365], [137.74989318847696, 36.70439910888669], [137.75239562988304, 36.7000007629395], [137.75559997558597, 36.69673156738284], [137.75489807128898, 36.69293212890629], [137.75390624999997, 36.68780136108404], [137.75920104980497, 36.68619918823241], [137.75869750976597, 36.67906570434571], [137.76069641113295, 36.66986846923834], [137.76150512695295, 36.66513442993164], [137.75889587402298, 36.66106796264651], [137.75410461425804, 36.65813446044918], [137.75590515136696, 36.653133392334], [137.75149536132798, 36.627731323242166], [137.74679565429696, 36.624732971191435], [137.74659729003898, 36.6245994567871], [137.74429321289097, 36.61759948730474], [137.74679565429696, 36.605998992919915], [137.74839782714798, 36.60326766967767], [137.75239562988304, 36.595401763915994], [137.75090026855494, 36.58959960937499], [137.74679565429696, 36.586799621581996], [137.73530578613304, 36.587867736816385], [137.72439575195304, 36.586532592773416], [137.72039794921903, 36.58319854736327], [137.71319580078097, 36.57746505737302], [137.69520568847702, 36.568866729736285], [137.68870544433602, 36.56280136108398], [137.688400268555, 36.5558662414551], [137.68699645996102, 36.54773330688476], [137.684600830078, 36.539867401123], [137.68609619140602, 36.53720092773442], [137.692306518555, 36.53739929199224], [137.69580078125003, 36.537467956543], [137.70719909668003, 36.53593444824221], [137.70979309081994, 36.53606796264654], [137.70379638671903, 36.52686691284181], [137.70350646972702, 36.52593231201166], [137.70530700683602, 36.5184669494629], [137.69889831543003, 36.51526641845699], [137.69430541992202, 36.51066589355471], [137.69140625000003, 36.51313400268547], [137.684997558594, 36.51293182373047], [137.677398681641, 36.51433181762702], [137.676300048828, 36.51213455200201], [137.66960144043, 36.51033401489256], [137.66699218750003, 36.503200531005945], [137.666702270508, 36.494266510009794], [137.66239929199202, 36.493999481201215], [137.65380859375, 36.490798950195305], [137.65109252929702, 36.48153305053709], [137.65539550781298, 36.47233200073236], [137.655303955078, 36.460865020752045], [137.652694702148, 36.45853424072271], [137.649703979492, 36.45586776733404], [137.646392822266, 36.45473480224607], [137.640106201172, 36.44646835327149], [137.637802124023, 36.43259811401373], [137.633392333984, 36.42573165893552], [137.62710571289097, 36.42373275756842], [137.621795654297, 36.42306518554694], [137.618698120117, 36.419868469238295], [137.618392944336, 36.41939926147463], [137.60800170898398, 36.41960144042972], [137.60690307617196, 36.41413497924796], [137.604293823242, 36.41226577758793], [137.60499572753898, 36.40393447875977], [137.59570312499997, 36.39419937133789], [137.59249877929696, 36.39053344726559], [137.58729553222696, 36.389865875244105], [137.58030700683597, 36.391532897949226], [137.57479858398398, 36.39300155639653], [137.57170104980503, 36.38993453979486], [137.56059265136696, 36.38806533813483], [137.54719543456997, 36.39039993286134], [137.53979492187503, 36.392601013183615], [137.53179931640602, 36.40100097656253], [137.52780151367202, 36.40353393554687], [137.521606445313, 36.405933380127045], [137.51719665527304, 36.40940093994144], [137.511901855469, 36.419868469238295], [137.511596679688, 36.42333221435551], [137.50520324707003, 36.42480087280273], [137.49679565429702, 36.42620086669918], [137.49119567871102, 36.42359924316409], [137.47480773925798, 36.425399780273366], [137.470397949219, 36.419868469238295], [137.470001220703, 36.41920089721681], [137.460998535156, 36.41246795654302], [137.44970703124997, 36.416534423828054], [137.445602416992, 36.41353225708014], [137.44299316406298, 36.414398193359446], [137.43629455566398, 36.419868469238295], [137.43479919433597, 36.42079925537109], [137.42799377441398, 36.420532226562514], [137.42689514160196, 36.421066284179666], [137.42300415039097, 36.42286682128912], [137.41769409179696, 36.42513275146479], [137.41169738769497, 36.4250679016113], [137.40579223632798, 36.426334381103516], [137.39619445800804, 36.43593215942379], [137.39480590820304, 36.44879913330083], [137.39489746093804, 36.45479965209956], [137.39019775390597, 36.459667205810504], [137.38890075683597, 36.45833206176762], [137.38510131835895, 36.45619964599611], [137.38059997558594, 36.454868316650405], [137.37779235839795, 36.452865600585866], [137.37179565429696, 36.45359802246092], [137.36259460449196, 36.45026779174804], [137.35820007324193, 36.445068359375036], [137.35870361328102, 36.43746566772458], [137.35240173339804, 36.435001373291], [137.351501464844, 36.433864593505945], [137.348999023438, 36.433601379394545], [137.34530639648403, 36.43373107910161], [137.33909606933602, 36.43366622924803], [137.334594726563, 36.43086624145512], [137.331405639648, 36.430465698242216], [137.326293945313, 36.42853546142579], [137.320007324219, 36.42526626586912], [137.313491821289, 36.4250679016113], [137.307891845703, 36.431800842285185], [137.30499267578102, 36.43560028076173], [137.307891845703, 36.43866729736331], [137.312698364258, 36.44166564941413], [137.312896728516, 36.44326782226558], [137.31329345703102, 36.44839859008792], [137.316497802734, 36.45053100585944], [137.317001342773, 36.45959854125984], [137.31539916992202, 36.46126556396478], [137.308502197266, 36.46386718749996], [137.302505493164, 36.462131500244084], [137.29919433593798, 36.458667755127045], [137.287002563477, 36.461666107177685], [137.28340148925798, 36.46306610107423], [137.278900146484, 36.46513366699217], [137.266891479492, 36.46020126342774], [137.26319885253898, 36.456535339355526], [137.25669860839798, 36.451663970947315], [137.24800109863295, 36.4620666503906], [137.24679565429696, 36.46179962158202], [137.24630737304696, 36.46139907836911], [137.23910522460898, 36.45180130004883], [137.23229980468804, 36.44519805908201], [137.22369384765597, 36.44419860839837], [137.21929931640597, 36.43939971923828], [137.21400451660202, 36.43906402587886], [137.21350097656304, 36.4306678771973], [137.20919799804696, 36.43166732788094], [137.20649719238304, 36.42793273925779], [137.20509338378903, 36.43433380126952], [137.19799804687503, 36.44526672363277], [137.19389343261696, 36.44726562500004], [137.19360351562503, 36.45226669311523], [137.19149780273403, 36.455333709716804], [137.18220520019503, 36.45259857177729], [137.178100585938, 36.453399658203104], [137.17539978027304, 36.45040130615229], [137.16949462890602, 36.45520019531247], [137.16529846191403, 36.45473480224607], [137.16070556640602, 36.456733703613345], [137.154800415039, 36.44939804077147], [137.14599609375, 36.44599914550783], [137.14279174804702, 36.444133758544886], [137.14329528808602, 36.43920135498046], [137.138900756836, 36.438133239746065], [137.133499145508, 36.434932708740156], [137.129806518555, 36.42940139770509], [137.123199462891, 36.419868469238295], [137.121795654297, 36.41726684570312], [137.121002197266, 36.416934967040966], [137.118301391602, 36.41853332519533], [137.115997314453, 36.41673278808587], [137.111099243164, 36.41519927978518], [137.108703613281, 36.40833282470696], [137.106506347656, 36.4058647155762], [137.10180664062497, 36.39946746826174], [137.09660339355497, 36.39899826049799], [137.09190368652298, 36.39686584472656], [137.094299316406, 36.393398284912074], [137.09460449218795, 36.38406753540037], [137.09109497070298, 36.383266448974645], [137.07870483398398, 36.38446807861328], [137.07080078124997, 36.379066467285185], [137.06390380859403, 36.37519836425779], [137.05819702148398, 36.37213134765631], [137.05839538574196, 36.36899948120124], [137.06140136718804, 36.36719894409179], [137.05670166015597, 36.35693359375002], [137.05160522460898, 36.35060119628914], [137.04879760742196, 36.3457984924316], [137.05850219726597, 36.34266662597662], [137.05459594726597, 36.33953475952147], [137.05169677734403, 36.33653259277338], [137.05189514160196, 36.33020019531249], [137.04479980468804, 36.324001312255945], [137.03630065918003, 36.3176651000977], [137.02439880371102, 36.31686782836906], [137.02029418945304, 36.318531036377], [137.01800537109403, 36.31319808959958], [137.02099609375003, 36.309467315673785], [137.01579284668003, 36.305000305175845], [137.01190185546903, 36.298732757568445], [137.01139831543003, 36.29420089721684], [137.01119995117202, 36.2932014465332], [137.00740051269503, 36.2910652160645], [137.00509643554702, 36.28813552856453], [136.99679565429702, 36.28726577758787], [136.98649597168, 36.28626632690432], [136.985794067383, 36.282466888427685], [136.97509765625, 36.274467468261676], [136.97050476074202, 36.27780151367192], [136.968399047852, 36.27553558349607], [136.96659851074202, 36.27726745605468], [136.960296630859, 36.27706527709959], [136.957794189453, 36.279067993164134], [136.96049499511702, 36.283535003662074], [136.960205078125, 36.28626632690432], [136.96539306640602, 36.29373550415044], [136.966903686523, 36.295600891113295], [136.968200683594, 36.30220031738284], [136.972106933594, 36.30920028686521], [136.971298217773, 36.3148651123047], [136.964599609375, 36.318531036377], [136.96049499511702, 36.32653427124019], [136.956405639648, 36.33653259277338], [136.95529174804702, 36.338268280029254], [136.951995849609, 36.33946609497071], [136.946701049805, 36.346134185791016], [136.94010925292997, 36.34906768798826], [136.934097290039, 36.348598480224595], [136.92579650878898, 36.353668212890625], [136.91870117187497, 36.355934143066385], [136.907196044922, 36.361000061035234], [136.90370178222696, 36.35733413696293], [136.89779663085898, 36.35346603393554], [136.89309692382798, 36.348400115966776], [136.88830566406304, 36.34606552124017], [136.88279724121097, 36.342266082763715], [136.87910461425804, 36.34479904174796], [136.87490844726602, 36.3429336547852], [136.87519836425804, 36.34606552124017], [136.87559509277298, 36.35013198852538], [136.87179565429696, 36.34966659545899], [136.87030029296903, 36.34906768798826], [136.87049865722696, 36.35346603393554], [136.87179565429696, 36.35340118408196], [136.87339782714798, 36.353668212890625], [136.87609863281304, 36.359401702880874], [136.87399291992196, 36.361000061035234], [136.87269592285196, 36.36353302001948], [136.87179565429696, 36.367401123046875], [136.87130737304696, 36.36753463745121], [136.86849975585898, 36.36500167846678], [136.86500549316403, 36.35660171508787], [136.86520385742196, 36.35279846191414], [136.86509704589795, 36.349800109863324], [136.85639953613304, 36.34973144531248], [136.85440063476602, 36.34746551513672], [136.84770202636696, 36.34973144531248], [136.84419250488304, 36.35106658935553], [136.83709716796903, 36.34746551513672], [136.83750915527304, 36.34439849853523], [136.84089660644503, 36.33653259277338], [136.84199523925804, 36.3338661193848], [136.83590698242202, 36.3198013305664], [136.83059692382804, 36.309333801269545], [136.83189392089804, 36.30753326416018], [136.831497192383, 36.306533813476634], [136.82679748535202, 36.30319976806639], [136.82519531250003, 36.30313110351563], [136.81019592285202, 36.30319976806639], [136.80589294433602, 36.30566787719733], [136.800003051758, 36.30519866943357], [136.792098999023, 36.299133300781264], [136.789001464844, 36.31380081176758], [136.789993286133, 36.32180023193358], [136.783599853516, 36.32899856567377], [136.785003662109, 36.33086776733398], [136.785705566406, 36.33653259277338], [136.785003662109, 36.33919906616214], [136.784103393555, 36.34220123291023], [136.78730773925798, 36.348865509033175], [136.79040527343798, 36.348201751708956], [136.79759216308602, 36.35246658325199], [136.80419921875, 36.35559844970697], [136.80729675293, 36.35846710205081], [136.80619812011702, 36.36339950561524], [136.801300048828, 36.368534088134844], [136.800399780273, 36.37786483764646], [136.797393798828, 36.384334564209034], [136.797302246094, 36.388935089111314], [136.795196533203, 36.39440155029298], [136.795303344727, 36.39986801147456], [136.784698486328, 36.40973281860351], [136.778701782227, 36.41453170776369], [136.770294189453, 36.41453170776369], [136.771102905273, 36.419868469238295], [136.771102905273, 36.42246627807621], [136.768798828125, 36.42340087890627], [136.768905639648, 36.429668426513665], [136.773406982422, 36.43280029296882], [136.777404785156, 36.431335449218786], [136.78340148925798, 36.43646621704104], [136.796401977539, 36.44446563720704], [136.79049682617202, 36.44706726074222], [136.787994384766, 36.45293426513671], [136.797500610352, 36.46120071411129], [136.79570007324202, 36.46366500854487], [136.797805786133, 36.4680671691895], [136.795501708984, 36.473133087158175], [136.801193237305, 36.48386764526369], [136.80229187011702, 36.49033355712891], [136.80009460449202, 36.49073410034182], [136.79759216308602, 36.492465972900426], [136.79449462890602, 36.49746704101561], [136.796005249023, 36.503200531005945], [136.794692993164, 36.5080680847168], [136.796997070313, 36.51313400268547], [136.79960632324202, 36.52119827270514], [136.80110168457003, 36.5208015441895], [136.809494018555, 36.533134460449205], [136.81689453125003, 36.55206680297846], [136.809997558594, 36.56140136718752], [136.80110168457003, 36.56959915161126], [136.79179382324202, 36.56900024414062], [136.792404174805, 36.573265075683565], [136.793395996094, 36.581466674804744], [136.794403076172, 36.586532592773416], [136.79379272460903, 36.5891342163086], [136.789199829102, 36.592601776123], [136.78869628906298, 36.60160064697273], [136.789901733398, 36.60273361206052], [136.789306640625, 36.605533599853516], [136.788299560547, 36.60660171508791], [136.785507202148, 36.612133026122976], [136.783599853516, 36.614734649658246], [136.784194946289, 36.62300109863283], [136.785797119141, 36.62973403930662], [136.791000366211, 36.63119888305656], [136.792999267578, 36.63106536865232], [136.79879760742202, 36.63579940795902], [136.799697875977, 36.64366531372069], [136.80229187011702, 36.64746856689451], [136.805694580078, 36.64733505249018], [136.809005737305, 36.65186691284178], [136.80720520019503, 36.654067993164055], [136.81289672851602, 36.65946578979488], [136.815795898438, 36.66299819946294], [136.81979370117202, 36.66773223876946], [136.82350158691403, 36.66986846923834], [136.82139587402304, 36.67413330078128], [136.82139587402304, 36.67986679077153], [136.820999145508, 36.68273544311519], [136.816101074219, 36.68560028076168], [136.810806274414, 36.68519973754877], [136.81159973144503, 36.69273376464838], [136.81509399414102, 36.69993209838866], [136.811401367188, 36.70366668701172], [136.80450439453102, 36.70713424682621], [136.801696777344, 36.70893478393548], [136.789093017578, 36.71846771240227], [136.791900634766, 36.72033309936521], [136.793106079102, 36.72473144531249], [136.796096801758, 36.72986602783201], [136.805603027344, 36.728733062744126], [136.807403564453, 36.72980117797852], [136.81449890136702, 36.730533599853494], [136.81930541992202, 36.730731964111314], [136.82179260253903, 36.73960113525389], [136.82499694824202, 36.742198944091804], [136.82609558105503, 36.74166870117192], [136.833206176758, 36.74326705932619], [136.83770751953102, 36.744934082031314], [136.84440612793003, 36.753200531005895], [136.84489440918003, 36.755867004394474], [136.84730529785202, 36.757801055908175], [136.85220336914102, 36.76973342895506], [136.84869384765597, 36.774600982666], [136.84300231933602, 36.78193283081052], [136.85060119628903, 36.786933898925795], [136.85369873046903, 36.79426574707031], [136.85040283203094, 36.80153274536126], [136.84919738769494, 36.8089981079102], [136.84869384765597, 36.81240081787111], [136.85319519043003, 36.81766510009769], [136.85409545898395, 36.820598602294936], [136.85920715332003, 36.82839965820312], [136.85639953613304, 36.836532592773366], [136.85620117187503, 36.84006500244143], [136.86039733886696, 36.84153366088873], [136.86259460449196, 36.84246826171879], [136.86169433593804, 36.84759902954104], [136.86680603027304, 36.850868225097706], [136.86140441894494, 36.85453414916992], [136.86250305175804, 36.85660171508786], [136.86210632324196, 36.86053466796883], [136.86950683593804, 36.86213302612302], [136.87179565429696, 36.86546707153317], [136.87310791015597, 36.86786651611326], [136.87469482421903, 36.86773300170902], [136.88130187988304, 36.875198364257784], [136.88180541992196, 36.88113403320312], [136.88510131835898, 36.88499832153324], [136.88150024414097, 36.88813400268548], [136.87849426269497, 36.89640045166024], [136.87930297851594, 36.90679931640634], [136.88529968261696, 36.91413497924804], [136.88719177246097, 36.91666793823238], [136.89280700683597, 36.91986846923829], [136.89540100097696, 36.924934387207045], [136.89729309081997, 36.92466735839838], [136.90220642089798, 36.92660140991208], [136.906295776367, 36.92786788940429], [136.91419982910196, 36.93053436279296], [136.91929626464798, 36.93773269653324], [136.921493530273, 36.93773269653324], [136.924606323242, 36.94233322143551], [136.92810058593798, 36.94793319702151], [136.93069458007798, 36.950599670410185], [136.93420410156298, 36.950599670410185], [136.940399169922, 36.952800750732365], [136.953399658203, 36.95626831054694], [136.96369934082, 36.94873428344733], [136.964904785156, 36.948932647705064], [136.96940612793, 36.94793319702151], [136.972503662109, 36.94459915161127], [136.980102539063, 36.95073318481452], [136.983901977539, 36.95893478393552], [136.985702514648, 36.965400695800824], [136.985794067383, 36.96673202514653], [136.99679565429702, 36.96653366088871], [137.00399780273403, 36.96166610717768], [137.00959777832003, 36.962200164794915], [137.01959228515597, 36.96366500854486], [137.02549743652304, 36.96300125122073], [137.03729248046903, 36.96726608276368], [137.05160522460898, 36.959533691406335], [137.04969787597696, 36.95893478393552], [137.04229736328097, 36.952400207519545], [137.02659606933594, 36.93899917602536], [137.032104492188, 36.92419815063481], [137.02619934081994, 36.91986846923829], [137.02529907226602, 36.915000915527344], [137.02079772949196, 36.912868499755916], [137.01950073242202, 36.91246795654301], [137.01100158691403, 36.89939880371089], [137.00390625000003, 36.89093399047849], [137.00050354003903, 36.88973236083976], [136.99679565429702, 36.88520050048833], [136.99549865722702, 36.88539886474606], [136.992599487305, 36.880001068115234], [136.9873046875, 36.87993240356448], [136.98370361328102, 36.87279891967769], [136.9873046875, 36.86346817016599], [136.98789978027304, 36.8617324829102], [136.98959350585903, 36.861801147460866], [136.98959350585903, 36.85886764526371], [136.990509033203, 36.86206817626953], [136.99119567871102, 36.86000061035159], [136.992706298828, 36.86013412475592], [136.992309570313, 36.861801147460866], [136.99330139160202, 36.85960006713868], [136.989196777344, 36.857467651367166], [136.99679565429702, 36.84606552124016], [137.00729370117202, 36.836532592773366], [137.01649475097702, 36.829601287841754], [137.03909301757804, 36.81666564941414], [137.05099487304696, 36.808399200439474], [137.05560302734403, 36.802665710449226], [137.05789184570298, 36.80279922485347], [137.06770324706997, 36.79413223266598], [137.07179260253898, 36.79206848144531], [137.07960510253898, 36.78886795043949], [137.08250427246097, 36.78513336181643], [137.08920288085898, 36.7821998596191], [137.08970642089798, 36.78286743164058], [137.09280395507798, 36.78233337402343], [137.09350585937497, 36.783199310302734], [137.09309387207, 36.7821998596191], [137.095596313477, 36.78200149536128], [137.096893310547, 36.78293228149407], [137.09339904785196, 36.78413391113279], [137.099090576172, 36.782535552978516], [137.10020446777298, 36.78513336181643], [137.113296508789, 36.781600952148366], [137.110397338867, 36.77719879150391], [137.11360168457, 36.77479934692382], [137.110290527344, 36.77466583251949], [137.104598999023, 36.7759323120117], [137.098495483398, 36.77426528930658], [137.09619140625, 36.774734497070334], [137.09709167480497, 36.77173233032233], [137.09320068359398, 36.77286529541021], [137.09230041503898, 36.77226638793948], [137.09199523925798, 36.77059936523436], [137.094802856445, 36.770668029785206], [137.10319519042997, 36.769935607910234], [137.111892700195, 36.76786804199221], [137.108993530273, 36.763534545898416], [137.11120605468798, 36.76206588745121], [137.112594604492, 36.765068054199205], [137.121795654297, 36.76066589355466], [137.123397827148, 36.759399414062536], [137.13049316406298, 36.75719833374018], [137.131805419922, 36.75740051269526], [137.13409423828102, 36.76006698608402], [137.13189697265602, 36.76079940795899], [137.121795654297, 36.76493453979487], [137.118499755859, 36.769199371337905], [137.119201660156, 36.77226638793948], [137.118896484375, 36.77286529541021], [137.117095947266, 36.775199890136726], [137.119293212891, 36.77513122558588], [137.11950683593798, 36.777400970459], [137.12060546875, 36.77706527709958], [137.121795654297, 36.77966690063476], [137.136505126953, 36.775466918945305], [137.135803222656, 36.77386856079103], [137.13629150390602, 36.77533340454097], [137.13200378418, 36.77659988403318], [137.130096435547, 36.77199935913091], [137.138092041016, 36.76959991455082], [137.152603149414, 36.76499938964836], [137.17999267578094, 36.757732391357415], [137.18460083007804, 36.75719833374018], [137.18649291992193, 36.75726699829102], [137.18919372558602, 36.757335662841776], [137.19270324707003, 36.76106643676757], [137.20429992675804, 36.759468078613295], [137.20610046386696, 36.75953292846678], [137.22450256347696, 36.7625312805176], [137.22799682617196, 36.761665344238295], [137.22909545898398, 36.76459884643554], [137.23280334472696, 36.765266418457024], [137.23379516601597, 36.76546859741212], [137.23089599609395, 36.76633453369142], [137.23449707031304, 36.76613235473633], [137.23469543456997, 36.76499938964836], [137.23609924316398, 36.76513290405269], [137.23939514160196, 36.765068054199205], [137.24530029296898, 36.76493453979487], [137.24679565429696, 36.76493453979487], [137.266494750977, 36.76173400878914], [137.291900634766, 36.75786590576166], [137.302001953125, 36.75806808471684], [137.30139160156298, 36.75933456420896], [137.315902709961, 36.7588653564453], [137.317001342773, 36.75866699218748], [137.330596923828, 36.761932373046875], [137.33479309082003, 36.76453399658197], [137.342407226563, 36.77166748046884], [137.34399414062503, 36.777332305908246], [137.35699462890594, 36.78699874877928], [137.37179565429696, 36.79513549804689], [137.37809753418003, 36.79826736450204], [137.38209533691403, 36.800598144531286], [137.39219665527298, 36.80659866333011], [137.39320373535193, 36.81946563720697], [137.39259338378898, 36.82113265991209], [137.39399719238304, 36.82086563110351], [137.39280700683594, 36.822132110595724], [137.39970397949196, 36.836532592773366], [137.41110229492196, 36.84813308715819], [137.41130065917997, 36.85459899902341], [137.41000366210898, 36.85206604003907], [137.40939331054696, 36.861198425292955], [137.41580200195298, 36.866867065429716], [137.41870117187497, 36.87680053710942], [137.41450500488304, 36.89153289794921], [137.40950012206997, 36.89666748046882], [137.41979980468804, 36.91419982910162], [137.42250061035196, 36.91986846923829], [137.42579650878898, 36.92253112792969], [137.42660522460898, 36.92453384399414], [137.435104370117, 36.93053436279296], [137.451797485352, 36.93619918823236], [137.465301513672, 36.942066192627024], [137.472396850586, 36.945266723632756], [137.486694335938, 36.95193481445306], [137.49679565429702, 36.95613098144534], [137.50479125976602, 36.95746612548831], [137.53559875488304, 36.96120071411128], [137.542602539063, 36.96120071411128], [137.57220458984403, 36.96393203735352], [137.58630371093804, 36.97313308715817], [137.585494995117, 36.97333145141599], [137.58569335937497, 36.97406768798832], [137.621795654297, 36.978466033935504], [137.634902954102, 36.980331420898445]]]}}, {"type": "Feature", "properties": {"code": "13", "name": "東京都"}, "geometry": {"type": "MultiPolygon", "coordinates": [[[[138.944, 35.8547], [138.9463, 35.8687], [138.9682, 35.8821], [139.0015, 35.8844], [139.0103, 35.8971], [139.0239, 35.8974], [139.0624, 35.8734], [139.1384, 35.8643], [139.1964, 35.8401], [139.2091, 35.8464], [139.2295, 35.8373], [139.2808, 35.8405], [139.3015, 35.8341], [139.3054, 35.8226], [139.316, 35.823], [139.3257, 35.795], [139.3702, 35.7912], [139.3714, 35.7783], [139.3919, 35.7633], [139.497, 35.7787], [139.5416, 35.8074], [139.5463, 35.7995], [139.5372, 35.7916], [139.5436, 35.7817], [139.5161, 35.7655], [139.5478, 35.7738], [139.5479, 35.7537], [139.5887, 35.7786], [139.6218, 35.7667], [139.6416, 35.7981], [139.6917, 35.8007], [139.7353, 35.7897], [139.7378, 35.7805], [139.7605, 35.7979], [139.7508, 35.8077], [139.7556, 35.8127], [139.7677, 35.8175], [139.7961, 35.8056], [139.8211, 35.8151], [139.8272, 35.7936], [139.8388, 35.8008], [139.8564, 35.7909], [139.8718, 35.7971], [139.8767, 35.7809], [139.8938, 35.7827], [139.8808, 35.7647], [139.8998, 35.7437], [139.8971, 35.7267], [139.9187, 35.6978], [139.8858, 35.6768], [139.887, 35.6539], [139.8729, 35.6385], [139.8411, 35.6433], [139.8404, 35.6339], [139.8214, 35.632], [139.8337, 35.6347], [139.8346, 35.6441], [139.8065, 35.6406], [139.7986, 35.6219], [139.7788, 35.6375], [139.7981, 35.6448], [139.7956, 35.6498], [139.7767, 35.6422], [139.7895, 35.6569], [139.7727, 35.646], [139.7673, 35.6581], [139.7616, 35.6526], [139.7441, 35.5894], [139.7543, 35.5616], [139.7855, 35.5705], [139.8087, 35.5384], [139.7898, 35.5267], [139.7575, 35.5442], [139.7018, 35.5372], [139.7025, 35.5539], [139.6783, 35.5634], [139.6653, 35.5889], [139.562, 35.6325], [139.5254, 35.6427], [139.5146, 35.6248], [139.4951, 35.6175], [139.4968, 35.6048], [139.463, 35.6249], [139.4493, 35.6118], [139.4532, 35.6049], [139.4653, 35.6091], [139.5072, 35.5757], [139.4896, 35.5615], [139.4829, 35.5713], [139.49, 35.5841], [139.4732, 35.5763], [139.4702, 35.5607], [139.4804, 35.5577], [139.4867, 35.5355], [139.4777, 35.5121], [139.485, 35.5039], [139.4678, 35.5022], [139.4553, 35.5199], [139.458, 35.5281], [139.3986, 35.5844], [139.3414, 35.6048], [139.2822, 35.613], [139.2648, 35.6023], [139.2406, 35.6063], [139.2204, 35.6257], [139.2157, 35.6461], [139.2009, 35.6525], [139.1799, 35.6455], [139.168, 35.6511], [139.1617, 35.6679], [139.131, 35.6718], [139.1085, 35.6896], [139.0661, 35.6982], [139.0256, 35.7193], [138.9837, 35.7695], [138.9697, 35.8313], [138.9533, 35.8365], [138.944, 35.8547]]], [[[139.8212, 35.6341], [139.823, 35.6418], [139.8329, 35.6405], [139.8212, 35.6341]]], [[[139.7687, 35.6265], [139.777, 35.636], [139.7849, 35.6264], [139.7926, 35.6095], [139.787, 35.6021], [139.7687, 35.6265]]], [[[139.7535, 35.6241], [139.7592, 35.6336], [139.7594, 35.6193], [139.7535, 35.6241]]], [[[139.8355, 35.6125], [139.8266, 35.6302], [139.8393, 35.6313], [139.8355, 35.6125]]], [[[139.7949, 35.6138], [139.7852, 35.6251], [139.7899, 35.6276], [139.7949, 35.6138]]], [[[139.7495, 35.5889], [139.7575, 35.617], [139.7764, 35.5907], [139.7704, 35.5812], [139.7786, 35.5864], [139.787, 35.5804], [139.7559, 35.5772], [139.7495, 35.5889]]], [[[139.7915, 35.5939], [139.8106, 35.6132], [139.8192, 35.6087], [139.7915, 35.5939]]], [[[139.8132, 35.5895], [139.8056, 35.5995], [139.8202, 35.6073], [139.8268, 35.5969], [139.8132, 35.5895]]], [[[139.806, 35.5856], [139.7935, 35.5928], [139.8038, 35.5985], [139.8118, 35.5887], [139.806, 35.5856]]], [[[139.7656, 35.5649], [139.7577, 35.5743], [139.7737, 35.5745], [139.7656, 35.5649]]], [[[139.4388, 34.6786], [139.3967, 34.6833], [139.3595, 34.7017], [139.3488, 34.7646], [139.3603, 34.7988], [139.4119, 34.787], [139.4345, 34.7703], [139.4471, 34.7456], [139.4496, 34.7153], [139.4388, 34.6786]]], [[[139.2753, 34.5111], [139.2685, 34.5271], [139.2808, 34.5344], [139.2931, 34.5242], [139.2753, 34.5111]]], [[[139.2932, 34.4697], [139.2874, 34.4774], [139.2989, 34.4705], [139.2932, 34.4697]]], [[[139.2725, 34.3299], [139.2447, 34.3476], [139.2426, 34.3623], [139.2553, 34.3835], [139.2554, 34.3999], [139.2806, 34.4199], [139.2785, 34.4309], [139.2902, 34.4244], [139.291, 34.4083], [139.2777, 34.3888], [139.2725, 34.3299]]], [[[139.2134, 34.3163], [139.1949, 34.3211], [139.2104, 34.3364], [139.2265, 34.3269], [139.2134, 34.3163]]], [[[139.129, 34.1851], [139.12, 34.1921], [139.1331, 34.2035], [139.1284, 34.222], [139.1363, 34.2249], [139.1369, 34.2407], [139.1694, 34.232], [139.1754, 34.205], [139.1614, 34.206], [139.146, 34.188], [139.129, 34.1851]]], [[[139.5021, 34.0454], [139.4826, 34.0512], [139.4731, 34.0765], [139.4939, 34.1031], [139.4914, 34.1172], [139.5388, 34.1237], [139.5585, 34.1113], [139.5649, 34.1021], [139.5624, 34.0685], [139.5294, 34.0463], [139.5021, 34.0454]]], [[[139.6208, 33.852], [139.5778, 33.8625], [139.5773, 33.8805], [139.5905, 33.8968], [139.6056, 33.9007], [139.6218, 33.8876], [139.6321, 33.8698], [139.6208, 33.852]]], [[[139.8322, 33.0461], [139.8175, 33.0588], [139.7865, 33.0683], [139.7775, 33.0995], [139.7548, 33.1044], [139.7401, 33.1305], [139.7468, 33.1559], [139.7714, 33.158], [139.8177, 33.1196], [139.8464, 33.1164], [139.8581, 33.0785], [139.8404, 33.0753], [139.8322, 33.0461]]], [[[139.6994, 33.1157], [139.686, 33.1167], [139.6761, 33.1356], [139.696, 33.1285], [139.6994, 33.1157]]], [[[139.7692, 32.442], [139.7557, 32.4485], [139.7577, 32.4723], [139.7798, 32.4576], [139.7805, 32.4481], [139.7692, 32.442]]], [[[140.2986, 30.4723], [140.2865, 30.4827], [140.3045, 30.4955], [140.3142, 30.4855], [140.31, 30.4751], [140.2986, 30.4723]]], [[[142.1461, 27.6699], [142.1251, 27.6851], [142.1425, 27.6871], [142.1461, 27.6699]]], [[[142.1857, 27.619], [142.1697, 27.6333], [142.1832, 27.6293], [142.1857, 27.619]]], [[[142.2128, 27.4889], [142.205, 27.4992], [142.2108, 27.501], [142.2128, 27.4889]]], [[[142.1888, 27.144], [142.1803, 27.1461], [142.1884, 27.1883], [142.2, 27.1819], [142.1955, 27.1739], [142.2015, 27.1652], [142.1888, 27.144]]], [[[142.22, 27.1081], [142.2016, 27.1089], [142.2052, 27.1176], [142.1876, 27.1203], [142.1904, 27.1427], [142.205, 27.1277], [142.2184, 27.1321], [142.2349, 27.1133], [142.22, 27.1081]]], [[[142.1638, 27.1121], [142.1633, 27.1202], [142.1722, 27.1157], [142.1638, 27.1121]]], [[[142.2207, 27.0353], [142.1992, 27.0445], [142.1847, 27.042], [142.1882, 27.0605], [142.1941, 27.061], [142.1829, 27.074], [142.204, 27.0726], [142.2073, 27.0847], [142.2009, 27.0983], [142.1862, 27.088], [142.1862, 27.1043], [142.2179, 27.0999], [142.2323, 27.0773], [142.237, 27.0485], [142.2224, 27.0529], [142.2299, 27.0355], [142.2207, 27.0353]]], [[[142.1789, 26.6069], [142.1754, 26.6235], [142.1622, 26.629], [142.1612, 26.6383], [142.1552, 26.6346], [142.147, 26.6505], [142.1475, 26.6665], [142.1425, 26.6651], [142.1448, 26.6737], [142.132, 26.6866], [142.1245, 26.7134], [142.1337, 26.6988], [142.1426, 26.6981], [142.1413, 26.7073], [142.1637, 26.7019], [142.1464, 26.6931], [142.1465, 26.6853], [142.1676, 26.6888], [142.1635, 26.662], [142.1731, 26.6552], [142.1878, 26.6586], [142.1757, 26.6541], [142.1721, 26.6429], [142.1821, 26.6213], [142.1789, 26.6069]]], [[[142.1287, 26.5943], [142.1226, 26.6027], [142.132, 26.6094], [142.1351, 26.5991], [142.1287, 26.5943]]], [[[142.228, 26.5627], [142.2301, 26.5739], [142.2382, 26.5693], [142.228, 26.5627]]], [[[142.1563, 26.5423], [142.1509, 26.5473], [142.1548, 26.5638], [142.1603, 26.5604], [142.1563, 26.5423]]], [[[142.2019, 26.552], [142.203, 26.5609], [142.2178, 26.5623], [142.2019, 26.552]]], [[[141.2782, 25.4177], [141.2728, 25.4397], [141.2816, 25.4477], [141.2931, 25.4262], [141.2782, 25.4177]]], [[[141.2862, 24.7452], [141.2937, 24.7802], [141.2869, 24.7895], [141.3289, 24.8117], [141.3475, 24.7822], [141.3437, 24.7754], [141.2862, 24.7452]]], [[[153.9855, 24.2809], [153.9706, 24.2847], [153.9841, 24.2977], [153.9855, 24.2809]]], [[[141.4601, 24.2252], [141.4535, 24.2291], [141.4553, 24.2423], [141.4715, 24.2418], [141.4694, 24.2279], [141.4601, 24.2252]]]]}}, {"type": "Feature", "properties": {"code": "11", "name": "埼玉県"}, "geometry": {"type": "Polygon", "coordinates": [[[139.12930297851602, 36.283401489257834], [139.13600158691395, 36.27853393554689], [139.16110229492196, 36.27840042114256], [139.16389465332, 36.27899932861329], [139.169494628906, 36.27486801147459], [139.17140197753898, 36.27386856079104], [139.197998046875, 36.262332916259794], [139.208602905273, 36.262332916259794], [139.211898803711, 36.26026535034176], [139.21159362793, 36.25633239746088], [139.223892211914, 36.258468627929666], [139.229904174805, 36.25320053100591], [139.23809814453102, 36.24606704711912], [139.24369812011702, 36.244533538818416], [139.24679565429702, 36.244800567626996], [139.25669860839804, 36.24546432495121], [139.26480102539102, 36.242668151855476], [139.26699829101602, 36.24366760253911], [139.268005371094, 36.250400543212905], [139.27270507812503, 36.249332427978516], [139.29699707031304, 36.24340057373054], [139.30369567871097, 36.24553298950197], [139.30540466308597, 36.244400024414084], [139.30540466308597, 36.24020004272463], [139.30999755859403, 36.23326873779302], [139.32350158691398, 36.229732513427685], [139.32910156249997, 36.23346710205084], [139.32780456542997, 36.239933013915966], [139.33529663085898, 36.24306869506839], [139.33990478515597, 36.2445983886719], [139.34040832519497, 36.246467590332024], [139.345993041992, 36.24919891357418], [139.34710693359398, 36.25320053100591], [139.35099792480497, 36.25439834594727], [139.351898193359, 36.25320053100591], [139.35459899902298, 36.25193405151369], [139.357498168945, 36.25320053100591], [139.35949707031298, 36.25320053100591], [139.370193481445, 36.24606704711912], [139.371795654297, 36.2456665039063], [139.377105712891, 36.24413299560551], [139.382904052734, 36.237998962402266], [139.389892578125, 36.229732513427685], [139.407897949219, 36.22306442260738], [139.41679382324202, 36.21806716918947], [139.41909790039102, 36.2167320251465], [139.420806884766, 36.21093368530268], [139.42509460449202, 36.21046829223628], [139.44419860839804, 36.196865081787095], [139.45719909668003, 36.19060134887697], [139.47329711914094, 36.189334869384844], [139.49349975585898, 36.19219970703133], [139.49569702148398, 36.19266510009773], [139.49679565429696, 36.19279861450197], [139.513000488281, 36.19279861450197], [139.52580261230497, 36.191333770752024], [139.541900634766, 36.19553375244139], [139.55830383300798, 36.20140075683588], [139.57470703125, 36.20479965209961], [139.587905883789, 36.210399627685526], [139.60099792480503, 36.20553207397458], [139.60989379882804, 36.196865081787095], [139.62179565429693, 36.1881980895996], [139.62489318847702, 36.18659973144533], [139.62809753418003, 36.194599151611335], [139.64059448242196, 36.19739913940433], [139.65029907226594, 36.19693374633794], [139.65100097656304, 36.20133209228521], [139.65000915527304, 36.21126556396483], [139.66059875488304, 36.214668273925824], [139.66369628906304, 36.21120071411134], [139.66200256347696, 36.207866668701186], [139.66479492187497, 36.2071990966797], [139.66999816894497, 36.2076644897461], [139.67430114746097, 36.2091331481934], [139.67770385742196, 36.20140075683588], [139.68280029296898, 36.201465606689545], [139.686096191406, 36.203735351562486], [139.68789672851597, 36.199798583984425], [139.68960571289097, 36.194534301757756], [139.694396972656, 36.19033432006839], [139.69119262695298, 36.172599792480504], [139.69200134277298, 36.16986465454099], [139.69860839843804, 36.15206527709962], [139.703094482422, 36.145133972168004], [139.710098266602, 36.135932922363274], [139.715408325195, 36.12433242797854], [139.726806640625, 36.11140060424802], [139.72709655761702, 36.10753250122071], [139.729797363281, 36.087932586669886], [139.731903076172, 36.08653259277343], [139.736801147461, 36.08653259277343], [139.74679565429702, 36.08706665039058], [139.748199462891, 36.08653259277343], [139.761001586914, 36.08126831054694], [139.77030944824202, 36.081199645996094], [139.77250671386702, 36.084865570068395], [139.772003173828, 36.08653259277343], [139.77619934082003, 36.090866088867216], [139.77789306640602, 36.08653259277343], [139.78250122070304, 36.0710639953613], [139.78959655761696, 36.06186676025393], [139.79069519043003, 36.05920028686517], [139.80690002441403, 36.04320144653316], [139.81210327148403, 36.03953170776368], [139.81739807128903, 36.03253555297849], [139.81420898437503, 36.02533340454103], [139.81689453124997, 36.003868103027266], [139.81689453124997, 36.00320053100587], [139.81420898437503, 35.99793243408202], [139.82589721679696, 35.9847984313965], [139.82560729980503, 35.97293472290037], [139.83340454101594, 35.96893310546882], [139.83549499511696, 35.95899963378912], [139.84939575195298, 35.93826675415041], [139.86169433593798, 35.9320640563965], [139.87010192871097, 35.91986465454104], [139.871795654297, 35.915798187255916], [139.87469482421898, 35.912933349609425], [139.887298583984, 35.89653396606451], [139.899200439453, 35.86686706542974], [139.899993896484, 35.86533355712886], [139.896896362305, 35.855400085449155], [139.8916015625, 35.84673309326167], [139.889892578125, 35.83653259277339], [139.88850402832, 35.83020019531251], [139.888198852539, 35.8250007629395], [139.891098022461, 35.819999694824226], [139.889297485352, 35.80866622924798], [139.890594482422, 35.80193328857419], [139.888595581055, 35.79639816284176], [139.893798828125, 35.78273391723627], [139.88909912109398, 35.78373336791991], [139.88130187988298, 35.78206634521479], [139.876693725586, 35.780864715576236], [139.871795654297, 35.78446578979488], [139.871795654297, 35.78833389282227], [139.87739562988298, 35.79380035400394], [139.871795654297, 35.79706573486334], [139.86270141601597, 35.79473114013673], [139.85879516601597, 35.79446411132807], [139.85639953613298, 35.790931701660185], [139.84680175781304, 35.796531677246094], [139.84500122070298, 35.798465728759794], [139.83880615234403, 35.80080032348631], [139.83419799804696, 35.79746627807624], [139.82719421386696, 35.793598175048764], [139.82159423828097, 35.79646682739261], [139.82020568847702, 35.80206680297852], [139.82510375976602, 35.81153106689447], [139.82110595703097, 35.8150672912598], [139.82099914550804, 35.81153106689447], [139.81559753418003, 35.80906677246089], [139.80459594726602, 35.808799743652315], [139.79609680175804, 35.80559921264649], [139.78239440918003, 35.80719757080077], [139.77279663085903, 35.815666198730526], [139.767700195313, 35.81753158569338], [139.76119995117202, 35.81280136108404], [139.75559997558602, 35.812732696533196], [139.755401611328, 35.812133789062464], [139.753402709961, 35.810600280761676], [139.750503540039, 35.8092651367188], [139.75080871582, 35.80773162841801], [139.76049804687503, 35.79786682128906], [139.75590515136702, 35.78960037231448], [139.75349426269503, 35.78646469116206], [139.74679565429702, 35.78686523437497], [139.74639892578102, 35.78413391113281], [139.737808227539, 35.780532836914084], [139.73840332031298, 35.78659820556639], [139.73530578613298, 35.78966522216797], [139.725006103516, 35.78733444213872], [139.722305297852, 35.790664672851605], [139.70950317382798, 35.792068481445334], [139.69760131835898, 35.79840087890631], [139.69689941406298, 35.7988662719727], [139.691696166992, 35.800666809081974], [139.67590332031304, 35.798931121826186], [139.65710449218804, 35.800533294677734], [139.64720153808597, 35.79753112792973], [139.64160156250003, 35.79806518554688], [139.63980102539102, 35.794334411621094], [139.63569641113304, 35.790664672851605], [139.62980651855503, 35.78553390502927], [139.62469482421903, 35.77946853637696], [139.62489318847702, 35.773200988769474], [139.62179565429693, 35.76673126220699], [139.617797851563, 35.7666664123535], [139.61729431152304, 35.77046585083014], [139.61199951171903, 35.76966857910159], [139.61140441894503, 35.770534515380895], [139.609008789063, 35.76953125], [139.60549926757804, 35.770732879638715], [139.60299682617202, 35.77106475830078], [139.59939575195304, 35.76953125], [139.59739685058602, 35.77113342285163], [139.604202270508, 35.77433395385744], [139.597106933594, 35.7765998840332], [139.59689331054702, 35.77840042114257], [139.59410095214804, 35.77873229980472], [139.59379577636702, 35.777332305908175], [139.58869934082003, 35.77859878540039], [139.585403442383, 35.775333404540994], [139.58209228515602, 35.77180099487302], [139.57820129394503, 35.770931243896534], [139.57699584960903, 35.76806640624996], [139.574905395508, 35.76813125610354], [139.574493408203, 35.76699829101557], [139.57080078125, 35.76546478271478], [139.570999145508, 35.76419830322274], [139.56689453125, 35.7627983093262], [139.564804077148, 35.76253128051762], [139.562805175781, 35.76173400878908], [139.56170654296898, 35.759666442871136], [139.557800292969, 35.759666442871136], [139.55529785156298, 35.75713348388671], [139.553207397461, 35.755664825439496], [139.547897338867, 35.753665924072315], [139.54719543457, 35.75453186035162], [139.54460144042997, 35.75479888916019], [139.545394897461, 35.757732391357436], [139.54780578613298, 35.773799896240206], [139.544906616211, 35.773601531982386], [139.526992797852, 35.76833343505862], [139.51609802246097, 35.76546478271478], [139.523895263672, 35.7718658447266], [139.536102294922, 35.775264739990234], [139.543594360352, 35.78166580200197], [139.542495727539, 35.78906631469733], [139.537200927734, 35.79159927368158], [139.546295166016, 35.79946517944343], [139.546401977539, 35.80393218994137], [139.541595458984, 35.807399749755945], [139.531799316406, 35.79753112792973], [139.525192260742, 35.79186630249024], [139.52340698242196, 35.79186630249024], [139.52200317382798, 35.78900146484384], [139.51370239257798, 35.78799819946294], [139.51159667968795, 35.785068511962876], [139.50770568847696, 35.78366470336906], [139.49780273437497, 35.781131744384815], [139.49699401855497, 35.778667449951236], [139.49679565429696, 35.77873229980472], [139.49510192871097, 35.781467437744055], [139.49360656738304, 35.78153228759772], [139.49259948730497, 35.77999877929693], [139.48989868164097, 35.780334472656264], [139.48959350585898, 35.77959823608403], [139.48159790039097, 35.780666351318416], [139.47529602050804, 35.777000427246115], [139.47479248046903, 35.77560043334957], [139.47360229492196, 35.77593231201172], [139.47030639648403, 35.77373123168954], [139.46450805664102, 35.77373123168954], [139.45880126953097, 35.77166748046878], [139.45730590820304, 35.769466400146506], [139.45449829101602, 35.769466400146506], [139.45210266113304, 35.76900100708011], [139.45060729980503, 35.769199371337926], [139.44270324707003, 35.766799926757834], [139.440795898438, 35.76693344116208], [139.43800354003903, 35.769397735595746], [139.43580627441403, 35.767333984374986], [139.43299865722702, 35.76739883422847], [139.42599487304702, 35.7671318054199], [139.421401977539, 35.76746749877932], [139.41650390625, 35.76620101928711], [139.408401489258, 35.76879882812502], [139.404006958008, 35.76926422119141], [139.399795532227, 35.76693344116208], [139.39630126953102, 35.76426696777341], [139.391906738281, 35.76326751708977], [139.3916015625, 35.763401031494105], [139.391693115234, 35.76686477661132], [139.387298583984, 35.76620101928711], [139.381195068359, 35.76599884033202], [139.37919616699202, 35.77106475830078], [139.381500244141, 35.7742652893066], [139.38000488281298, 35.77773284912109], [139.376892089844, 35.78013229370118], [139.371795654297, 35.77859878540039], [139.371398925781, 35.778266906738324], [139.371795654297, 35.77893447875981], [139.371795654297, 35.78026580810551], [139.36810302734398, 35.78393173217773], [139.36880493164097, 35.78720092773439], [139.369003295898, 35.789264678955064], [139.370193481445, 35.79119873046876], [139.358795166016, 35.79240036010739], [139.35180664062497, 35.79346466064452], [139.34759521484398, 35.79586791992188], [139.34370422363298, 35.79486846923833], [139.33970642089798, 35.79446411132807], [139.333297729492, 35.79219818115231], [139.33039855956997, 35.793598175048764], [139.32569885253898, 35.794998168945305], [139.31599426269497, 35.81340026855468], [139.31629943847696, 35.81893157958984], [139.31599426269497, 35.82299804687496], [139.31359863281304, 35.82519912719732], [139.30540466308597, 35.82260131835941], [139.30360412597693, 35.82433319091802], [139.30149841308597, 35.83406448364263], [139.29809570312497, 35.835266113281264], [139.29600524902304, 35.83413314819339], [139.29269409179696, 35.83653259277339], [139.29119873046903, 35.837799072265604], [139.28599548339804, 35.83653259277339], [139.28340148925804, 35.83653259277339], [139.28080749511693, 35.840534210205114], [139.28010559082003, 35.839466094970724], [139.27499389648403, 35.839599609374964], [139.26139831543003, 35.83653259277339], [139.25880432128903, 35.83653259277339], [139.256301879883, 35.837799072265604], [139.24679565429702, 35.83686447143554], [139.244094848633, 35.83679962158197], [139.24159240722702, 35.838531494140575], [139.23939514160202, 35.840534210205114], [139.233306884766, 35.83713150024412], [139.229507446289, 35.837333679199205], [139.222396850586, 35.84073257446293], [139.21549987793, 35.84533309936521], [139.20910644531298, 35.8464012145996], [139.204895019531, 35.84453201293948], [139.203903198242, 35.84226608276372], [139.196395874023, 35.84013366699221], [139.18580627441398, 35.842800140380874], [139.17550659179696, 35.84719848632806], [139.16340637206997, 35.85086441040037], [139.16009521484398, 35.85573196411131], [139.15110778808597, 35.860866546630916], [139.13839721679696, 35.86426544189447], [139.13029479980494, 35.865066528320284], [139.12179565429696, 35.86493301391604], [139.10179138183594, 35.86619949340816], [139.10020446777304, 35.86713409423831], [139.09919738769503, 35.868534088134766], [139.092407226563, 35.868999481201165], [139.08610534668, 35.87260055541989], [139.07859802246102, 35.87540054321289], [139.07260131835903, 35.87179946899408], [139.062408447266, 35.87340164184571], [139.05810546875, 35.87733459472659], [139.051696777344, 35.878200531005895], [139.03619384765602, 35.889801025390625], [139.023895263672, 35.897399902343814], [139.019393920898, 35.898132324218786], [139.010299682617, 35.897132873535234], [139.00660705566398, 35.89113235473633], [139.00149536132798, 35.884399414062536], [138.996795654297, 35.884399414062536], [138.98669433593795, 35.88126754760738], [138.97990417480497, 35.88460159301762], [138.97599792480497, 35.88313293457032], [138.96820068359403, 35.88213348388668], [138.96600341796903, 35.878398895263715], [138.95689392089798, 35.87566757202147], [138.95030212402304, 35.869934082031314], [138.94630432128903, 35.8686676025391], [138.94589233398398, 35.86593246459959], [138.94409179687497, 35.86153411865231], [138.94400024414102, 35.85466766357418], [138.93389892578097, 35.851131439209034], [138.92819213867196, 35.84933471679694], [138.91499328613304, 35.85253143310549], [138.90989685058602, 35.85193252563476], [138.89970397949202, 35.846866607666], [138.89289855957003, 35.83986663818363], [138.886505126953, 35.8464012145996], [138.88000488281298, 35.84679794311524], [138.87179565429702, 35.85493469238276], [138.86590576171898, 35.85853195190431], [138.862701416016, 35.85886764526373], [138.858993530273, 35.85746765136719], [138.856704711914, 35.86406707763673], [138.846298217773, 35.8671989440918], [138.843994140625, 35.86626434326174], [138.83250427246097, 35.86240005493161], [138.829895019531, 35.86520004272462], [138.82040405273398, 35.865264892578104], [138.81359863281304, 35.862331390380945], [138.80859374999997, 35.86959838867189], [138.80290222167997, 35.870265960693374], [138.79299926757795, 35.87506866455083], [138.79240417480503, 35.880401611328075], [138.79110717773398, 35.89133453369141], [138.77819824218804, 35.90013122558588], [138.76750183105503, 35.89933395385742], [138.75819396972702, 35.902267456054666], [138.75030517578102, 35.901733398437514], [138.74679565429702, 35.9028015136719], [138.739700317383, 35.905601501464815], [138.734802246094, 35.90393447875979], [138.72880554199202, 35.909267425537124], [138.729904174805, 35.913932800292976], [138.728302001953, 35.917465209960945], [138.732604980469, 35.91986465454104], [138.73710632324202, 35.92693328857416], [138.73849487304702, 35.93433380126953], [138.738708496094, 35.938400268554744], [138.73239135742202, 35.94446563720696], [138.72810363769503, 35.954730987548814], [138.72349548339804, 35.9581985473633], [138.71969604492202, 35.96186447143552], [138.71640014648403, 35.96440124511721], [138.71229553222702, 35.96966552734379], [138.71269226074202, 35.98526763916016], [138.717300415039, 35.99319839477541], [138.72769165039102, 35.99586486816408], [138.73570251464804, 36.00193405151374], [138.735794067383, 36.00320053100587], [138.73789978027304, 36.00686645507808], [138.74389648437503, 36.01106643676763], [138.74679565429702, 36.014732360839844], [138.74859619140594, 36.01833343505857], [138.75230407714804, 36.026199340820334], [138.755004882813, 36.03459930419916], [138.76429748535202, 36.03680038452152], [138.77040100097702, 36.03826522827146], [138.77540588378903, 36.03779983520507], [138.78059387206997, 36.03680038452152], [138.78359985351594, 36.033535003662124], [138.78770446777295, 36.031665802002], [138.79080200195304, 36.02946472167973], [138.80700683593804, 36.03393173217768], [138.81410217285196, 36.03379821777343], [138.82020568847696, 36.03626632690428], [138.82850646972696, 36.03733444213867], [138.828994750977, 36.04133224487304], [138.83499145507798, 36.05013275146477], [138.837997436523, 36.05039978027344], [138.84539794921898, 36.06179809570308], [138.847396850586, 36.06713104248051], [138.852798461914, 36.06893157958979], [138.858993530273, 36.069866180419936], [138.866104125977, 36.07766723632812], [138.87179565429702, 36.079467773437486], [138.877197265625, 36.0824661254883], [138.88830566406298, 36.08559799194337], [138.889602661133, 36.08653259277343], [138.896606445313, 36.08940124511719], [138.90399169921903, 36.09180068969728], [138.90969848632804, 36.09120178222664], [138.91709899902304, 36.09353256225589], [138.93119812011696, 36.088268280029304], [138.94200134277304, 36.09433364868161], [138.94580078125003, 36.09626770019531], [138.94999694824196, 36.100933074951165], [138.95779418945295, 36.10793304443362], [138.95669555664097, 36.116134643554716], [138.95840454101602, 36.124267578124964], [138.95950317382804, 36.12413406372072], [138.96510314941395, 36.12580108642584], [138.97329711914097, 36.12186813354487], [138.97639465331997, 36.11733245849608], [138.97990417480497, 36.116466522216776], [138.98269653320298, 36.11673355102544], [138.98599243164097, 36.11600112915038], [138.99079895019497, 36.12106704711914], [138.995193481445, 36.12559890747066], [138.996795654297, 36.12573242187499], [139.00219726562497, 36.12559890747066], [139.006195068359, 36.13059997558594], [139.00430297851597, 36.13313293457027], [139.012191772461, 36.13280105590821], [139.01600646972696, 36.133800506591754], [139.020401000977, 36.13119888305658], [139.024993896484, 36.134201049804666], [139.026596069336, 36.130065917968786], [139.037002563477, 36.12633514404299], [139.04280090332, 36.1296005249023], [139.041305541992, 36.140933990478544], [139.043106079102, 36.14846801757807], [139.047409057617, 36.14986801147461], [139.04850769043, 36.152400970459034], [139.062103271484, 36.15306854248052], [139.062698364258, 36.15800094604486], [139.063705444336, 36.159000396728494], [139.059692382813, 36.16400146484377], [139.05929565429702, 36.16579818725587], [139.057403564453, 36.16986465454099], [139.057601928711, 36.183666229248], [139.06449890136702, 36.18786621093754], [139.06320190429702, 36.195865631103544], [139.082702636719, 36.21686553955083], [139.09640502929702, 36.23833465576169], [139.10780334472702, 36.25320053100591], [139.11019897460903, 36.258865356445305], [139.10749816894494, 36.26153182983398], [139.11619567871097, 36.26826858520513], [139.12179565429696, 36.27306747436522], [139.12930297851602, 36.283401489257834]]]}}, {"type": "Feature", "properties": {"code": "35", "name": "山口県"}, "geometry": {"type": "MultiPolygon", "coordinates": [[[[131.1375, 34.7585], [131.1298, 34.7983], [131.1472, 34.7894], [131.1449, 34.7798], [131.1628, 34.7783], [131.1603, 34.7641], [131.1375, 34.7585]]], [[[131.6899, 34.681], [131.6837, 34.6681], [131.6994, 34.6485], [131.6942, 34.621], [131.7181, 34.6121], [131.726, 34.5783], [131.7112, 34.5628], [131.7021, 34.5652], [131.7048, 34.5317], [131.6672, 34.5041], [131.6814, 34.4921], [131.6825, 34.4785], [131.6945, 34.4811], [131.6992, 34.4743], [131.6935, 34.4638], [131.6976, 34.4351], [131.7376, 34.4288], [131.7553, 34.44], [131.7585, 34.4341], [131.7931, 34.4362], [131.7833, 34.3995], [131.7637, 34.3816], [131.7654, 34.3649], [131.7772, 34.3536], [131.7762, 34.3335], [131.7945, 34.3272], [131.8192, 34.3026], [131.8301, 34.3025], [131.8333, 34.3111], [131.8804, 34.3087], [131.8873, 34.3271], [131.8991, 34.3191], [131.919, 34.3377], [131.9578, 34.3064], [131.9747, 34.342], [132.0126, 34.3717], [132.0125, 34.3827], [131.9895, 34.4142], [131.9968, 34.4279], [132.0135, 34.4367], [132.0245, 34.4623], [132.066, 34.4683], [132.0802, 34.4423], [132.0681, 34.4151], [132.0699, 34.3908], [132.0767, 34.3888], [132.0692, 34.3563], [132.0844, 34.3579], [132.095, 34.3501], [132.1071, 34.3279], [132.1267, 34.3326], [132.1247, 34.2913], [132.1394, 34.2847], [132.1335, 34.2708], [132.1449, 34.2581], [132.1447, 34.2364], [132.157, 34.2292], [132.1692, 34.2337], [132.1703, 34.2253], [132.204, 34.2287], [132.1958, 34.2043], [132.2449, 34.2107], [132.2325, 34.1958], [132.2307, 34.1873], [132.2386, 34.1874], [132.2301, 34.1855], [132.244, 34.1778], [132.2455, 34.1659], [132.2485, 34.1699], [132.246, 34.1481], [132.2328, 34.1269], [132.2216, 34.1308], [132.1998, 34.1203], [132.2081, 34.0623], [132.2198, 34.0488], [132.2128, 34.0032], [132.1841, 33.9613], [132.1303, 33.9575], [132.1238, 33.947], [132.1172, 33.9511], [132.1303, 33.9106], [132.1299, 33.8845], [132.1467, 33.8751], [132.1572, 33.8453], [132.1439, 33.8335], [132.1169, 33.8318], [132.1123, 33.86], [132.1193, 33.8754], [132.0769, 33.8931], [132.0718, 33.905], [132.0441, 33.9091], [132.0554, 33.9131], [132.0577, 33.9241], [132.0244, 33.9019], [131.9815, 33.9291], [131.9699, 33.9167], [131.9622, 33.9207], [131.9682, 33.9295], [131.9628, 33.9438], [131.9552, 33.9499], [131.9355, 33.9473], [131.9295, 33.9617], [131.9238, 33.9534], [131.917, 33.9677], [131.8744, 33.9903], [131.8628, 33.9884], [131.8633, 34.0066], [131.8318, 34.0109], [131.8186, 33.994], [131.7935, 33.9873], [131.8205, 33.9765], [131.8098, 33.9677], [131.7956, 33.977], [131.7612, 33.9751], [131.7586, 33.9829], [131.7844, 33.9858], [131.782, 33.994], [131.8267, 34.0294], [131.8036, 34.0429], [131.7821, 34.0303], [131.7997, 34.0491], [131.7921, 34.0507], [131.7969, 34.0601], [131.7888, 34.0535], [131.7834, 34.0606], [131.7794, 34.0543], [131.7635, 34.0588], [131.7577, 34.0489], [131.7424, 34.0487], [131.7383, 34.0547], [131.7574, 34.0652], [131.7525, 34.0706], [131.7445, 34.0657], [131.7418, 34.0711], [131.7344, 34.0609], [131.7089, 34.0605], [131.6973, 34.0473], [131.679, 34.0545], [131.6768, 34.0432], [131.6454, 34.0379], [131.6442, 34.0468], [131.635, 34.0469], [131.6096, 34.0212], [131.5952, 34.0431], [131.5926, 34.0348], [131.5822, 34.0381], [131.5889, 34.0325], [131.5845, 34.0255], [131.5605, 34.0075], [131.5485, 34.0013], [131.5386, 34.0075], [131.5444, 33.999], [131.539, 33.9973], [131.5259, 33.9991], [131.5221, 34.0078], [131.5092, 34.0035], [131.5128, 34.0181], [131.4744, 34.0377], [131.4657, 34.0253], [131.4793, 34.0117], [131.4613, 34.0035], [131.4495, 34.0095], [131.4602, 33.9878], [131.4495, 33.9954], [131.4365, 33.9826], [131.4232, 33.9892], [131.4312, 34.0063], [131.4184, 34.0155], [131.3953, 33.9845], [131.3934, 33.9975], [131.4162, 34.0228], [131.395, 34.0251], [131.3938, 34.035], [131.4033, 34.0425], [131.3981, 34.0498], [131.3842, 34.0493], [131.3856, 34.0323], [131.369, 34.0283], [131.3818, 34.0227], [131.3772, 34.0079], [131.3473, 33.9817], [131.3538, 33.9655], [131.3057, 33.9493], [131.2658, 33.9228], [131.2486, 33.9274], [131.2518, 33.9368], [131.2318, 33.9271], [131.2332, 33.9364], [131.2468, 33.9423], [131.2384, 33.9513], [131.2218, 33.9337], [131.2091, 33.9441], [131.1777, 33.9315], [131.157, 33.9531], [131.1578, 33.9611], [131.1688, 33.9634], [131.1599, 33.9647], [131.1622, 33.9705], [131.1738, 33.9747], [131.1613, 33.9735], [131.1661, 33.9783], [131.1601, 33.9858], [131.169, 33.996], [131.1568, 33.9889], [131.1464, 33.9944], [131.1497, 34.0032], [131.1329, 34.0032], [131.1347, 33.9913], [131.0916, 34.0373], [131.0467, 34.0423], [131.0369, 34.057], [131.0297, 34.0392], [131.012, 34.0273], [131.0203, 34.02], [131.0126, 34.0116], [131.0059, 34.0215], [131.0021, 34.0174], [131.005, 34.0032], [130.9913, 33.9865], [130.9258, 33.9466], [130.9226, 33.9145], [130.904, 33.9137], [130.9, 33.9179], [130.9094, 33.9257], [130.8984, 33.9217], [130.8927, 33.9391], [130.8728, 33.9487], [130.8778, 33.9546], [130.8776, 33.9483], [130.8931, 33.9433], [130.9107, 33.9541], [130.9127, 33.9411], [130.917, 33.9467], [130.9189, 33.9522], [130.9052, 33.9539], [130.9161, 33.9793], [130.9079, 33.9925], [130.9141, 34.0228], [130.9031, 34.0251], [130.9134, 34.0431], [130.9111, 34.0591], [130.8984, 34.0692], [130.8872, 34.0662], [130.8597, 34.1098], [130.8654, 34.1356], [130.8804, 34.142], [130.8926, 34.135], [130.9036, 34.1469], [130.8964, 34.1541], [130.9253, 34.1699], [130.9294, 34.2106], [130.9158, 34.2164], [130.9209, 34.2391], [130.8664, 34.2873], [130.8802, 34.2947], [130.8861, 34.3126], [130.893, 34.3105], [130.8894, 34.3173], [130.8967, 34.3173], [130.8893, 34.3435], [130.9, 34.3623], [130.9198, 34.3538], [130.9255, 34.3417], [130.9339, 34.3518], [130.9998, 34.3739], [131.034, 34.3703], [131.0337, 34.3833], [131.0129, 34.4048], [130.9797, 34.3999], [130.9584, 34.4072], [130.9505, 34.4049], [130.9546, 34.3892], [130.9314, 34.3927], [130.9368, 34.4039], [130.9578, 34.4117], [130.9715, 34.4419], [131.0022, 34.4281], [131.0042, 34.4152], [131.019, 34.4112], [131.0466, 34.4114], [131.0727, 34.4239], [131.1109, 34.4093], [131.1308, 34.4177], [131.1368, 34.3911], [131.1544, 34.3725], [131.1874, 34.3805], [131.1972, 34.3973], [131.2045, 34.3757], [131.215, 34.3708], [131.2243, 34.3928], [131.2472, 34.3816], [131.271, 34.39], [131.2924, 34.3803], [131.3052, 34.3829], [131.3226, 34.3919], [131.3367, 34.4183], [131.3577, 34.4111], [131.3744, 34.4149], [131.3764, 34.4221], [131.3868, 34.4171], [131.402, 34.4287], [131.4148, 34.4261], [131.4104, 34.4355], [131.4217, 34.441], [131.3967, 34.4477], [131.3964, 34.4603], [131.415, 34.4487], [131.4348, 34.4671], [131.4311, 34.4715], [131.4443, 34.4756], [131.4398, 34.4825], [131.4613, 34.4862], [131.4661, 34.5014], [131.4495, 34.5068], [131.4555, 34.526], [131.4661, 34.5385], [131.5033, 34.5339], [131.5194, 34.5564], [131.5369, 34.5625], [131.5541, 34.5806], [131.5563, 34.6151], [131.5773, 34.625], [131.6028, 34.6242], [131.6021, 34.6338], [131.589, 34.6326], [131.6029, 34.6619], [131.6339, 34.6639], [131.6424, 34.6563], [131.6377, 34.6469], [131.6488, 34.6409], [131.6453, 34.6523], [131.6739, 34.6643], [131.667, 34.6753], [131.6899, 34.681]]], [[[131.3855, 34.5126], [131.3835, 34.5201], [131.3908, 34.5231], [131.3855, 34.5126]]], [[[131.2768, 34.497], [131.2709, 34.5067], [131.2768, 34.5182], [131.2922, 34.5115], [131.2768, 34.497]]], [[[131.4073, 34.4897], [131.4017, 34.5032], [131.4114, 34.5129], [131.4179, 34.4965], [131.4073, 34.4897]]], [[[131.1965, 34.3983], [131.1729, 34.4075], [131.1709, 34.4313], [131.1818, 34.4241], [131.2184, 34.4261], [131.2517, 34.4382], [131.2606, 34.4276], [131.2603, 34.4176], [131.2468, 34.4257], [131.2223, 34.4167], [131.2265, 34.4283], [131.2071, 34.4119], [131.2142, 34.4008], [131.1965, 34.3983]]], [[[131.2681, 34.4103], [131.2663, 34.4185], [131.2729, 34.4122], [131.2681, 34.4103]]], [[[130.8464, 34.341], [130.839, 34.355], [130.8632, 34.3589], [130.8694, 34.3643], [130.8657, 34.3735], [130.8794, 34.3648], [130.8775, 34.3539], [130.8583, 34.3532], [130.8464, 34.341]]], [[[130.8974, 34.1705], [130.9, 34.1765], [130.9051, 34.1725], [130.8974, 34.1705]]], [[[130.7956, 34.0925], [130.7769, 34.1024], [130.7758, 34.1153], [130.7983, 34.1004], [130.7956, 34.0925]]], [[[131.731, 34.021], [131.7268, 34.0336], [131.7335, 34.0379], [131.7511, 34.0326], [131.7615, 34.0473], [131.7792, 34.0488], [131.731, 34.021]]], [[[132.3836, 34.0267], [132.376, 34.0361], [132.3919, 34.0424], [132.3836, 34.0267]]], [[[131.7181, 33.9794], [131.7187, 33.9894], [131.6908, 34.0079], [131.7032, 34.0073], [131.7078, 34.0347], [131.7141, 34.032], [131.71, 34.0009], [131.732, 33.9825], [131.7181, 33.9794]]], [[[132.4205, 34.0113], [132.4061, 34.0145], [132.4021, 34.0269], [132.4141, 34.0303], [132.4301, 34.0151], [132.4205, 34.0113]]], [[[131.5668, 33.9867], [131.5552, 33.9941], [131.5668, 34.0115], [131.5828, 34.0239], [131.6005, 34.015], [131.5909, 33.9994], [131.5668, 33.9867]]], [[[132.2676, 33.994], [132.2579, 34.0032], [132.2629, 34.0097], [132.2676, 33.994]]], [[[131.8202, 33.9307], [131.8058, 33.939], [131.8068, 33.9518], [131.8195, 33.9583], [131.8198, 33.9448], [131.8325, 33.9557], [131.8451, 33.9511], [131.8501, 33.9611], [131.8427, 33.9703], [131.8548, 33.9769], [131.8568, 33.9897], [131.8677, 33.9816], [131.8768, 33.9705], [131.8577, 33.9637], [131.861, 33.9509], [131.8202, 33.9307]]], [[[130.86, 33.9701], [130.8649, 33.981], [130.8663, 33.9711], [130.86, 33.9701]]], [[[132.2068, 33.8569], [132.2014, 33.8802], [132.1765, 33.894], [132.1728, 33.9225], [132.1874, 33.9346], [132.1855, 33.9545], [132.2029, 33.9487], [132.2135, 33.9651], [132.2282, 33.9594], [132.2322, 33.9671], [132.2655, 33.9483], [132.2842, 33.9557], [132.3007, 33.9199], [132.311, 33.9147], [132.3187, 33.9215], [132.3161, 33.9065], [132.3289, 33.9017], [132.3567, 33.9099], [132.3526, 33.9175], [132.3701, 33.9283], [132.4024, 33.9293], [132.4012, 33.9407], [132.4152, 33.952], [132.4368, 33.9515], [132.4429, 33.9422], [132.4702, 33.9505], [132.4408, 33.9275], [132.4346, 33.9322], [132.4214, 33.9256], [132.4064, 33.9099], [132.3957, 33.9176], [132.3718, 33.9111], [132.3613, 33.8961], [132.3716, 33.8624], [132.346, 33.8696], [132.3268, 33.8576], [132.3363, 33.8832], [132.2959, 33.8967], [132.2909, 33.8903], [132.2851, 33.9016], [132.268, 33.8901], [132.2674, 33.8769], [132.2784, 33.8712], [132.2211, 33.8744], [132.2068, 33.8569]]], [[[132.4736, 33.9538], [132.4585, 33.9634], [132.4759, 33.9633], [132.4802, 33.9592], [132.4736, 33.9538]]], [[[132.3523, 33.9394], [132.3367, 33.9547], [132.3497, 33.9603], [132.3523, 33.9394]]], [[[131.6953, 33.9354], [131.6887, 33.9416], [131.6956, 33.9497], [131.6953, 33.9354]]], [[[132.1577, 33.9378], [132.1558, 33.9455], [132.1656, 33.9475], [132.1577, 33.9378]]], [[[132.0493, 33.8867], [132.0431, 33.9002], [132.0533, 33.8901], [132.0493, 33.8867]]], [[[132.0608, 33.867], [132.0562, 33.8763], [132.0646, 33.8837], [132.069, 33.8691], [132.0608, 33.867]]], [[[132.0221, 33.8523], [131.9969, 33.86], [132.0147, 33.8597], [132.0157, 33.8712], [132.0221, 33.8523]]], [[[132.3677, 33.847], [132.3533, 33.8543], [132.3718, 33.8521], [132.3677, 33.847]]], [[[132.0493, 33.7847], [132.0274, 33.7933], [132.0528, 33.7983], [132.0597, 33.819], [132.0771, 33.8272], [132.0703, 33.8581], [132.0824, 33.8446], [132.1015, 33.8436], [132.1042, 33.8348], [132.1172, 33.8306], [132.086, 33.8239], [132.0493, 33.7847]]], [[[132.2564, 33.7665], [132.2343, 33.7835], [132.2158, 33.781], [132.1985, 33.803], [132.1731, 33.7951], [132.1725, 33.8049], [132.2085, 33.8177], [132.2211, 33.8152], [132.2563, 33.7823], [132.2731, 33.7818], [132.2564, 33.7665]]], [[[132.252, 33.8064], [132.2487, 33.8137], [132.2585, 33.8166], [132.252, 33.8064]]], [[[131.9635, 33.7686], [131.9467, 33.7799], [131.961, 33.7825], [131.9665, 33.798], [131.9926, 33.7803], [131.9635, 33.7686]]], [[[132.0513, 33.7721], [132.0466, 33.7751], [132.0523, 33.7791], [132.0513, 33.7721]]], [[[132.1338, 33.7131], [132.1276, 33.7205], [132.1429, 33.7293], [132.139, 33.7455], [132.1502, 33.7638], [132.146, 33.737], [132.152, 33.7289], [132.1338, 33.7131]]]]}}, {"type": "Feature", "properties": {"code": "07", "name": "福島県"}, "geometry": {"type": "Polygon", "coordinates": [[[140.28010559082003, 37.97686767578129], [140.28700256347702, 37.97293472290041], [140.29179382324202, 37.97119903564454], [140.30250549316403, 37.96906661987302], [140.30859375000003, 37.96419906616208], [140.31489562988304, 37.964267730712926], [140.31620788574202, 37.958599090576165], [140.32870483398403, 37.958599090576165], [140.33459472656304, 37.95186614990229], [140.33619689941403, 37.955398559570256], [140.34609985351594, 37.95133209228522], [140.35130310058597, 37.950466156005916], [140.35600280761696, 37.952800750732436], [140.35429382324196, 37.9554672241211], [140.35670471191395, 37.95833206176759], [140.36520385742196, 37.95866775512701], [140.36999511718804, 37.95700073242189], [140.37179565429696, 37.95646667480474], [140.38549804687497, 37.95306777954101], [140.38699340820298, 37.96753311157232], [140.39680480957, 37.97413253784178], [140.407806396484, 37.9734649658203], [140.409591674805, 37.963867187500014], [140.416000366211, 37.96246719360347], [140.423904418945, 37.95793151855468], [140.432098388672, 37.95439910888671], [140.44039916992202, 37.955265045166016], [140.44490051269503, 37.95713424682622], [140.449493408203, 37.951065063476555], [140.45750427246102, 37.95140075683589], [140.46200561523403, 37.95246505737301], [140.47169494628903, 37.94760131835943], [140.47500610351602, 37.946998596191435], [140.46809387207003, 37.93766403198237], [140.468704223633, 37.92453384399412], [140.469604492188, 37.919864654540994], [140.47709655761693, 37.90706634521481], [140.48320007324193, 37.90359878540041], [140.48440551757804, 37.901798248291044], [140.48820495605503, 37.899932861328104], [140.49679565429696, 37.900333404541016], [140.50250244140597, 37.90393447875983], [140.50459289550804, 37.905799865722685], [140.51130676269494, 37.90453338623047], [140.51589965820304, 37.903732299804744], [140.51759338378898, 37.90779876708978], [140.52119445800804, 37.90833282470702], [140.52720642089795, 37.90773391723629], [140.53210449218804, 37.905532836914105], [140.53469848632798, 37.90660095214841], [140.55259704589798, 37.9100685119629], [140.56240844726597, 37.911399841308594], [140.56300354003898, 37.913665771484446], [140.56430053710898, 37.915866851806626], [140.56359863281298, 37.919532775878935], [140.56370544433597, 37.919864654540994], [140.567199707031, 37.92279815673833], [140.56970214843798, 37.919864654540994], [140.57470703124997, 37.91719818115233], [140.577499389648, 37.91413116455084], [140.584701538086, 37.90926742553708], [140.587493896484, 37.90966415405272], [140.592102050781, 37.90633392333984], [140.595596313477, 37.90686416625981], [140.598495483398, 37.907867431640625], [140.601501464844, 37.91046524047854], [140.605804443359, 37.911998748779325], [140.610595703125, 37.91193389892584], [140.612197875977, 37.91559982299796], [140.618499755859, 37.91299819946287], [140.618804931641, 37.9127311706543], [140.62179565429702, 37.90539932250977], [140.625106811523, 37.900333404541016], [140.644897460938, 37.895801544189496], [140.64849853515602, 37.89913177490229], [140.66130065918003, 37.900665283203075], [140.66709899902304, 37.895401000976584], [140.69039916992196, 37.888332366943374], [140.69059753418003, 37.88366699218752], [140.68319702148398, 37.87979888916021], [140.68310546875003, 37.874332427978544], [140.68769836425804, 37.87126541137697], [140.68659973144497, 37.86653137207027], [140.69259643554696, 37.858867645263686], [140.69189453124997, 37.85173416137699], [140.69070434570304, 37.84960174560547], [140.68580627441403, 37.84693145751953], [140.68710327148395, 37.84239959716801], [140.67939758300804, 37.83653259277344], [140.68460083007804, 37.830398559570284], [140.68569946289102, 37.818267822265575], [140.68640136718804, 37.814865112304666], [140.69140625000003, 37.81126785278321], [140.69309997558597, 37.80713272094733], [140.69470214843804, 37.80393218994142], [140.69450378418003, 37.80346679687502], [140.70710754394497, 37.802333831787145], [140.71350097656304, 37.79953384399414], [140.72120666503898, 37.79320144653317], [140.72399902343804, 37.79093170166023], [140.727996826172, 37.78166580200201], [140.74139404296898, 37.7879981994629], [140.745895385742, 37.7883987426758], [140.746795654297, 37.787601470947344], [140.74969482421898, 37.78546524047847], [140.762298583984, 37.784801483154254], [140.777099609375, 37.781265258789105], [140.792907714844, 37.773399353027344], [140.799499511719, 37.77653121948241], [140.800491333008, 37.77886581420901], [140.80259704589804, 37.7803993225098], [140.79460144043, 37.7819328308105], [140.78630065918, 37.78939819335944], [140.783294677734, 37.79093170166023], [140.77900695800798, 37.79206466674802], [140.776794433594, 37.794601440429716], [140.774795532227, 37.794200897216804], [140.77180480957, 37.79773330688478], [140.768402099609, 37.7979316711426], [140.765106201172, 37.79639816284181], [140.766296386719, 37.79913330078132], [140.773696899414, 37.80199813842772], [140.77510070800798, 37.806465148925845], [140.784194946289, 37.80419921874999], [140.78959655761702, 37.80206680297848], [140.804306030273, 37.798000335693445], [140.811401367188, 37.79613113403323], [140.82040405273403, 37.798866271972656], [140.82569885253903, 37.79753112792969], [140.83180236816403, 37.79526519775393], [140.84510803222702, 37.795597076415994], [140.85260009765597, 37.79579925537108], [140.85739135742196, 37.80406570434566], [140.85409545898398, 37.807998657226634], [140.85609436035196, 37.81386566162112], [140.85850524902304, 37.814731597900426], [140.85400390625003, 37.82346725463867], [140.85519409179696, 37.82953262329098], [140.85389709472693, 37.82946777343749], [140.85269165039094, 37.831600189209006], [140.85459899902304, 37.83459854125983], [140.85449218749997, 37.83653259277344], [140.85449218749997, 37.84206771850586], [140.85090637207003, 37.85133361816408], [140.85639953613304, 37.85426712036132], [140.86199951171903, 37.862731933593814], [140.85910034179696, 37.86913299560554], [140.85510253906304, 37.874866485595696], [140.86059570312497, 37.87986755371088], [140.85670471191403, 37.8847999572754], [140.85910034179696, 37.887733459472734], [140.85890197753903, 37.88940048217768], [140.85670471191403, 37.89126586914062], [140.86900329589795, 37.895732879638736], [140.87179565429696, 37.89680099487304], [140.88470458984403, 37.89946746826171], [140.89280700683597, 37.90246582031253], [140.89910888671895, 37.903865814208984], [140.90060424804696, 37.903732299804744], [140.90130615234398, 37.89780044555659], [140.91369628906298, 37.89739990234377], [140.916000366211, 37.897468566894524], [140.919998168945, 37.89273452758792], [140.923797607422, 37.892665863037074], [140.92570495605497, 37.89566802978516], [140.931198120117, 37.896331787109375], [140.931396484375, 37.89366531372071], [140.93640136718798, 37.87266540527342], [140.938201904297, 37.87379837036131], [140.93859863281298, 37.873664855956974], [140.939498901367, 37.86606597900388], [140.944396972656, 37.8577995300293], [140.946792602539, 37.8536682128906], [140.94990539550798, 37.85826492309569], [140.955902099609, 37.8596687316895], [140.956802368164, 37.85699844360348], [140.949508666992, 37.855400085449205], [140.95520019531298, 37.843467712402315], [140.953598022461, 37.84313201904298], [140.954299926758, 37.84086608886722], [140.95930480957, 37.841598510742195], [140.959808349609, 37.840133666992166], [140.95529174804702, 37.83873367309571], [140.95759582519503, 37.83653259277344], [140.959701538086, 37.831600189209006], [140.961791992188, 37.8307342529297], [140.962799072266, 37.83233261108398], [140.96899414062503, 37.82799911499019], [140.972106933594, 37.83093261718752], [140.973907470703, 37.8303337097168], [140.973007202148, 37.828666687011676], [140.97590637207003, 37.826267242431584], [140.977798461914, 37.82920074462891], [140.98100280761702, 37.82533264160161], [140.986602783203, 37.824066162109396], [140.986999511719, 37.79579925537108], [140.990509033203, 37.769401550292976], [140.99679565429702, 37.76393127441413], [141.00050354003903, 37.76253128051758], [141.004104614258, 37.753200531005874], [141.00700378418003, 37.75026702880863], [141.00999450683602, 37.74480056762696], [141.012405395508, 37.72613143920901], [141.011596679688, 37.72200012207031], [141.01199340820304, 37.708400726318395], [141.012405395508, 37.68719863891602], [141.01750183105503, 37.68633270263672], [141.01339721679693, 37.68479919433593], [141.01620483398403, 37.67146682739259], [141.01950073242193, 37.67113113403317], [141.02000427246102, 37.66986846923832], [141.02249145507804, 37.66466522216804], [141.02749633789102, 37.66559982299801], [141.02769470214795, 37.66706848144531], [141.02789306640597, 37.66706848144531], [141.02760314941403, 37.664264678955135], [141.01849365234403, 37.66253280639653], [141.02429199218804, 37.646133422851605], [141.02299499511696, 37.6239318847656], [141.02679443359403, 37.6050682067871], [141.02560424804693, 37.586532592773395], [141.02650451660202, 37.57473373413093], [141.02909851074196, 37.54819869995122], [141.03500366210895, 37.513931274414084], [141.03880310058597, 37.50320053100592], [141.03909301757795, 37.49126434326168], [141.04330444335898, 37.48120117187501], [141.04190063476594, 37.481067657470675], [141.03689575195304, 37.46659851074218], [141.03700256347693, 37.457134246826236], [141.03750610351602, 37.447200775146534], [141.03540039062494, 37.43059921264653], [141.03669738769497, 37.43059921264653], [141.03689575195304, 37.42713165283204], [141.03939819335898, 37.42486572265628], [141.03919982910196, 37.42473220825204], [141.03660583496094, 37.427066802978466], [141.03489685058597, 37.427066802978466], [141.03610229492196, 37.42426681518546], [141.03680419921903, 37.41999816894534], [141.03750610351602, 37.42013168334958], [141.03999328613304, 37.422000885009794], [141.04040527343804, 37.4217987060547], [141.03770446777304, 37.419868469238274], [141.03509521484403, 37.41939926147461], [141.03460693359403, 37.385799407958956], [141.03729248046903, 37.38226699829099], [141.03559875488304, 37.37319946289059], [141.03579711914094, 37.36826705932616], [141.03909301757795, 37.363868713378885], [141.03739929199196, 37.36206817626952], [141.03500366210895, 37.357467651367244], [141.03230285644497, 37.34806442260742], [141.03149414062497, 37.343868255615234], [141.02980041503903, 37.34126663208014], [141.02709960937503, 37.336532592773445], [141.02580261230503, 37.323734283447344], [141.03100585937503, 37.32199859619138], [141.03640747070304, 37.31919860839838], [141.03619384765597, 37.31900024414056], [141.03230285644497, 37.320999145507834], [141.03169250488304, 37.321266174316406], [141.02769470214795, 37.3223342895508], [141.02819824218804, 37.31660079956047], [141.02839660644497, 37.31480026245119], [141.02920532226602, 37.314735412597706], [141.02980041503903, 37.31973266601562], [141.02999877929696, 37.31966781616213], [141.02969360351594, 37.314666748046946], [141.03680419921903, 37.31746673583977], [141.03179931640597, 37.31353378295898], [141.02560424804693, 37.3137321472168], [141.02519226074196, 37.31186676025386], [141.02589416503903, 37.30479812622073], [141.02420043945304, 37.299732208251974], [141.01289367675804, 37.25320053100589], [141.012405395508, 37.241001129150426], [141.01989746093804, 37.24039840698243], [141.02110290527304, 37.234931945800845], [141.01669311523395, 37.23433303833012], [141.01660156250003, 37.22999954223633], [141.02249145507804, 37.229133605957024], [141.02819824218804, 37.23773574829103], [141.02839660644497, 37.237667083740185], [141.02270507812503, 37.228935241699205], [141.01249694824196, 37.228935241699205], [141.01229858398403, 37.225799560546875], [141.006301879883, 37.21253204345702], [141.00079345703094, 37.18373489379882], [140.99980163574202, 37.169868469238324], [141.00129699707003, 37.16753387451172], [141.00079345703094, 37.15579986572274], [141.00349426269503, 37.151466369628864], [141.00250244140602, 37.15119934082029], [141.00039672851602, 37.15066528320314], [141.00239562988304, 37.147266387939496], [141.00529479980503, 37.14580154418947], [141.00340270996102, 37.14493179321289], [141, 37.139934539794886], [140.99919128418003, 37.11920166015627], [140.99980163574202, 37.11573410034178], [140.99940490722702, 37.1109352111816], [140.99679565429702, 37.10739898681636], [140.994903564453, 37.10580062866208], [140.990905761719, 37.10373306274414], [140.98249816894503, 37.08653259277341], [140.97909545898403, 37.074867248535185], [140.973098754883, 37.038265228271534], [140.97489929199202, 37.01319885253913], [140.97880554199202, 37.010601043701215], [140.980407714844, 37.00320053100594], [140.98199462890602, 36.99679946899412], [140.98179626464804, 36.99486541748051], [140.97810363769503, 36.9922676086426], [140.97360229492202, 36.99146652221678], [140.967193603516, 36.97933197021481], [140.969497680664, 36.97420120239256], [140.96740722656298, 36.972732543945256], [140.967193603516, 36.97086715698241], [140.963104248047, 36.970001220703104], [140.960205078125, 36.970664978027315], [140.960098266602, 36.96773147583007], [140.95309448242202, 36.96173477172852], [140.950500488281, 36.96153259277343], [140.94999694824202, 36.95733261108398], [140.951400756836, 36.95560073852537], [140.951202392578, 36.95520019531246], [140.94059753418, 36.954933166503885], [140.92640686035196, 36.940799713134815], [140.92530822753898, 36.93646621704102], [140.920700073242, 36.93433380126951], [140.913787841797, 36.93688201904301], [140.91369628906298, 36.94026565551757], [140.91569519042997, 36.94013214111333], [140.910705566406, 36.94446563720703], [140.90780639648398, 36.94553375244142], [140.906158447266, 36.94136428833012], [140.901092529297, 36.94120025634772], [140.89894104003903, 36.943321228027344], [140.896286010742, 36.94332504272461], [140.89489746093804, 36.939132690429695], [140.889572143555, 36.93702316284179], [140.88655090332003, 36.940593719482365], [140.86912536621102, 36.931632995605504], [140.87179565429696, 36.929466247558565], [140.87460327148398, 36.92800140380862], [140.87150573730503, 36.92582321166988], [140.87409973144497, 36.92380142211908], [140.87179565429696, 36.922668457031286], [140.86700439453097, 36.92513275146478], [140.86169433593804, 36.921798706054716], [140.85980224609403, 36.92039871215817], [140.85409545898398, 36.91986846923829], [140.84100341796903, 36.90913391113277], [140.83819580078097, 36.91026687622074], [140.83659362793003, 36.91126632690428], [140.836303710938, 36.91066741943364], [140.83470153808602, 36.91133499145513], [140.83200073242202, 36.91033554077149], [140.82920837402304, 36.912601470947344], [140.81779479980503, 36.90873336791986], [140.801406860352, 36.894001007080064], [140.790893554688, 36.875934600830114], [140.79020690918, 36.86006546020508], [140.79150390625, 36.86019897460941], [140.792404174805, 36.859531402587926], [140.79359436035202, 36.85960006713868], [140.791198730469, 36.85753250122074], [140.78630065918, 36.85633468627928], [140.786102294922, 36.86153411865229], [140.78520202636702, 36.86240005493159], [140.779403686523, 36.866600036621136], [140.772796630859, 36.867198944091776], [140.77290344238298, 36.86586761474608], [140.769302368164, 36.86593246459957], [140.771102905273, 36.86466598510744], [140.77079772949202, 36.86266708374017], [140.765197753906, 36.86226654052726], [140.766296386719, 36.862735748291016], [140.7666015625, 36.863998413085866], [140.765899658203, 36.86726760864262], [140.76469421386702, 36.86333465576174], [140.764892578125, 36.86673355102538], [140.76370239257798, 36.86486816406253], [140.761703491211, 36.86593246459957], [140.760299682617, 36.868400573730504], [140.762100219727, 36.87033462524411], [140.758605957031, 36.872467041015625], [140.75920104980497, 36.8718681335449], [140.759002685547, 36.86766815185553], [140.756195068359, 36.86899948120123], [140.746795654297, 36.871532440185476], [140.741500854492, 36.87546539306636], [140.73489379882798, 36.872467041015625], [140.73109436035196, 36.873466491699176], [140.72579956054696, 36.8746681213379], [140.72360229492196, 36.871532440185476], [140.71820068359398, 36.87239837646478], [140.71229553222696, 36.874599456787145], [140.70619201660196, 36.878532409668026], [140.70570373535196, 36.880798339843786], [140.70379638671895, 36.88240051269533], [140.69920349121097, 36.88373184204103], [140.69549560546903, 36.888267517089815], [140.69299316406304, 36.88793563842766], [140.68820190429696, 36.88880157470697], [140.68110656738304, 36.89279937744143], [140.67359924316403, 36.89326858520509], [140.66639709472702, 36.89526748657227], [140.65699768066403, 36.89739990234379], [140.65519714355503, 36.9006652832031], [140.65249633789102, 36.90026473999019], [140.64779663085903, 36.90100097656252], [140.64680480957003, 36.900001525878885], [140.637405395508, 36.89766693115228], [140.627105712891, 36.90253448486331], [140.62179565429702, 36.90333557128913], [140.616394042969, 36.903533935546946], [140.614395141602, 36.9084014892578], [140.60949707031298, 36.91180038452153], [140.603103637695, 36.91986846923829], [140.60090637207, 36.92233276367187], [140.594497680664, 36.926265716552656], [140.593399047852, 36.92793273925778], [140.59370422363298, 36.934734344482415], [140.593994140625, 36.938934326171875], [140.591796875, 36.93826675415039], [140.58630371093798, 36.945465087890575], [140.58340454101597, 36.94333267211906], [140.57629394531298, 36.942798614501996], [140.57400512695298, 36.93966674804693], [140.56820678710898, 36.93753433227542], [140.567596435547, 36.936866760253935], [140.57000732421898, 36.9323997497559], [140.56790161132798, 36.91986846923829], [140.565002441406, 36.9129333496094], [140.56739807128898, 36.91393280029304], [140.57000732421898, 36.91213226318359], [140.571594238281, 36.91266632080083], [140.574203491211, 36.90980148315434], [140.580703735352, 36.90459823608398], [140.58000183105497, 36.8993339538574], [140.58140563964798, 36.89326858520509], [140.58660888671898, 36.886398315429695], [140.59260559082, 36.88133239746094], [140.591903686523, 36.873065948486264], [140.589004516602, 36.874732971191385], [140.580795288086, 36.86733245849611], [140.57580566406298, 36.869132995605476], [140.57290649414097, 36.865200042724595], [140.567596435547, 36.86339950561523], [140.56640624999997, 36.86373519897456], [140.565002441406, 36.862934112548835], [140.56190490722696, 36.86333465576174], [140.55740356445298, 36.86033248901374], [140.55509948730497, 36.86133193969729], [140.54760742187497, 36.85879898071286], [140.53939819335898, 36.859199523925774], [140.53540039062497, 36.85253143310547], [140.52929687499997, 36.849132537841825], [140.52830505371097, 36.843734741210916], [140.52830505371097, 36.840667724609425], [140.51980590820304, 36.836532592773366], [140.51910400390597, 36.833332061767635], [140.51719665527298, 36.82786560058588], [140.51159667968804, 36.82233428955081], [140.50509643554696, 36.8232650756836], [140.50219726562503, 36.818733215331996], [140.49679565429696, 36.81919860839839], [140.49609375000003, 36.818466186523416], [140.493606567383, 36.8191337585449], [140.48789978027304, 36.818199157714844], [140.48979187011696, 36.81253433227544], [140.48789978027304, 36.80913162231453], [140.482299804688, 36.80440139770511], [140.47850036621102, 36.797668457031314], [140.47149658203102, 36.79453277587889], [140.46369934082003, 36.79180145263673], [140.46200561523403, 36.79700088500983], [140.45809936523403, 36.798400878906286], [140.455703735352, 36.80213165283199], [140.453399658203, 36.80453109741208], [140.448501586914, 36.80926513671878], [140.438507080078, 36.82159805297848], [140.431701660156, 36.81760025024411], [140.429901123047, 36.818931579589815], [140.424606323242, 36.82093429565427], [140.42199707031298, 36.82313537597663], [140.419006347656, 36.82659912109384], [140.415298461914, 36.83200073242194], [140.411102294922, 36.83060073852539], [140.408294677734, 36.83186721801761], [140.40510559082, 36.83179855346676], [140.401702880859, 36.83259963989258], [140.395492553711, 36.83259963989258], [140.386199951172, 36.83539962768549], [140.38200378417997, 36.836532592773366], [140.37730407714798, 36.83800125122067], [140.376998901367, 36.84253311157228], [140.37640380859398, 36.845798492431584], [140.37179565429696, 36.85546874999998], [140.37109374999997, 36.85513305664056], [140.36860656738304, 36.865398406982415], [140.37179565429696, 36.87013244628911], [140.37179565429696, 36.87146759033199], [140.36779785156304, 36.880733489990206], [140.36309814453097, 36.885135650634844], [140.35659790039097, 36.88479995727542], [140.35229492187497, 36.88633346557621], [140.34719848632804, 36.88526535034182], [140.32949829101602, 36.89113235473631], [140.32569885253903, 36.89279937744143], [140.32240295410202, 36.90533447265631], [140.31800842285202, 36.91286468505856], [140.30760192871102, 36.91986846923829], [140.307495117188, 36.9211349487305], [140.30299377441403, 36.92573547363278], [140.298294067383, 36.92940139770508], [140.29409790039102, 36.93186569213866], [140.287704467773, 36.93433380126951], [140.28329467773403, 36.93526840209957], [140.27929687500003, 36.932666778564474], [140.27400207519503, 36.93073272705078], [140.264297485352, 36.93339920043954], [140.26179504394503, 36.93766784667966], [140.25729370117202, 36.93819808959963], [140.253692626953, 36.94106674194339], [140.246795654297, 36.94233322143551], [140.243194580078, 36.94353103637697], [140.242202758789, 36.94540023803709], [140.240798950195, 36.9499320983887], [140.246795654297, 36.958465576171946], [140.252502441406, 36.962799072265554], [140.252304077148, 36.965801239013736], [140.246795654297, 36.970466613769496], [140.24589538574202, 36.97119903564447], [140.243896484375, 36.9771347045898], [140.246795654297, 36.980133056640625], [140.25, 36.98293304443362], [140.250396728516, 36.98860168457029], [140.246795654297, 36.98986816406251], [140.24530029296898, 36.990665435790966], [140.24450683593798, 36.993400573730476], [140.242095947266, 36.99646759033197], [140.240798950195, 37.00053405761718], [140.244598388672, 37.00320053100594], [140.24530029296898, 37.00379943847658], [140.245101928711, 37.0097999572754], [140.246795654297, 37.00946807861333], [140.251693725586, 37.009067535400426], [140.249908447266, 37.01953506469728], [140.24920654296898, 37.02606582641598], [140.246795654297, 37.02579879760741], [140.243591308594, 37.024932861328104], [140.231994628906, 37.02346801757807], [140.224594116211, 37.02386856079098], [140.220199584961, 37.018798828125036], [140.21820068359398, 37.020133972168004], [140.21429443359398, 37.01979827880859], [140.21130371093804, 37.02140045166022], [140.20460510253898, 37.02399826049804], [140.20060729980497, 37.02753448486328], [140.19920349121097, 37.03186798095698], [140.19650268554696, 37.03540039062504], [140.19720458984395, 37.037799835205135], [140.20019531249997, 37.04700088500978], [140.19459533691398, 37.053131103515575], [140.19079589843804, 37.05686569213872], [140.19349670410196, 37.05839920043951], [140.19410705566398, 37.064132690429666], [140.18589782714798, 37.06866455078128], [140.18119812011696, 37.0690650939941], [140.17539978027298, 37.071132659912124], [140.17359924316395, 37.071067810058636], [140.16699218749997, 37.07699966430661], [140.16029357910196, 37.08020019531252], [140.15330505371102, 37.08653259277341], [140.15579223632804, 37.0880661010742], [140.157104492188, 37.0904006958008], [140.14979553222702, 37.09260177612298], [140.15089416503903, 37.09446716308592], [140.14860534668003, 37.096668243408196], [140.13780212402304, 37.10639953613281], [140.13580322265602, 37.10426712036129], [140.13020324707003, 37.10386657714839], [140.12660217285202, 37.10680007934572], [140.12179565429702, 37.10873413085942], [140.108093261719, 37.11766815185548], [140.10069274902304, 37.122665405273395], [140.095703125, 37.12406539916994], [140.089599609375, 37.121734619140604], [140.079696655273, 37.124401092529276], [140.06379699707, 37.12726593017576], [140.059906005859, 37.12559890747073], [140.05130004882798, 37.130733489990156], [140.04699707031298, 37.135467529296946], [140.04019165039097, 37.138134002685526], [140.03540039062497, 37.1397323608398], [140.03079223632798, 37.139198303222734], [140.02279663085898, 37.14319992065428], [140.01919555664097, 37.140331268310526], [140.01370239257795, 37.140598297119105], [140.00700378418003, 37.14179992675783], [140, 37.14308166503912], [139.99679565429696, 37.14366531372068], [139.99209594726594, 37.14326858520513], [139.97630310058602, 37.14706802368159], [139.97030639648403, 37.148666381835866], [139.967407226563, 37.147933959960895], [139.96369934082003, 37.14860153198238], [139.96139526367202, 37.153533935546896], [139.95489501953102, 37.154998779296925], [139.944702148438, 37.153465270996136], [139.935302734375, 37.1539344787598], [139.930603027344, 37.151866912841776], [139.924499511719, 37.152065277099595], [139.916595458984, 37.14786529541023], [139.909103393555, 37.14860153198238], [139.902603149414, 37.15399932861329], [139.897705078125, 37.15359878540038], [139.877593994141, 37.14633560180662], [139.871795654297, 37.14686584472659], [139.86640930175795, 37.14739990234383], [139.860397338867, 37.14066696166986], [139.85380554199196, 37.137668609619126], [139.84770202636696, 37.13953399658198], [139.83929443359398, 37.134132385253885], [139.83349609374997, 37.13373565673834], [139.83099365234395, 37.13240051269528], [139.82859802246097, 37.12699890136719], [139.82270812988304, 37.12353515624997], [139.81910705566403, 37.12053298950197], [139.81629943847693, 37.11820220947272], [139.81620788574196, 37.11166763305657], [139.82040405273395, 37.109535217285234], [139.81900024414102, 37.100532531738324], [139.82070922851602, 37.08653259277341], [139.82200622558594, 37.085468292236285], [139.815307617188, 37.08599853515634], [139.80970764160202, 37.08493423461913], [139.80490112304693, 37.08653259277341], [139.78930664062503, 37.09033203125004], [139.77859497070304, 37.089332580566406], [139.775802612305, 37.09166717529301], [139.772399902344, 37.08653259277341], [139.76879882812503, 37.08293533325204], [139.76339721679702, 37.07659912109379], [139.754898071289, 37.07439804077152], [139.75289916992202, 37.071067810058636], [139.74679565429702, 37.070934295654304], [139.746002197266, 37.071067810058636], [139.73840332031298, 37.072601318359425], [139.736297607422, 37.070598602294886], [139.731201171875, 37.06919860839843], [139.727401733398, 37.06933212280267], [139.72000122070298, 37.07086563110346], [139.718307495117, 37.06900024414061], [139.71470642089798, 37.068668365478544], [139.710006713867, 37.067531585693395], [139.706604003906, 37.064266204834], [139.70129394531298, 37.060199737548785], [139.69279479980497, 37.06259918212888], [139.68479919433597, 37.06053543090821], [139.67770385742196, 37.05746841430663], [139.67349243164097, 37.057933807373026], [139.67019653320298, 37.0471992492676], [139.66900634765597, 37.04499816894533], [139.66510009765597, 37.04059982299796], [139.65679931640597, 37.04173278808593], [139.65229797363304, 37.037868499755895], [139.64379882812494, 37.036132812500014], [139.63870239257804, 37.03219985961913], [139.63169860839804, 37.033199310302685], [139.62680053710903, 37.03359985351559], [139.62370300293003, 37.029933929443374], [139.625, 37.02726745605471], [139.62179565429693, 37.02186584472661], [139.61970520019503, 37.020332336425824], [139.61920166015602, 37.01726531982416], [139.61129760742202, 37.01380157470703], [139.60350036621102, 37.015666961669886], [139.597198486328, 37.01206588745124], [139.588806152344, 37.01486587524407], [139.58309936523403, 37.01539993286131], [139.580093383789, 37.008666992187514], [139.57739257812503, 37.00320053100594], [139.57429504394503, 37.00199890136721], [139.564804077148, 36.99713134765627], [139.55830383300798, 36.99713134765627], [139.554595947266, 36.992668151855504], [139.54870605468798, 36.993598937988295], [139.542297363281, 36.987800598144474], [139.53559875488298, 36.98106765747068], [139.53359985351597, 36.981800079345746], [139.53030395507798, 36.98080062866211], [139.525604248047, 36.981399536132834], [139.51690673828097, 36.978065490722685], [139.50579833984398, 36.97119903564447], [139.49679565429696, 36.968601226806555], [139.49470520019497, 36.96820068359383], [139.48480224609403, 36.97513198852544], [139.47689819335898, 36.9728012084961], [139.46560668945304, 36.971401214599645], [139.45989990234403, 36.969734191894524], [139.45809936523403, 36.961265563964766], [139.45730590820304, 36.95613479614261], [139.45269775390597, 36.950801849365185], [139.44279479980503, 36.94773101806643], [139.44169616699196, 36.94626617431639], [139.43580627441403, 36.942535400390604], [139.43479919433602, 36.937465667724574], [139.43150329589804, 36.931400299072266], [139.430603027344, 36.9274024963379], [139.42849731445304, 36.92499923706053], [139.421997070313, 36.92466735839838], [139.412796020508, 36.92693328857423], [139.409805297852, 36.927200317382805], [139.39889526367202, 36.91986846923829], [139.393402099609, 36.91093444824222], [139.38409423828102, 36.911598205566435], [139.37919616699202, 36.915534973144496], [139.371795654297, 36.91806793212892], [139.368194580078, 36.917865753173835], [139.363098144531, 36.91746520996092], [139.35520935058597, 36.91646575927729], [139.34950256347696, 36.913135528564496], [139.349594116211, 36.91413497924804], [139.348602294922, 36.91986846923829], [139.34629821777298, 36.92206573486329], [139.34530639648398, 36.925399780273445], [139.34140014648398, 36.92793273925778], [139.33419799804696, 36.92486572265629], [139.31509399414097, 36.926868438720746], [139.30470275878903, 36.9259338378906], [139.29499816894497, 36.93453216552733], [139.28709411621097, 36.934398651123], [139.28359985351602, 36.93166732788093], [139.27650451660202, 36.93373489379878], [139.26649475097702, 36.94126510620121], [139.25759887695304, 36.93413162231451], [139.24679565429702, 36.93093490600587], [139.24150085449202, 36.93019866943363], [139.238906860352, 36.93426513671884], [139.23590087890602, 36.93420028686518], [139.234893798828, 36.93679809570309], [139.231796264648, 36.93740081787109], [139.23109436035202, 36.93679809570309], [139.230606079102, 36.94066619873048], [139.23199462890602, 36.940601348876996], [139.234603881836, 36.942066192627024], [139.240997314453, 36.9414672851563], [139.241104125977, 36.94286727905266], [139.242202758789, 36.94373321533197], [139.24369812011702, 36.947132110595696], [139.24229431152304, 36.94900131225591], [139.24679565429702, 36.956199645996094], [139.24960327148403, 36.95579910278319], [139.248901367188, 36.96086502075204], [139.251403808594, 36.96340179443364], [139.248306274414, 36.96673202514653], [139.24809265136702, 36.970466613769496], [139.251007080078, 36.97246551513668], [139.252395629883, 36.97506713867186], [139.24740600585903, 36.98099899291993], [139.251907348633, 36.98353576660162], [139.25509643554702, 36.98953247070308], [139.25129699707003, 37.00320053100594], [139.24679565429702, 37.009201049804666], [139.24430847168, 37.01459884643549], [139.24679565429702, 37.021068572997976], [139.24850463867202, 37.02753448486328], [139.24870300293, 37.030735015869105], [139.253204345703, 37.03419876098632], [139.25300598144503, 37.03939819335941], [139.25880432128903, 37.04286575317381], [139.26010131835903, 37.04713439941411], [139.258499145508, 37.04846572875981], [139.25639343261693, 37.0571327209473], [139.25390625000003, 37.06293106079103], [139.24679565429702, 37.07206726074219], [139.24679565429702, 37.07446670532228], [139.24900817871102, 37.0796012878418], [139.24679565429702, 37.08226776123046], [139.24169921875003, 37.08653259277341], [139.239501953125, 37.08926773071292], [139.24040222168, 37.09260177612298], [139.23680114746102, 37.09993362426759], [139.236099243164, 37.11619949340818], [139.243606567383, 37.127799987793004], [139.24679565429702, 37.14699935913092], [139.247497558594, 37.147666931152315], [139.24989318847702, 37.15613555908199], [139.25279235839804, 37.15973281860354], [139.250503540039, 37.1634674072266], [139.25340270996102, 37.164798736572294], [139.24679565429702, 37.166332244873], [139.24679565429702, 37.1678009033203], [139.24729919433602, 37.169868469238324], [139.24679565429702, 37.17006683349614], [139.24369812011702, 37.17020034790039], [139.24389648437503, 37.17453384399409], [139.24479675293, 37.177398681640575], [139.24430847168, 37.180599212646484], [139.24169921875003, 37.18360137939449], [139.24130249023403, 37.18613433837891], [139.237899780273, 37.18799972534176], [139.23109436035202, 37.194133758544915], [139.225997924805, 37.198066711425795], [139.22660827636702, 37.202865600585895], [139.222503662109, 37.20446777343753], [139.221206665039, 37.208999633789134], [139.21789550781298, 37.20966720581053], [139.213897705078, 37.20173263549801], [139.206405639648, 37.19519805908204], [139.196594238281, 37.1941986083984], [139.19670104980497, 37.194400787353494], [139.194900512695, 37.20313262939447], [139.18890380859398, 37.20926666259771], [139.18490600585898, 37.21459960937496], [139.17919921874997, 37.219932556152294], [139.167297363281, 37.231998443603516], [139.16479492187497, 37.23799896240234], [139.169998168945, 37.24826812744137], [139.173400878906, 37.25320053100589], [139.17469787597696, 37.25653457641604], [139.17799377441398, 37.25746536254883], [139.19079589843798, 37.26926803588874], [139.19270324707, 37.27259826660163], [139.195602416992, 37.27473449707032], [139.204895019531, 37.28319931030272], [139.211898803711, 37.285999298095724], [139.216903686523, 37.30366516113276], [139.21650695800798, 37.307399749755916], [139.216796875, 37.310066223144496], [139.22419738769503, 37.31966781616213], [139.222503662109, 37.32273483276371], [139.219802856445, 37.330333709716804], [139.217803955078, 37.334266662597685], [139.22149658203102, 37.336532592773445], [139.22770690918, 37.34293365478518], [139.233596801758, 37.343868255615234], [139.233795166016, 37.35660171508794], [139.23710632324202, 37.368000030517585], [139.236602783203, 37.37659835815432], [139.23199462890602, 37.38013458251947], [139.231704711914, 37.38773345947274], [139.22760009765602, 37.388801574707045], [139.22790527343798, 37.39053344726557], [139.223602294922, 37.393001556396506], [139.215896606445, 37.39160156249996], [139.20979309082, 37.39459991455078], [139.204803466797, 37.40626525878909], [139.19720458984398, 37.41093444824221], [139.198104858398, 37.41226577758791], [139.20829772949202, 37.416866302490185], [139.20730590820298, 37.419868469238274], [139.20739746093798, 37.42779922485352], [139.213607788086, 37.4371337890625], [139.216094970703, 37.44300079345699], [139.221298217773, 37.445999145507805], [139.223098754883, 37.449001312255895], [139.227294921875, 37.44746780395511], [139.234893798828, 37.44499969482417], [139.24679565429702, 37.449268341064474], [139.252395629883, 37.45253372192378], [139.25469970703102, 37.452068328857386], [139.25810241699202, 37.447200775146534], [139.27040100097702, 37.45053100585942], [139.27799987793003, 37.45313262939451], [139.28129577636696, 37.4503326416016], [139.28520202636696, 37.45106506347657], [139.30540466308597, 37.45906448364257], [139.31080627441403, 37.45593261718751], [139.31509399414097, 37.458801269531264], [139.32609558105497, 37.46253204345697], [139.32649230956997, 37.461334228515604], [139.33299255371097, 37.458400726318445], [139.345794677734, 37.46046447753912], [139.35150146484398, 37.46793365478524], [139.35319519042997, 37.46753311157233], [139.36230468749997, 37.47006607055658], [139.36779785156298, 37.466934204101605], [139.371795654297, 37.46513366699224], [139.379699707031, 37.463333129882784], [139.386901855469, 37.463134765624964], [139.397598266602, 37.46006774902339], [139.406204223633, 37.46599960327154], [139.404800415039, 37.468200683593814], [139.404693603516, 37.47333145141597], [139.409805297852, 37.48346710205077], [139.407897949219, 37.486133575439524], [139.407897949219, 37.492134094238345], [139.413696289063, 37.49673461914062], [139.41070556640602, 37.50320053100592], [139.414306640625, 37.50953292846681], [139.42320251464804, 37.511665344238324], [139.42520141601602, 37.51126480102542], [139.42730712890602, 37.51133346557617], [139.42849731445304, 37.51440048217766], [139.437698364258, 37.51386642456051], [139.44369506835903, 37.51520156860348], [139.45680236816403, 37.518131256103544], [139.45800781250003, 37.51720046997066], [139.46209716796903, 37.5140686035156], [139.46519470214795, 37.51033401489263], [139.47030639648403, 37.50680160522457], [139.47540283203097, 37.50313186645508], [139.47799682617196, 37.50320053100592], [139.47929382324196, 37.50433349609381], [139.48480224609403, 37.50966644287114], [139.49679565429696, 37.51279830932621], [139.50070190429696, 37.512199401855476], [139.50369262695298, 37.510398864746115], [139.50770568847696, 37.51073455810553], [139.51370239257798, 37.50886535644533], [139.52119445800798, 37.51440048217766], [139.52749633789097, 37.51326751708978], [139.534896850586, 37.51213455200199], [139.543106079102, 37.51226806640632], [139.54670715332, 37.509468078613324], [139.555892944336, 37.505332946777266], [139.562698364258, 37.50320053100592], [139.564300537109, 37.502265930175774], [139.567993164063, 37.50320053100592], [139.585205078125, 37.51306533813478], [139.58509826660202, 37.51340103149411], [139.58799743652304, 37.52246856689451], [139.59089660644503, 37.525333404541], [139.590606689453, 37.527999877929666], [139.585601806641, 37.528198242187486], [139.580596923828, 37.52980041503912], [139.577499389648, 37.53273391723628], [139.571105957031, 37.53866577148443], [139.571502685547, 37.5424003601074], [139.566101074219, 37.54606628417971], [139.56939697265602, 37.55006790161134], [139.567794799805, 37.56106567382808], [139.571395874023, 37.56813430786129], [139.571105957031, 37.572399139404325], [139.571304321289, 37.57693099975594], [139.567306518555, 37.58179855346679], [139.567306518555, 37.58440017700197], [139.56559753418, 37.586532592773395], [139.564804077148, 37.58919906616207], [139.56510925293, 37.59759902954098], [139.560806274414, 37.60126495361328], [139.554595947266, 37.60260009765634], [139.548797607422, 37.611331939697315], [139.54870605468798, 37.61273193359377], [139.55009460449202, 37.615665435791016], [139.55220031738298, 37.61853408813477], [139.550201416016, 37.619598388671896], [139.546798706055, 37.62793350219732], [139.54949951171898, 37.635799407959], [139.554702758789, 37.64186859130857], [139.549407958984, 37.648799896240185], [139.552307128906, 37.65039825439446], [139.563095092773, 37.65399932861328], [139.56689453125, 37.653934478759794], [139.56970214843798, 37.654132843017614], [139.582504272461, 37.66153335571289], [139.58859252929702, 37.66740036010738], [139.59049987793, 37.66773223876953], [139.59359741210903, 37.66546630859377], [139.60099792480503, 37.66986846923832], [139.60409545898403, 37.67353439331053], [139.605102539063, 37.67866516113278], [139.607208251953, 37.68166732788087], [139.61500549316403, 37.687534332275355], [139.62179565429693, 37.689201354980476], [139.62730407714804, 37.68853378295899], [139.62719726562503, 37.693267822265604], [139.62179565429693, 37.70006561279297], [139.62179565429693, 37.70180130004876], [139.62269592285202, 37.70213317871091], [139.62429809570304, 37.709800720214766], [139.63240051269494, 37.71626663208007], [139.63160705566403, 37.719333648681555], [139.63780212402304, 37.72133255004883], [139.64280700683602, 37.72746658325198], [139.64970397949196, 37.73013305664056], [139.65400695800804, 37.738864898681626], [139.65829467773398, 37.743934631347656], [139.65800476074196, 37.753200531005874], [139.65789794921903, 37.75473403930658], [139.66590881347696, 37.75693130493158], [139.66850280761696, 37.76233291625976], [139.67539978027298, 37.76879882812498], [139.68049621581997, 37.77513122558586], [139.69430541992196, 37.78419876098626], [139.70460510253898, 37.79546737670902], [139.712799072266, 37.79899978637699], [139.72099304199202, 37.80839920043954], [139.72839355468798, 37.812599182128906], [139.733596801758, 37.81446456909176], [139.74150085449202, 37.817932128906335], [139.73689270019503, 37.82686614990231], [139.730895996094, 37.83066558837886], [139.724594116211, 37.83653259277344], [139.72380065918, 37.83706665039059], [139.71699523925798, 37.84640121459956], [139.71569824218798, 37.85166549682623], [139.711395263672, 37.8545341491699], [139.698303222656, 37.848934173583984], [139.69070434570298, 37.84806823730468], [139.68209838867196, 37.84706497192378], [139.68110656738304, 37.84719848632811], [139.69009399414097, 37.84813308715817], [139.69799804687497, 37.84993362426762], [139.707504272461, 37.85620117187502], [139.716400146484, 37.85380172729493], [139.717697143555, 37.84673309326171], [139.72039794921898, 37.84299850463874], [139.72529602050798, 37.83653259277344], [139.731094360352, 37.83106613159177], [139.731796264648, 37.83106613159177], [139.73750305175798, 37.82706451416022], [139.738693237305, 37.82479858398437], [139.742202758789, 37.820732116699155], [139.74679565429702, 37.82099914550782], [139.757202148438, 37.823532104492244], [139.76539611816403, 37.82740020751946], [139.77220153808602, 37.829799652099645], [139.78359985351602, 37.831867218017585], [139.78909301757804, 37.824333190917976], [139.79570007324196, 37.81753158569342], [139.803100585938, 37.81480026245118], [139.80549621581997, 37.80553436279296], [139.81019592285193, 37.80346679687502], [139.81399536132804, 37.80546569824221], [139.82470703125003, 37.81359863281254], [139.82699584960898, 37.812332153320334], [139.83349609374997, 37.81586837768548], [139.83839416503898, 37.814998626709], [139.84779357910196, 37.82099914550782], [139.85850524902298, 37.82699966430664], [139.86830139160196, 37.821666717529304], [139.871795654297, 37.81806564331049], [139.87420654296898, 37.81673431396479], [139.876693725586, 37.81733322143552], [139.877197265625, 37.81253433227542], [139.88049316406298, 37.81033325195306], [139.885894775391, 37.80986404418948], [139.891098022461, 37.81066513061521], [139.899795532227, 37.811199188232365], [139.907196044922, 37.8154640197754], [139.914901733398, 37.81420135498054], [139.92559814453102, 37.813934326171875], [139.928405761719, 37.821865081787124], [139.930297851563, 37.823333740234425], [139.92919921875, 37.82613372802734], [139.928405761719, 37.827865600585945], [139.93260192871102, 37.829933166503885], [139.93739318847702, 37.82846832275394], [139.94259643554702, 37.821331024169886], [139.95339965820304, 37.81593322753906], [139.95849609375003, 37.814132690429695], [139.96220397949202, 37.80353164672851], [139.95989990234403, 37.79700088500981], [139.966506958008, 37.79113388061523], [139.96900939941403, 37.78766632080083], [139.96820068359403, 37.78319931030271], [139.97470092773403, 37.77600097656252], [139.97889709472702, 37.772998809814524], [139.97819519043003, 37.76646423339837], [139.98429870605503, 37.763000488281335], [139.98950195312503, 37.76026535034182], [139.99270629882804, 37.75893402099612], [139.99679565429696, 37.76073455810548], [139.99949645996097, 37.76113128662112], [140, 37.76088333129881], [140.00230407714795, 37.75973129272458], [140.01080322265597, 37.763599395751974], [140.01409912109395, 37.76253128051758], [140.02000427246097, 37.76259994506842], [140.02459716796898, 37.766399383544886], [140.031799316406, 37.76906585693364], [140.03540039062497, 37.76760101318361], [140.044998168945, 37.77446746826173], [140.049392700195, 37.77926635742192], [140.052703857422, 37.77886581420901], [140.05389404296898, 37.77280044555661], [140.05389404296898, 37.77099990844734], [140.060302734375, 37.770668029785185], [140.066192626953, 37.765865325927734], [140.069198608398, 37.758132934570305], [140.080902099609, 37.75659942626952], [140.086898803711, 37.75820159912106], [140.09049987793, 37.753200531005874], [140.096298217773, 37.74673461914057], [140.09989929199202, 37.74053192138666], [140.104202270508, 37.73753356933593], [140.10789489746102, 37.73813247680657], [140.11750793457003, 37.734600067138686], [140.12179565429702, 37.73433303833011], [140.12840270996102, 37.73500061035159], [140.13519287109403, 37.738933563232386], [140.14059448242193, 37.738933563232386], [140.14709472656304, 37.75279998779297], [140.151000976563, 37.753200531005874], [140.16699218749997, 37.75733184814449], [140.17199707031304, 37.75613403320312], [140.18319702148398, 37.75553131103521], [140.19610595703097, 37.75339889526369], [140.19709777831997, 37.753200531005874], [140.20030212402298, 37.752132415771484], [140.20570373535196, 37.74806594848627], [140.21009826660196, 37.74860000610351], [140.21769714355497, 37.74720001220697], [140.22129821777298, 37.74613189697266], [140.2373046875, 37.74673461914057], [140.240203857422, 37.753200531005874], [140.246795654297, 37.759799957275426], [140.255401611328, 37.76620101928707], [140.257598876953, 37.7700004577637], [140.263702392578, 37.77446746826173], [140.266494750977, 37.779399871826165], [140.277099609375, 37.782733917236314], [140.277496337891, 37.78593444824222], [140.278106689453, 37.78806686401374], [140.282806396484, 37.79353332519532], [140.28350830078102, 37.79899978637699], [140.28990173339804, 37.80126571655266], [140.29660034179702, 37.80619812011718], [140.29879760742202, 37.80899810791018], [140.29350280761702, 37.81240081787109], [140.29130554199202, 37.81539916992191], [140.287109375, 37.81480026245118], [140.276794433594, 37.82139968872073], [140.27520751953102, 37.821331024169886], [140.269195556641, 37.825000762939545], [140.2626953125, 37.8355331420898], [140.26350402832, 37.83653259277344], [140.264999389648, 37.839401245117195], [140.26249694824202, 37.841266632080135], [140.26739501953102, 37.84806823730468], [140.265899658203, 37.855400085449205], [140.267105102539, 37.85806655883787], [140.266006469727, 37.86280059814448], [140.27009582519503, 37.867198944091754], [140.26959228515602, 37.874134063720724], [140.26519775390602, 37.8811340332031], [140.26530456543, 37.88646697998052], [140.267501831055, 37.88739776611331], [140.267303466797, 37.88933181762701], [140.270294189453, 37.89153289794919], [140.264999389648, 37.90646743774408], [140.266006469727, 37.913066864013715], [140.267303466797, 37.917865753173814], [140.272003173828, 37.919864654540994], [140.276794433594, 37.92733383178712], [140.27609252929702, 37.92873382568357], [140.278594970703, 37.93186569213873], [140.27960205078102, 37.93993377685549], [140.28109741210903, 37.94179916381843], [140.275497436523, 37.94760131835943], [140.278106689453, 37.953132629394496], [140.275299072266, 37.95719909667971], [140.273406982422, 37.957065582275376], [140.272399902344, 37.9688682556152], [140.27839660644503, 37.976264953613295], [140.28010559082003, 37.97686767578129]]]}}, {"type": "Feature", "properties": {"code": "17", "name": "石川県"}, "geometry": {"type": "MultiPolygon", "coordinates": [[[[137.0857, 37.4663], [137.0936, 37.4791], [137.1218, 37.4913], [137.2077, 37.5061], [137.2768, 37.5335], [137.282, 37.5273], [137.3275, 37.5296], [137.3291, 37.5195], [137.3449, 37.5157], [137.351, 37.5032], [137.3397, 37.4867], [137.3605, 37.4518], [137.3404, 37.4411], [137.3107, 37.4367], [137.2898, 37.4426], [137.2568, 37.4318], [137.2374, 37.3895], [137.2388, 37.3735], [137.252, 37.3531], [137.2672, 37.3561], [137.2525, 37.3407], [137.2676, 37.3365], [137.2468, 37.3075], [137.2401, 37.3034], [137.2315, 37.3111], [137.2361, 37.3023], [137.2284, 37.3009], [137.2344, 37.298], [137.1587, 37.3], [137.1509, 37.3069], [137.1529, 37.2953], [137.1443, 37.2992], [137.0989, 37.2791], [137.094, 37.2571], [137.0667, 37.2286], [137.0688, 37.2181], [137.0573, 37.2089], [137.0254, 37.2049], [137.0335, 37.1957], [137.0105, 37.1835], [136.9818, 37.2054], [136.9701, 37.2017], [136.9576, 37.2086], [136.9524, 37.2204], [136.946, 37.2163], [136.9639, 37.2354], [136.9442, 37.2323], [136.9433, 37.2247], [136.9249, 37.2335], [136.9319, 37.2207], [136.9159, 37.2275], [136.9064, 37.2179], [136.9225, 37.2148], [136.9261, 37.1992], [136.9245, 37.2055], [136.9071, 37.2035], [136.9117, 37.1934], [136.8728, 37.1447], [136.8794, 37.1356], [136.8852, 37.1437], [136.8996, 37.1375], [136.8927, 37.1113], [136.8734, 37.1143], [136.859, 37.1063], [136.8713, 37.0865], [136.8585, 37.0727], [136.8877, 37.0686], [136.9058, 37.0773], [136.911, 37.0908], [136.9355, 37.0865], [136.9436, 37.0838], [136.9363, 37.0793], [136.94, 37.0681], [136.9623, 37.0675], [136.9555, 37.0573], [136.9709, 37.0477], [137.0041, 37.0574], [137.0136, 37.0907], [137.0299, 37.1071], [137.0574, 37.1081], [137.0493, 37.0989], [137.0466, 37.0391], [137.0565, 36.9681], [137.0516, 36.9595], [137.0373, 36.9673], [137.004, 36.9617], [136.9858, 36.9667], [136.9725, 36.9446], [136.9534, 36.9563], [136.9307, 36.9506], [136.9142, 36.9305], [136.8954, 36.9249], [136.8793, 36.9068], [136.8813, 36.8752], [136.8621, 36.8605], [136.8668, 36.8509], [136.8562, 36.8401], [136.8592, 36.8284], [136.8487, 36.8124], [136.8537, 36.7943], [136.843, 36.7819], [136.8522, 36.7697], [136.8473, 36.7578], [136.8193, 36.7307], [136.7961, 36.7299], [136.7891, 36.7185], [136.8151, 36.6999], [136.8108, 36.6852], [136.821, 36.6827], [136.8235, 36.6699], [136.7988, 36.6358], [136.7858, 36.6297], [136.7836, 36.6147], [136.7944, 36.5865], [136.7918, 36.569], [136.8011, 36.5696], [136.8169, 36.5521], [136.7947, 36.5081], [136.8023, 36.4903], [136.7975, 36.4612], [136.788, 36.4529], [136.7964, 36.4445], [136.7688, 36.4234], [136.7703, 36.4145], [136.7953, 36.3999], [136.8073, 36.3585], [136.7841, 36.3422], [136.7921, 36.2991], [136.8145, 36.2663], [136.8326, 36.2661], [136.8515, 36.2484], [136.8199, 36.2084], [136.822, 36.2012], [136.8022, 36.1877], [136.7984, 36.1728], [136.7657, 36.1611], [136.7788, 36.1336], [136.7542, 36.0865], [136.6745, 36.0677], [136.6582, 36.0697], [136.6514, 36.0913], [136.6172, 36.1067], [136.603, 36.1278], [136.5516, 36.155], [136.5068, 36.1467], [136.4894, 36.159], [136.4642, 36.1383], [136.4401, 36.1374], [136.416, 36.1557], [136.4092, 36.1719], [136.3595, 36.1655], [136.344, 36.1729], [136.329, 36.2021], [136.3318, 36.2293], [136.3191, 36.2337], [136.3002, 36.2584], [136.2661, 36.2657], [136.2578, 36.2889], [136.2437, 36.2956], [136.2708, 36.3155], [136.2993, 36.3519], [136.3479, 36.3671], [136.4158, 36.4199], [136.5745, 36.5865], [136.6691, 36.7013], [136.7522, 36.8493], [136.7667, 36.9021], [136.7652, 36.9199], [136.7487, 36.9309], [136.7682, 36.9639], [136.7674, 37.0016], [136.7434, 37.0123], [136.7461, 37.0301], [136.7226, 37.0557], [136.718, 37.0781], [136.7294, 37.0983], [136.727, 37.1339], [136.7099, 37.1492], [136.6845, 37.1359], [136.6701, 37.1491], [136.68, 37.2064], [136.7004, 37.2231], [136.7, 37.2423], [136.7212, 37.2569], [136.7349, 37.2862], [136.7249, 37.2939], [136.7249, 37.3275], [136.737, 37.3365], [136.7378, 37.348], [136.7511, 37.3449], [136.756, 37.3643], [136.8006, 37.376], [136.8425, 37.4004], [136.8971, 37.4069], [136.9032, 37.3979], [136.9243, 37.3953], [137.0291, 37.433], [137.0458, 37.4503], [137.0708, 37.4548], [137.0857, 37.4663]]], [[[136.9464, 37.0915], [136.938, 37.1161], [136.9069, 37.1334], [136.9013, 37.152], [136.9104, 37.1549], [136.9262, 37.1447], [136.9242, 37.1309], [136.9408, 37.1464], [136.9485, 37.139], [136.9625, 37.1464], [136.9757, 37.1403], [136.967, 37.1551], [137.0068, 37.1363], [137.0081, 37.1425], [137.023, 37.1441], [137.0355, 37.168], [137.0539, 37.1497], [137.0408, 37.1397], [137.0498, 37.1234], [137.0402, 37.1175], [137.0225, 37.1115], [136.9968, 37.1197], [136.9758, 37.0977], [136.9652, 37.1048], [136.9464, 37.0915]]]]}}, {"type": "Feature", "properties": {"code": "18", "name": "福井県"}, "geometry": {"type": "MultiPolygon", "coordinates": [[[[136.2437, 36.2956], [136.2578, 36.2889], [136.2661, 36.2657], [136.3002, 36.2584], [136.3191, 36.2337], [136.3318, 36.2293], [136.3281, 36.2077], [136.3357, 36.1846], [136.3595, 36.1655], [136.4092, 36.1719], [136.4123, 36.1599], [136.4317, 36.1435], [136.4565, 36.1364], [136.4894, 36.159], [136.5068, 36.1467], [136.5516, 36.155], [136.603, 36.1278], [136.6172, 36.1067], [136.6514, 36.0913], [136.6637, 36.0676], [136.754, 36.0864], [136.7638, 36.0677], [136.733, 36.0493], [136.7264, 35.9959], [136.7507, 35.9904], [136.7535, 35.9563], [136.7915, 35.9467], [136.7844, 35.9244], [136.8116, 35.9125], [136.8221, 35.8962], [136.8284, 35.8489], [136.8026, 35.8439], [136.7891, 35.7995], [136.775, 35.7993], [136.7645, 35.8103], [136.7414, 35.8013], [136.7233, 35.8082], [136.7102, 35.7929], [136.6769, 35.793], [136.66, 35.7835], [136.6449, 35.8069], [136.6218, 35.7869], [136.5996, 35.7986], [136.5709, 35.7776], [136.5233, 35.7883], [136.5057, 35.7504], [136.4854, 35.776], [136.4331, 35.7747], [136.3775, 35.7952], [136.3467, 35.7769], [136.3283, 35.7751], [136.3189, 35.7491], [136.3236, 35.7169], [136.2916, 35.6908], [136.2986, 35.6777], [136.2806, 35.6587], [136.232, 35.6826], [136.2127, 35.6822], [136.185, 35.7037], [136.15, 35.6978], [136.1342, 35.6699], [136.1477, 35.6625], [136.1767, 35.5961], [136.1668, 35.5835], [136.1685, 35.5655], [136.1133, 35.5829], [136.1051, 35.5288], [136.0831, 35.5404], [136.0699, 35.5266], [136.0491, 35.5346], [136.0261, 35.5296], [136.0059, 35.4916], [135.9815, 35.4868], [135.9398, 35.5204], [135.9164, 35.4696], [135.9131, 35.4314], [135.8927, 35.4199], [135.8904, 35.4038], [135.8616, 35.3951], [135.8528, 35.4115], [135.8151, 35.4131], [135.8071, 35.3853], [135.7905, 35.3867], [135.7684, 35.3561], [135.7185, 35.3553], [135.7007, 35.3437], [135.6419, 35.3668], [135.5285, 35.3797], [135.5253, 35.4207], [135.4958, 35.4251], [135.4968, 35.4377], [135.4591, 35.4675], [135.4754, 35.4891], [135.4743, 35.507], [135.449, 35.5235], [135.4646, 35.5509], [135.4865, 35.558], [135.4685, 35.5299], [135.4832, 35.5339], [135.4801, 35.5223], [135.4897, 35.5303], [135.5012, 35.5238], [135.5091, 35.5347], [135.4955, 35.5409], [135.4999, 35.554], [135.5177, 35.5499], [135.5082, 35.5032], [135.5342, 35.4889], [135.5514, 35.4971], [135.5584, 35.4903], [135.5756, 35.4932], [135.619, 35.5199], [135.631, 35.5375], [135.6609, 35.5476], [135.659, 35.5361], [135.6689, 35.5252], [135.657, 35.5313], [135.6282, 35.5219], [135.6408, 35.5197], [135.6419, 35.5081], [135.6264, 35.4892], [135.5937, 35.4947], [135.5807, 35.4899], [135.6317, 35.4785], [135.6527, 35.4785], [135.6622, 35.4938], [135.675, 35.4876], [135.7, 35.4935], [135.7181, 35.4843], [135.72, 35.4919], [135.7444, 35.4995], [135.7506, 35.5302], [135.7639, 35.5361], [135.7363, 35.5351], [135.7348, 35.5271], [135.7183, 35.5202], [135.7169, 35.5401], [135.6888, 35.5496], [135.7132, 35.569], [135.7486, 35.5665], [135.7574, 35.543], [135.771, 35.5468], [135.7646, 35.5568], [135.7926, 35.5417], [135.7854, 35.5365], [135.7979, 35.5251], [135.8044, 35.533], [135.8135, 35.5294], [135.8123, 35.537], [135.8336, 35.5363], [135.8011, 35.5713], [135.8104, 35.5769], [135.8393, 35.5632], [135.8567, 35.5819], [135.8557, 35.5917], [135.8536, 35.603], [135.8405, 35.6081], [135.8323, 35.6031], [135.8268, 35.6103], [135.8384, 35.621], [135.824, 35.6242], [135.8233, 35.6316], [135.8326, 35.6302], [135.8223, 35.6375], [135.8152, 35.6325], [135.8143, 35.6423], [135.845, 35.6357], [135.8431, 35.6281], [135.8588, 35.6233], [135.8658, 35.6086], [135.8838, 35.6175], [135.8929, 35.6117], [135.8981, 35.6237], [135.9065, 35.6248], [135.9088, 35.6135], [135.9212, 35.6095], [135.9375, 35.6145], [135.9484, 35.6329], [135.9621, 35.6223], [135.9801, 35.6299], [135.9859, 35.6414], [135.9636, 35.6563], [135.9757, 35.696], [135.9709, 35.7118], [135.9625, 35.6999], [135.9555, 35.703], [135.9539, 35.7205], [136.0169, 35.7639], [136.0374, 35.7389], [136.0217, 35.7488], [136.0429, 35.7059], [136.0439, 35.6921], [136.0373, 35.6945], [136.025, 35.6806], [136.042, 35.6699], [136.0436, 35.6587], [136.0737, 35.6625], [136.0774, 35.6782], [136.0713, 35.6795], [136.0857, 35.6851], [136.079, 35.7047], [136.0911, 35.7101], [136.0973, 35.7241], [136.0963, 35.7357], [136.0861, 35.7383], [136.1011, 35.7532], [136.1, 35.7771], [136.0694, 35.8249], [135.9944, 35.8879], [135.9968, 35.9355], [135.9575, 35.9816], [135.9639, 35.9977], [136.0108, 36.0341], [136.0282, 36.0958], [136.0468, 36.1085], [136.0543, 36.1283], [136.095, 36.1568], [136.091, 36.1602], [136.1141, 36.1927], [136.1124, 36.2053], [136.1143, 36.1928], [136.1293, 36.1919], [136.1308, 36.2053], [136.1187, 36.2003], [136.1342, 36.2232], [136.1232, 36.2493], [136.1726, 36.2532], [136.2437, 36.2956]]]]}}, {"type": "Feature", "properties": {"code": "38", "name": "愛媛県"}, "geometry": {"type": "MultiPolygon", "coordinates": [[[[132.9591, 34.1911], [132.9477, 34.1945], [132.9511, 34.2035], [132.9423, 34.2089], [132.9558, 34.2239], [132.9648, 34.2194], [132.9641, 34.2273], [132.9878, 34.2233], [132.9933, 34.2439], [132.9863, 34.2475], [132.9943, 34.252], [132.9874, 34.2629], [132.964, 34.2634], [132.9898, 34.2753], [132.9801, 34.2844], [132.9835, 34.2906], [133.0105, 34.2993], [133.024, 34.2955], [133.0444, 34.2604], [133.0557, 34.2581], [133.0518, 34.2275], [133.058, 34.2201], [133.0323, 34.2085], [133.0022, 34.2097], [132.9591, 34.1911]]], [[[133.2055, 34.2386], [133.1986, 34.2681], [133.2282, 34.2922], [133.2363, 34.2775], [133.2088, 34.2587], [133.2186, 34.2495], [133.2055, 34.2386]]], [[[133.1784, 34.2561], [133.1668, 34.2725], [133.1696, 34.2852], [133.1865, 34.2687], [133.1784, 34.2561]]], [[[133.1327, 34.2409], [133.1326, 34.2657], [133.1514, 34.2806], [133.1652, 34.2565], [133.1327, 34.2409]]], [[[133.1807, 34.2269], [133.184, 34.2497], [133.1972, 34.2543], [133.1807, 34.2269]]], [[[132.9491, 34.2419], [132.9431, 34.2425], [132.9489, 34.2496], [132.9567, 34.2433], [132.9491, 34.2419]]], [[[133.1521, 34.2329], [133.1567, 34.2451], [133.1716, 34.2415], [133.1521, 34.2329]]], [[[133.1102, 34.191], [133.0958, 34.2047], [133.0827, 34.1931], [133.0705, 34.2095], [133.0568, 34.2083], [133.0665, 34.2187], [133.0587, 34.2264], [133.0627, 34.2341], [133.0771, 34.2297], [133.1066, 34.2414], [133.1066, 34.2211], [133.133, 34.2143], [133.1391, 34.2213], [133.1367, 34.2101], [133.1165, 34.2048], [133.1259, 34.1953], [133.1102, 34.191]]], [[[132.9329, 34.1829], [132.9172, 34.1885], [132.923, 34.2019], [132.9329, 34.1829]]], [[[133.2688, 34.1826], [133.2648, 34.1969], [133.2711, 34.1993], [133.276, 34.1851], [133.2688, 34.1826]]], [[[132.8811, 34.1748], [132.8619, 34.1941], [132.8906, 34.1923], [132.8934, 34.1857], [132.8846, 34.1848], [132.8811, 34.1748]]], [[[133.0343, 34.1077], [133.012, 34.1105], [133.0225, 34.1249], [133.0137, 34.1274], [133.0228, 34.1541], [133.0399, 34.1497], [133.0346, 34.1699], [133.0214, 34.1768], [133.0289, 34.1918], [133.0663, 34.1917], [133.0825, 34.1694], [133.1105, 34.1785], [133.1007, 34.1588], [133.0827, 34.1539], [133.0343, 34.1077]]], [[[133.0836, 34.182], [133.0873, 34.1941], [133.0937, 34.1909], [133.0836, 34.182]]], [[[133.3165, 34.1702], [133.3077, 34.1833], [133.3253, 34.1804], [133.3274, 34.1729], [133.3165, 34.1702]]], [[[133.0076, 34.1475], [132.989, 34.1541], [132.9968, 34.1589], [133.0093, 34.1531], [133.0076, 34.1475]]], [[[132.5306, 33.6375], [132.5809, 33.6521], [132.661, 33.7076], [132.6768, 33.7441], [132.7, 33.7614], [132.6929, 33.7847], [132.6996, 33.787], [132.6893, 33.7882], [132.6827, 33.8083], [132.6845, 33.8141], [132.6951, 33.8098], [132.6869, 33.8327], [132.7096, 33.8541], [132.7059, 33.8669], [132.718, 33.8649], [132.698, 33.8779], [132.7002, 33.8855], [132.7089, 33.9072], [132.73, 33.8997], [132.7527, 33.9093], [132.7737, 33.9883], [132.7648, 33.9981], [132.799, 34.01], [132.8534, 34.0449], [132.8645, 34.0595], [132.921, 34.0663], [132.9185, 34.0865], [132.9306, 34.0941], [132.9261, 34.1077], [132.8986, 34.1095], [132.8909, 34.1177], [132.9215, 34.1163], [132.9408, 34.142], [132.9685, 34.1073], [132.9768, 34.1165], [133.0062, 34.0657], [133.0202, 34.0639], [133.0235, 34.0506], [133.0313, 34.052], [133.0662, 33.9826], [133.0636, 33.9737], [133.0838, 33.9578], [133.0871, 33.9461], [133.0934, 33.9485], [133.0923, 33.9407], [133.1071, 33.9478], [133.1186, 33.9411], [133.1119, 33.9306], [133.1183, 33.9245], [133.1252, 33.9414], [133.1331, 33.9271], [133.1674, 33.9381], [133.1708, 33.9275], [133.1713, 33.9397], [133.1952, 33.9452], [133.2009, 33.9363], [133.1991, 33.9459], [133.2541, 33.9563], [133.2479, 33.9753], [133.255, 33.9806], [133.262, 33.9631], [133.2694, 33.9751], [133.2787, 33.9739], [133.2696, 33.9836], [133.3056, 33.9829], [133.3196, 33.9939], [133.3402, 33.9798], [133.3366, 33.9919], [133.356, 33.9789], [133.4102, 33.9907], [133.4884, 33.9692], [133.5127, 33.9701], [133.5436, 33.9866], [133.5513, 33.9947], [133.5408, 34.0032], [133.5551, 34.0009], [133.5531, 34.0099], [133.5596, 34.0071], [133.567, 34.0229], [133.5713, 34.0179], [133.5979, 34.0436], [133.6108, 34.0332], [133.6267, 34.0375], [133.6393, 34.0259], [133.6658, 34.0263], [133.6841, 34.0072], [133.6745, 33.9835], [133.6814, 33.9835], [133.6801, 33.9696], [133.6918, 33.962], [133.692, 33.9458], [133.6755, 33.9263], [133.6853, 33.9255], [133.6891, 33.9161], [133.6778, 33.9096], [133.6774, 33.8936], [133.6602, 33.8816], [133.6354, 33.8802], [133.6276, 33.8721], [133.5974, 33.8803], [133.5826, 33.8676], [133.5518, 33.8821], [133.5391, 33.8774], [133.5248, 33.8533], [133.5091, 33.8481], [133.5074, 33.8357], [133.4968, 33.8293], [133.4154, 33.8397], [133.3914, 33.8247], [133.3552, 33.8342], [133.3258, 33.8145], [133.2767, 33.8308], [133.2569, 33.7943], [133.2365, 33.7828], [133.2205, 33.7803], [133.2053, 33.7943], [133.1932, 33.7937], [133.1821, 33.7667], [133.1573, 33.7502], [133.1605, 33.7314], [133.1394, 33.7154], [133.1444, 33.7055], [133.1201, 33.6911], [133.1161, 33.6603], [133.0768, 33.6534], [133.0676, 33.6199], [133.079, 33.6086], [133.0553, 33.595], [133.046, 33.5754], [133.0612, 33.562], [133.063, 33.5435], [133.038, 33.5266], [133.0132, 33.4905], [133.0148, 33.4808], [132.9557, 33.4663], [132.8718, 33.4709], [132.8474, 33.4791], [132.8113, 33.4656], [132.8077, 33.4544], [132.825, 33.4462], [132.8244, 33.4236], [132.8335, 33.4199], [132.8357, 33.3995], [132.853, 33.3981], [132.8606, 33.3675], [132.8879, 33.3579], [132.9015, 33.3386], [132.8951, 33.3121], [132.7933, 33.2745], [132.7724, 33.2417], [132.775, 33.2062], [132.7409, 33.2007], [132.7278, 33.1699], [132.6955, 33.1383], [132.6869, 33.1349], [132.6338, 33.1783], [132.6349, 33.1863], [132.6189, 33.1809], [132.6142, 33.1693], [132.6307, 33.1501], [132.6289, 33.1323], [132.6627, 33.1089], [132.666, 33.0977], [132.6687, 33.0717], [132.657, 33.057], [132.6777, 33.033], [132.6773, 33.0092], [132.6908, 32.9739], [132.6809, 32.9645], [132.6838, 32.9495], [132.6518, 32.9391], [132.6546, 32.9249], [132.5977, 32.9126], [132.5856, 32.9346], [132.6015, 32.9468], [132.5771, 32.9382], [132.5727, 32.946], [132.5481, 32.9453], [132.5679, 32.9294], [132.5399, 32.9353], [132.5373, 32.9469], [132.5139, 32.9499], [132.5045, 32.9411], [132.5265, 32.9327], [132.4968, 32.9173], [132.5267, 32.9199], [132.5265, 32.9148], [132.5165, 32.904], [132.4968, 32.9046], [132.4912, 32.8981], [132.4721, 32.9067], [132.4772, 32.9209], [132.4598, 32.938], [132.49, 32.9398], [132.5023, 32.9557], [132.4701, 32.9698], [132.4841, 32.9724], [132.484, 32.9803], [132.4968, 32.9875], [132.4939, 32.9829], [132.5045, 32.9795], [132.4959, 32.9762], [132.5024, 32.9728], [132.4943, 32.9639], [132.5534, 32.9602], [132.5369, 32.9735], [132.5116, 32.9768], [132.4945, 33.0178], [132.4848, 33.0101], [132.4813, 33.0491], [132.47, 33.0395], [132.4704, 33.0488], [132.4498, 33.0483], [132.4513, 33.035], [132.4385, 33.0505], [132.4299, 33.0453], [132.4285, 33.0527], [132.4086, 33.0559], [132.4113, 33.0387], [132.4034, 33.0346], [132.411, 33.0273], [132.4008, 33.0277], [132.395, 33.0131], [132.3777, 33.0227], [132.3947, 33.0275], [132.4028, 33.0439], [132.3967, 33.0562], [132.414, 33.0724], [132.4122, 33.0631], [132.4244, 33.0671], [132.4317, 33.0531], [132.4461, 33.0655], [132.4478, 33.0559], [132.4781, 33.0647], [132.4827, 33.0561], [132.4881, 33.0651], [132.4779, 33.084], [132.4721, 33.0703], [132.461, 33.0758], [132.4698, 33.0812], [132.462, 33.0931], [132.4802, 33.0982], [132.47, 33.099], [132.4743, 33.1069], [132.4665, 33.1176], [132.4461, 33.1241], [132.4682, 33.1265], [132.4694, 33.1148], [132.4831, 33.1244], [132.4976, 33.1203], [132.5013, 33.1304], [132.4771, 33.1413], [132.4741, 33.1348], [132.4525, 33.1422], [132.4517, 33.1321], [132.4407, 33.1377], [132.443, 33.1471], [132.4241, 33.1559], [132.4319, 33.1533], [132.431, 33.1695], [132.4641, 33.1711], [132.4468, 33.1841], [132.4466, 33.1927], [132.439, 33.1851], [132.4212, 33.2085], [132.4055, 33.2051], [132.42, 33.2141], [132.4461, 33.2005], [132.4577, 33.2107], [132.4599, 33.182], [132.4701, 33.1761], [132.481, 33.1857], [132.478, 33.1758], [132.4838, 33.1759], [132.4764, 33.1699], [132.4847, 33.1645], [132.4954, 33.1713], [132.4923, 33.1837], [132.5026, 33.1803], [132.5005, 33.1699], [132.5146, 33.1707], [132.5076, 33.1941], [132.4893, 33.1959], [132.5041, 33.1959], [132.4991, 33.2035], [132.5112, 33.2131], [132.5432, 33.2134], [132.5407, 33.2267], [132.5595, 33.2221], [132.5508, 33.2249], [132.558, 33.2255], [132.5504, 33.2267], [132.5529, 33.2366], [132.5389, 33.2351], [132.5199, 33.2481], [132.539, 33.2572], [132.5421, 33.2706], [132.5091, 33.2591], [132.5019, 33.2688], [132.4811, 33.2744], [132.476, 33.2685], [132.4831, 33.2657], [132.4683, 33.2552], [132.4821, 33.2889], [132.5064, 33.3053], [132.5258, 33.3055], [132.5226, 33.3149], [132.5115, 33.3187], [132.4977, 33.3117], [132.4921, 33.3255], [132.49, 33.316], [132.4669, 33.3188], [132.4689, 33.3137], [132.4518, 33.3088], [132.4312, 33.3198], [132.4173, 33.3033], [132.3923, 33.3194], [132.3711, 33.3181], [132.3756, 33.3365], [132.3848, 33.3432], [132.3904, 33.3388], [132.3915, 33.3472], [132.4104, 33.3434], [132.4082, 33.3527], [132.4193, 33.3565], [132.4061, 33.3596], [132.4188, 33.3825], [132.4107, 33.3843], [132.4036, 33.3714], [132.3832, 33.3617], [132.3882, 33.3718], [132.378, 33.3846], [132.3956, 33.3988], [132.3892, 33.4041], [132.3924, 33.4135], [132.3795, 33.4161], [132.3966, 33.4298], [132.4051, 33.4237], [132.4149, 33.4439], [132.3823, 33.4419], [132.4069, 33.4465], [132.4193, 33.4624], [132.3865, 33.4596], [132.3907, 33.4688], [132.3995, 33.4654], [132.4005, 33.4734], [132.3906, 33.4765], [132.3736, 33.4603], [132.353, 33.488], [132.3413, 33.4846], [132.3492, 33.4725], [132.323, 33.4726], [132.3164, 33.4515], [132.299, 33.4745], [132.2798, 33.4469], [132.2555, 33.4412], [132.2375, 33.4262], [132.1832, 33.4123], [132.1536, 33.3904], [132.1522, 33.3736], [132.1025, 33.3619], [132.1033, 33.3734], [132.1164, 33.3723], [132.1111, 33.3773], [132.1197, 33.3865], [132.0954, 33.3872], [132.0468, 33.3653], [132.0504, 33.3576], [132.0393, 33.3516], [132.0119, 33.3442], [132.1203, 33.4199], [132.1329, 33.403], [132.1375, 33.4205], [132.1541, 33.4069], [132.1644, 33.4111], [132.1675, 33.4199], [132.1473, 33.4331], [132.1558, 33.4396], [132.175, 33.4274], [132.1735, 33.4468], [132.1967, 33.4437], [132.1984, 33.4556], [132.2233, 33.4445], [132.225, 33.4581], [132.2407, 33.4653], [132.2594, 33.4499], [132.265, 33.4665], [132.2579, 33.4735], [132.2767, 33.4729], [132.281, 33.4811], [132.3064, 33.487], [132.3882, 33.528], [132.4015, 33.5419], [132.4172, 33.5443], [132.4774, 33.6162], [132.5306, 33.6375]]], [[[133.1877, 34.1035], [133.1787, 34.1098], [133.1908, 34.1078], [133.1877, 34.1035]]], [[[133.0944, 34.0189], [133.0902, 34.0219], [133.0967, 34.0249], [133.0944, 34.0189]]], [[[132.6002, 33.9428], [132.578, 33.9692], [132.5885, 33.9703], [132.609, 33.9946], [132.6218, 33.9926], [132.644, 34.0098], [132.6444, 34.0181], [132.6514, 34.0142], [132.6402, 34.0032], [132.6435, 33.9791], [132.6294, 33.9745], [132.6388, 33.971], [132.6411, 33.9565], [132.6148, 33.957], [132.6002, 33.9428]]], [[[133.361, 33.9903], [133.3501, 33.9987], [133.3662, 34.0075], [133.3681, 33.9941], [133.361, 33.9903]]], [[[132.5408, 33.9613], [132.5334, 33.9683], [132.5396, 33.9734], [132.5342, 33.9886], [132.5648, 33.9939], [132.5408, 33.9613]]], [[[132.4933, 33.9648], [132.5032, 33.989], [132.5227, 33.9883], [132.4933, 33.9648]]], [[[132.6871, 33.9651], [132.6827, 33.9723], [132.689, 33.9778], [132.6977, 33.9659], [132.6871, 33.9651]]], [[[132.6567, 33.9512], [132.6488, 33.9597], [132.6601, 33.9749], [132.6719, 33.9693], [132.6741, 33.9517], [132.6657, 33.9571], [132.6567, 33.9512]]], [[[132.5288, 33.926], [132.5154, 33.9319], [132.5531, 33.9369], [132.5288, 33.926]]], [[[132.6689, 33.8705], [132.6616, 33.8765], [132.6675, 33.8974], [132.6524, 33.8992], [132.6593, 33.9106], [132.6761, 33.9103], [132.6809, 33.9217], [132.7007, 33.9271], [132.6902, 33.9144], [132.6927, 33.9047], [132.6731, 33.9007], [132.6798, 33.8811], [132.6891, 33.8764], [132.6689, 33.8705]]], [[[132.641, 33.8861], [132.6371, 33.8952], [132.6449, 33.8911], [132.641, 33.8861]]], [[[132.5306, 33.8443], [132.5151, 33.8525], [132.529, 33.8555], [132.5306, 33.8443]]], [[[132.3473, 33.4526], [132.3442, 33.4574], [132.3513, 33.4591], [132.3473, 33.4526]]], [[[132.3411, 33.3807], [132.3348, 33.3911], [132.3442, 33.3959], [132.3411, 33.3807]]], [[[132.3582, 33.3691], [132.3438, 33.3786], [132.3662, 33.3769], [132.3582, 33.3691]]], [[[132.5193, 33.2176], [132.507, 33.2297], [132.5164, 33.2404], [132.5339, 33.2263], [132.5193, 33.2176]]], [[[132.364, 33.2241], [132.3564, 33.2289], [132.3615, 33.2318], [132.364, 33.2241]]], [[[132.3628, 33.1879], [132.3522, 33.2043], [132.3403, 33.2063], [132.3646, 33.2076], [132.3746, 33.2205], [132.3822, 33.2093], [132.3606, 33.2025], [132.3628, 33.1879]]], [[[132.4012, 33.1848], [132.3885, 33.1985], [132.3938, 33.2058], [132.4175, 33.1957], [132.4012, 33.1848]]], [[[132.3691, 33.181], [132.366, 33.1869], [132.3741, 33.183], [132.3691, 33.181]]], [[[132.2891, 33.1628], [132.266, 33.1681], [132.2609, 33.1835], [132.2765, 33.1711], [132.2947, 33.1794], [132.2891, 33.1628]]], [[[132.3112, 33.1481], [132.2868, 33.1595], [132.3102, 33.1637], [132.3047, 33.153], [132.3144, 33.1523], [132.3112, 33.1481]]], [[[132.3179, 33.1017], [132.3192, 33.1077], [132.3364, 33.1063], [132.3179, 33.1017]]]]}}, {"type": "Feature", "properties": {"code": "29", "name": "奈良県"}, "geometry": {"type": "Polygon", "coordinates": [[[135.71159362792997, 34.78126525878908], [135.71670532226597, 34.77786636352544], [135.720993041992, 34.774398803710866], [135.72839355468798, 34.77786636352544], [135.731094360352, 34.76480102539058], [135.7333984375, 34.75466537475588], [135.736297607422, 34.75479888916021], [135.73620605468798, 34.75320053100594], [135.736297607422, 34.751667022705064], [135.736297607422, 34.749668121337876], [135.74679565429702, 34.7463989257813], [135.748794555664, 34.74153137207027], [135.756698608398, 34.73506546020514], [135.754501342773, 34.727931976318445], [135.75509643554702, 34.727466583252045], [135.75779724121102, 34.72800064086911], [135.764999389648, 34.72546768188477], [135.773803710938, 34.72506713867187], [135.774597167969, 34.724132537841804], [135.77789306640602, 34.72340011596683], [135.78390502929702, 34.724201202392564], [135.79280090332003, 34.724132537841804], [135.79660034179702, 34.72079849243156], [135.79949951171903, 34.722400665283196], [135.80340576171903, 34.721668243408224], [135.80619812011696, 34.71793365478516], [135.81179809570304, 34.71633148193362], [135.81069946289102, 34.71486663818359], [135.81059265136696, 34.714733123779254], [135.81620788574196, 34.71406555175777], [135.82080078125003, 34.71186828613277], [135.82659912109403, 34.71346664428713], [135.82929992675804, 34.712734222412074], [135.83230590820304, 34.71300125122074], [135.83909606933597, 34.71146774291986], [135.84390258789097, 34.7089996337891], [135.84880065917997, 34.70740127563482], [135.84860229492196, 34.70593261718752], [135.86180114746097, 34.706867218017585], [135.86389160156298, 34.706798553466825], [135.86380004882798, 34.70759963989264], [135.87020874023398, 34.711132049560526], [135.871795654297, 34.711399078369105], [135.87649536132798, 34.71360015869138], [135.87840270996097, 34.71239852905274], [135.881805419922, 34.71360015869138], [135.88600158691398, 34.712665557861314], [135.889999389648, 34.70866775512704], [135.895599365234, 34.72499847412111], [135.898193359375, 34.731468200683594], [135.901397705078, 34.73166656494141], [135.904403686523, 34.736534118652266], [135.913101196289, 34.747467041015604], [135.915603637695, 34.75320053100594], [135.919296264648, 34.75320053100594], [135.9208984375, 34.75320053100594], [135.92170715332, 34.75473403930664], [135.925399780273, 34.75753402709964], [135.928497314453, 34.75640106201167], [135.927993774414, 34.75339889526367], [135.928207397461, 34.75320053100594], [135.92340087890602, 34.743865966796875], [135.925399780273, 34.74026870727542], [135.932998657227, 34.737934112548814], [135.936904907227, 34.739933013915994], [135.942794799805, 34.7379989624023], [135.944702148438, 34.74173355102536], [135.955001831055, 34.74766540527342], [135.95880126953102, 34.740200042724574], [135.96319580078102, 34.74093246459963], [135.96630859375003, 34.74240112304693], [135.96949768066403, 34.74046707153324], [135.97270202636693, 34.74153137207027], [135.97540283203102, 34.74093246459963], [135.97930908203102, 34.73673248291018], [135.98069763183602, 34.73573303222663], [135.98320007324196, 34.733135223388715], [135.98489379882804, 34.727668762207045], [135.98590087890597, 34.715133666992166], [135.99150085449196, 34.714401245117195], [135.99259948730503, 34.712268829345675], [135.99679565429696, 34.71326828002931], [136.00019836425804, 34.71353149414062], [136.00550842285202, 34.71693420410162], [136.01109313964798, 34.71493530273443], [136.01319885253898, 34.71039962768547], [136.01399230956997, 34.70773315429689], [136.01939392089798, 34.708400726318374], [136.02850341796895, 34.7061996459961], [136.02899169921898, 34.71366882324222], [136.03340148925795, 34.71599960327147], [136.03579711914097, 34.71833419799798], [136.03950500488295, 34.72159957885738], [136.042694091797, 34.73606872558587], [136.05259704589798, 34.738399505615206], [136.05520629882798, 34.738399505615206], [136.062301635742, 34.728733062744084], [136.06379699707, 34.72613143920899], [136.067794799805, 34.72273254394526], [136.06730651855497, 34.71879959106447], [136.068099975586, 34.71739959716801], [136.06999206543, 34.71366882324222], [136.063201904297, 34.708465576171946], [136.053298950195, 34.70513534545898], [136.05459594726597, 34.702934265136705], [136.05780029296898, 34.70199966430664], [136.05999755859398, 34.69966888427731], [136.07170104980497, 34.69800186157227], [136.074691772461, 34.69760131835937], [136.080703735352, 34.6826019287109], [136.08230590820298, 34.68000030517581], [136.083099365234, 34.6787338256836], [136.08549499511702, 34.67626571655266], [136.081802368164, 34.66986846923829], [136.082107543945, 34.666000366210895], [136.077499389648, 34.662132263183594], [136.076705932617, 34.65900039672853], [136.069396972656, 34.65639877319344], [136.06350708007798, 34.652133941650405], [136.04330444335898, 34.66113281250004], [136.04029846191398, 34.663333892822315], [136.04019165039097, 34.659999847412074], [136.051895141602, 34.652133941650405], [136.058395385742, 34.652465820312464], [136.063293457031, 34.650665283203104], [136.06460571289097, 34.65133285522459], [136.07009887695298, 34.6407318115234], [136.072494506836, 34.63660049438479], [136.072006225586, 34.632865905761726], [136.070404052734, 34.62906646728518], [136.06910705566398, 34.62526702880863], [136.067398071289, 34.62173461914057], [136.062103271484, 34.619598388671875], [136.060607910156, 34.6160659790039], [136.05169677734398, 34.607532501220746], [136.04629516601597, 34.60020065307622], [136.050094604492, 34.59406661987298], [136.051498413086, 34.591865539550795], [136.04969787597696, 34.58706665039061], [136.04769897460898, 34.5871315002441], [136.04699707031298, 34.58653259277337], [136.04780578613298, 34.58333206176764], [136.04949951171898, 34.580066680908246], [136.05119323730497, 34.58053207397464], [136.05290222167997, 34.57826614379879], [136.05789184570298, 34.57699966430658], [136.06030273437497, 34.57279968261721], [136.061004638672, 34.569000244140575], [136.066192626953, 34.56726837158197], [136.073501586914, 34.566665649414055], [136.0791015625, 34.56320190429693], [136.08270263671898, 34.56040191650393], [136.08410644531298, 34.55926895141596], [136.089096069336, 34.558601379394474], [136.092803955078, 34.556865692138686], [136.096298217773, 34.55739974975593], [136.100204467773, 34.556400299072294], [136.101303100586, 34.556598663330114], [136.102203369141, 34.556201934814474], [136.105895996094, 34.557132720947266], [136.106796264648, 34.556400299072294], [136.11059570312503, 34.555934906005895], [136.114196777344, 34.54593276977544], [136.118591308594, 34.54713439941408], [136.12179565429702, 34.5481986999512], [136.12359619140602, 34.549064636230504], [136.13589477539102, 34.55813598632808], [136.138305664063, 34.560733795165994], [136.13989257812503, 34.55913162231454], [136.14799499511696, 34.55566787719732], [136.15109252929696, 34.55553436279299], [136.15179443359403, 34.55913162231454], [136.15559387206997, 34.55873489379881], [136.15600585937503, 34.55540084838874], [136.15769958496102, 34.55393218994144], [136.16020202636696, 34.54953384399408], [136.16149902343804, 34.548267364502045], [136.16009521484403, 34.5462646484375], [136.16819763183597, 34.53946685791022], [136.17149353027298, 34.5341339111328], [136.16830444335903, 34.5263977050781], [136.16709899902304, 34.52000045776373], [136.17810058593804, 34.51726531982421], [136.18209838867196, 34.51706695556639], [136.18989562988304, 34.523799896240185], [136.19729614257798, 34.524532318115156], [136.21159362792997, 34.52880096435546], [136.216293334961, 34.52806472778322], [136.21600341796898, 34.52280044555664], [136.21919250488298, 34.51279830932618], [136.21670532226597, 34.508399963378906], [136.21470642089798, 34.5032005310059], [136.21640014648398, 34.49873352050778], [136.22019958496097, 34.496398925781264], [136.22900390624997, 34.494064331054744], [136.22740173339798, 34.488666534423835], [136.21800231933597, 34.48400115966798], [136.21510314941398, 34.478065490722734], [136.21260070800798, 34.470932006835945], [136.20930480956997, 34.4658012390137], [136.20770263671898, 34.458065032959], [136.20590209960898, 34.44853210449221], [136.18800354003895, 34.45033264160157], [136.17759704589798, 34.4453315734863], [136.16569519043003, 34.44800186157232], [136.15769958496102, 34.44820022583014], [136.15179443359403, 34.44300079345696], [136.14889526367193, 34.44153213500984], [136.14559936523403, 34.441600799560504], [136.143005371094, 34.441467285156264], [136.13330078125003, 34.44440078735351], [136.131301879883, 34.44433212280266], [136.12789916992202, 34.444934844970746], [136.12440490722702, 34.44319915771478], [136.12179565429702, 34.44319915771478], [136.11650085449202, 34.44133377075202], [136.110794067383, 34.43560028076168], [136.107299804688, 34.435733795166016], [136.10400390625, 34.43566513061517], [136.101196289063, 34.43546676635744], [136.098007202148, 34.43553161621093], [136.095794677734, 34.43519973754878], [136.08850097656298, 34.428199768066406], [136.090194702148, 34.4206657409668], [136.089996337891, 34.41986465454098], [136.088302612305, 34.41406631469734], [136.082504272461, 34.40959930419922], [136.08020019531298, 34.40966796874997], [136.0751953125, 34.403133392334], [136.072891235352, 34.396800994873026], [136.068695068359, 34.393531799316364], [136.070297241211, 34.38806533813478], [136.078598022461, 34.38546752929687], [136.08610534668, 34.37826538085941], [136.087997436523, 34.37486648559568], [136.091293334961, 34.36786651611332], [136.09039306640602, 34.36246490478522], [136.095199584961, 34.35953140258789], [136.097503662109, 34.35093307495124], [136.09770202636702, 34.345531463622976], [136.101699829102, 34.34099960327154], [136.101699829102, 34.33653259277342], [136.111099243164, 34.328334808349595], [136.11790466308602, 34.32613372802732], [136.12130737304702, 34.32600021362299], [136.12179565429702, 34.32546615600593], [136.12919616699202, 34.315933227539134], [136.12179565429702, 34.3101997375488], [136.11889648437503, 34.31039810180662], [136.111602783203, 34.30573272705077], [136.10530090332003, 34.305000305175795], [136.09959411621102, 34.305267333984375], [136.09469604492202, 34.30099868774407], [136.098495483398, 34.28853225708012], [136.11009216308602, 34.28073501586912], [136.113204956055, 34.277732849121115], [136.119003295898, 34.269866943359446], [136.12089538574202, 34.26639938354487], [136.118103027344, 34.263134002685476], [136.11830139160202, 34.260265350341804], [136.12179565429702, 34.2593994140625], [136.12770080566403, 34.25546646118162], [136.12989807128903, 34.25320053100586], [136.13110351562503, 34.25166702270507], [136.130004882813, 34.24800109863277], [136.12890625000003, 34.242733001709006], [136.12179565429702, 34.23866653442379], [136.116104125977, 34.231067657470696], [136.112899780273, 34.228931427002], [136.11019897460903, 34.22919845581049], [136.11019897460903, 34.22386550903324], [136.116897583008, 34.222999572753935], [136.11750793457003, 34.21626663208014], [136.11650085449202, 34.212333679199176], [136.11399841308602, 34.21060180664057], [136.11210632324202, 34.210399627685476], [136.107803344727, 34.21053314208981], [136.104904174805, 34.206066131591776], [136.09689331054702, 34.20186614990232], [136.095397949219, 34.197601318359375], [136.09309387207003, 34.19559860229492], [136.09260559082, 34.18999862670901], [136.100296020508, 34.18626785278322], [136.108596801758, 34.184333801269524], [136.10600280761702, 34.17520141601564], [136.104507446289, 34.17286682128912], [136.107803344727, 34.16986465454103], [136.11180114746102, 34.167400360107365], [136.111694335938, 34.1640663146973], [136.114105224609, 34.159332275390604], [136.1083984375, 34.15380096435553], [136.10710144043, 34.15386581420902], [136.105499267578, 34.150264739990206], [136.105392456055, 34.143665313720746], [136.101699829102, 34.14059829711908], [136.10380554199202, 34.13693237304686], [136.108108520508, 34.1266670227051], [136.102493286133, 34.122398376464794], [136.09899902343798, 34.11873245239258], [136.103302001953, 34.11520004272461], [136.104202270508, 34.114067077636726], [136.104202270508, 34.10873413085939], [136.10530090332003, 34.10459899902342], [136.107406616211, 34.10273361206048], [136.103302001953, 34.09780120849614], [136.10299682617202, 34.09546661376954], [136.112503051758, 34.08653259277338], [136.118194580078, 34.08219909667968], [136.11479187011702, 34.08213424682619], [136.101303100586, 34.08506774902344], [136.097900390625, 34.08653259277338], [136.097091674805, 34.08653259277338], [136.092697143555, 34.08259963989259], [136.096405029297, 34.07633209228519], [136.09370422363298, 34.071865081787074], [136.09379577636702, 34.06420135498049], [136.09599304199202, 34.05613327026373], [136.092391967773, 34.04780197143548], [136.098098754883, 34.04353332519527], [136.102005004883, 34.033401489257834], [136.103302001953, 34.02553176879881], [136.100997924805, 34.02553176879881], [136.09899902343798, 34.023666381835866], [136.09680175781298, 34.02253341674798], [136.090194702148, 34.02533340454099], [136.086807250977, 34.028331756591804], [136.082504272461, 34.027801513671925], [136.08149719238298, 34.02966690063477], [136.07929992675798, 34.028865814208956], [136.078399658203, 34.03079986572274], [136.07319641113298, 34.03333282470699], [136.067199707031, 34.03386688232423], [136.06340026855497, 34.0328674316406], [136.05509948730497, 34.03493499755862], [136.05430603027298, 34.035331726074176], [136.052795410156, 34.03200149536129], [136.043792724609, 34.03526687622069], [136.04359436035196, 34.04046630859378], [136.04069519042997, 34.03860092163093], [136.03900146484398, 34.03633499145508], [136.03770446777298, 34.04033279418954], [136.03179931640597, 34.03253555297853], [136.02940368652298, 34.032264709472685], [136.02389526367196, 34.03553390502926], [136.01860046386696, 34.03586578369141], [136.01469421386696, 34.02486801147459], [136.00889587402298, 34.02086639404304], [136.00430297851602, 34.01393127441407], [136.00320434570304, 34.00966644287113], [136.00250244140597, 34.00733566284179], [135.99679565429696, 34.005264282226584], [135.99020385742193, 34.00320053100591], [135.98629760742196, 33.99660110473627], [135.98480224609403, 33.992202758789084], [135.97929382324196, 33.99053573608396], [135.97549438476602, 33.98666763305657], [135.96330261230503, 33.985134124755874], [135.95689392089804, 33.981067657470746], [135.94749450683602, 33.980598449706996], [135.94120788574202, 33.97520065307617], [135.94000244140602, 33.979866027832024], [135.935501098633, 33.98026657104493], [135.92680358886702, 33.981067657470746], [135.915298461914, 33.972465515136655], [135.914993286133, 33.97013473510741], [135.914108276367, 33.96559906005862], [135.90710449218798, 33.96353530883786], [135.906494140625, 33.96006774902337], [135.902801513672, 33.95493316650386], [135.897705078125, 33.95373535156249], [135.895797729492, 33.95206832885737], [135.893402099609, 33.948066711425824], [135.891998291016, 33.94173431396476], [135.896392822266, 33.934867858886726], [135.89790344238298, 33.92686843872072], [135.90100097656298, 33.92433166503911], [135.903900146484, 33.9252014160156], [135.90840148925798, 33.923133850097656], [135.908996582031, 33.91986846923826], [135.908599853516, 33.91839981079096], [135.904205322266, 33.91986846923826], [135.896301269531, 33.921333312988295], [135.893295288086, 33.91986846923826], [135.89739990234398, 33.912132263183565], [135.894195556641, 33.9059982299805], [135.881408691406, 33.908000946044865], [135.88040161132798, 33.909133911132834], [135.88079833984398, 33.91406631469726], [135.88040161132798, 33.9169998168945], [135.876998901367, 33.917133331298835], [135.871795654297, 33.919067382812536], [135.86860656738295, 33.91986846923826], [135.86610412597696, 33.921134948730476], [135.86509704589798, 33.91986846923826], [135.86810302734398, 33.915065765380895], [135.863098144531, 33.90686798095698], [135.85980224609398, 33.9031982421875], [135.85910034179696, 33.89813232421883], [135.86070251464798, 33.88700103759767], [135.86390686035196, 33.88873291015628], [135.87069702148398, 33.8884658813477], [135.871795654297, 33.88660049438476], [135.87440490722696, 33.88380050659176], [135.87649536132798, 33.884067535400426], [135.882293701172, 33.878734588623], [135.87660217285196, 33.87346649169924], [135.87330627441398, 33.870334625244084], [135.87440490722696, 33.8614654541016], [135.87269592285196, 33.859802246093835], [135.871795654297, 33.858798980712926], [135.86480712890597, 33.860801696777294], [135.860397338867, 33.86553573608399], [135.86109924316398, 33.876132965087905], [135.85760498046895, 33.87286758422851], [135.85350036621097, 33.87626647949224], [135.85299682617196, 33.88253402709964], [135.85400390624997, 33.8886680603027], [135.85180664062497, 33.892398834228494], [135.84790039062497, 33.8955993652344], [135.84249877929696, 33.89693450927728], [135.83709716796903, 33.895332336425824], [135.82730102539102, 33.899467468261705], [135.81689453124994, 33.90499877929686], [135.80819702148403, 33.90646743774408], [135.80439758300804, 33.9038009643555], [135.80130004882804, 33.895732879638736], [135.78770446777304, 33.8927993774414], [135.77890014648403, 33.8884658813477], [135.77409362793003, 33.88933563232418], [135.76739501953102, 33.89080047607422], [135.76249694824202, 33.88733291625982], [135.755706787109, 33.88506698608397], [135.75169372558602, 33.88919830322267], [135.748504638672, 33.88813400268546], [135.74679565429702, 33.88833236694337], [135.74450683593798, 33.89033508300782], [135.74250793457, 33.889934539794915], [135.738494873047, 33.89373397827146], [135.73649597168, 33.89453125], [135.733703613281, 33.895668029785156], [135.727996826172, 33.901134490966825], [135.722396850586, 33.90253448486328], [135.71650695800798, 33.90259933471677], [135.710296630859, 33.903598785400405], [135.68659973144497, 33.903865814208984], [135.683395385742, 33.90106582641598], [135.67900085449196, 33.89813232421883], [135.66949462890597, 33.899932861328104], [135.66119384765597, 33.897800445556584], [135.66169738769497, 33.890132904052734], [135.65879821777298, 33.88619995117194], [135.65550231933597, 33.88219833374021], [135.65269470214798, 33.880733489990185], [135.64750671386696, 33.87680053710939], [135.64230346679693, 33.876335144043], [135.63900756835903, 33.877334594726634], [135.629104614258, 33.87353515624999], [135.62179565429702, 33.87286758422851], [135.61830139160202, 33.87186813354487], [135.617706298828, 33.87313461303709], [135.62179565429702, 33.87793350219727], [135.62309265136696, 33.87986755371088], [135.625, 33.88293457031254], [135.62559509277304, 33.88740158081049], [135.62179565429702, 33.89806747436516], [135.62040710449202, 33.89866638183589], [135.60690307617202, 33.8990669250488], [135.600708007813, 33.90253448486328], [135.601104736328, 33.90313339233401], [135.599609375, 33.90806579589844], [135.60929870605503, 33.91253280639647], [135.61129760742202, 33.91986846923826], [135.61349487304702, 33.926734924316385], [135.609802246094, 33.931133270263665], [135.61100769043, 33.93680191040042], [135.61529541015602, 33.93680191040042], [135.618103027344, 33.94133377075203], [135.615600585938, 33.94720077514652], [135.61729431152304, 33.95426559448237], [135.61970520019503, 33.95299911499016], [135.62179565429702, 33.95299911499016], [135.62350463867202, 33.95173263549804], [135.62840270996102, 33.94933319091803], [135.63619995117193, 33.950332641601584], [135.63580322265594, 33.95920181274407], [135.63969421386696, 33.96580123901371], [135.63780212402304, 33.97453308105469], [135.63810729980503, 33.98173141479487], [135.63560485839804, 33.99079895019527], [135.63070678710903, 33.9909324645996], [135.62879943847702, 33.99639892578127], [135.62400817871102, 33.99986648559567], [135.624206542969, 34.00320053100591], [135.62489318847702, 34.005466461181584], [135.62179565429702, 34.009399414062464], [135.61399841308602, 34.00946426391604], [135.60879516601602, 34.01286697387704], [135.59550476074202, 34.01153182983398], [135.591094970703, 34.01906585693359], [135.594100952148, 34.02213287353516], [135.594497680664, 34.026866912841776], [135.598907470703, 34.03153228759771], [135.594497680664, 34.040199279785206], [135.592300415039, 34.04546737670896], [135.58749389648403, 34.04666519165042], [135.580001831055, 34.056934356689545], [135.57719421386702, 34.05813217163091], [135.56669616699202, 34.05733489990227], [135.56329345703102, 34.06299972534176], [135.553497314453, 34.06473159790037], [135.55090332031298, 34.0683326721191], [135.547698974609, 34.068065643310526], [135.539596557617, 34.075000762939496], [135.54260253906298, 34.08113479614256], [135.547698974609, 34.083332061767564], [135.548797607422, 34.08653259277338], [135.548599243164, 34.09466552734381], [135.5458984375, 34.09780120849614], [135.54670715332, 34.09993362426757], [135.550201416016, 34.10100173950196], [135.557098388672, 34.10306549072272], [135.556900024414, 34.107734680175845], [135.566497802734, 34.11280059814452], [135.576599121094, 34.11500167846679], [135.582397460938, 34.12946701049801], [135.585098266602, 34.13913345336913], [135.587799072266, 34.1456680297852], [135.59049987793, 34.14899826049799], [135.59210205078102, 34.1489334106445], [135.604202270508, 34.15426635742193], [135.61509704589804, 34.15593338012696], [135.62179565429702, 34.159599304199176], [135.62179565429702, 34.16313171386724], [135.62030029296903, 34.16706466674803], [135.62179565429702, 34.16873168945306], [135.623001098633, 34.16986465454103], [135.627807617188, 34.17606735229494], [135.63560485839804, 34.17900085449219], [135.63940429687503, 34.18213272094734], [135.64450073242196, 34.18840026855474], [135.64340209960903, 34.1906661987305], [135.63470458984403, 34.19753265380862], [135.63429260253903, 34.20373153686517], [135.63980102539102, 34.208667755127045], [135.640502929688, 34.21273422241208], [135.64750671386696, 34.218666076660234], [135.65370178222693, 34.21653366088872], [135.66000366210898, 34.21826553344733], [135.66130065918003, 34.21820068359384], [135.66780090331997, 34.22413253784182], [135.67309570312497, 34.223266601562514], [135.67550659179696, 34.223266601562514], [135.68159484863298, 34.22146606445306], [135.68589782714798, 34.21879959106448], [135.689498901367, 34.217201232910206], [135.69290161132798, 34.21726608276369], [135.697494506836, 34.21173477172854], [135.69990539550798, 34.21220016479493], [135.70730590820298, 34.208198547363295], [135.70930480957, 34.20873260498053], [135.71159362792997, 34.211601257324205], [135.714492797852, 34.21433258056636], [135.725692749023, 34.22046661376951], [135.729705810547, 34.2282676696777], [135.72900390625, 34.23379898071294], [135.72480773925798, 34.237331390380916], [135.719802856445, 34.25320053100586], [135.71890258789097, 34.26013565063483], [135.714996337891, 34.26546859741208], [135.70870971679696, 34.2684669494629], [135.708297729492, 34.2712669372559], [135.704803466797, 34.27146530151372], [135.700500488281, 34.275268554687536], [135.69250488281304, 34.277801513671875], [135.68870544433597, 34.271400451660234], [135.68240356445298, 34.270000457763686], [135.68049621581997, 34.271400451660234], [135.67900085449196, 34.2725982666016], [135.67790222167997, 34.274333953857386], [135.67300415039097, 34.28066635131836], [135.67460632324196, 34.28813552856448], [135.67109680175804, 34.295467376709006], [135.67030334472696, 34.29633331298831], [135.66790771484403, 34.300868988037095], [135.66740417480503, 34.30446624755864], [135.66760253906304, 34.30720138549798], [135.66619873046903, 34.31226730346683], [135.66760253906304, 34.31433486938477], [135.66760253906304, 34.325401306152266], [135.66049194335898, 34.32713317871087], [135.65939331054696, 34.330001831054716], [135.65989685058597, 34.33653259277342], [135.66110229492196, 34.342731475830064], [135.66130065918003, 34.34606552124021], [135.66209411621097, 34.35686492919922], [135.65530395507804, 34.36780166625983], [135.65069580078097, 34.38320159912111], [135.65490722656304, 34.38479995727538], [135.66169738769497, 34.39260101318357], [135.66310119628895, 34.39653396606454], [135.67539978027298, 34.399532318115185], [135.67689514160196, 34.40633392333982], [135.67990112304696, 34.408267974853516], [135.67610168456997, 34.413734436035185], [135.67089843749997, 34.41320037841803], [135.66610717773398, 34.41913223266601], [135.66619873046903, 34.41986465454098], [135.66470336914094, 34.42399978637704], [135.66960144042994, 34.426334381103466], [135.67199707031304, 34.426399230957045], [135.67979431152298, 34.43566894531253], [135.68240356445298, 34.44433212280266], [135.68640136718804, 34.450866699218814], [135.68270874023398, 34.4567337036133], [135.68190002441398, 34.464801788330064], [135.68190002441398, 34.465133666992216], [135.68170166015597, 34.477134704589766], [135.68200683593804, 34.48146820068364], [135.68420410156304, 34.485401153564524], [135.67970275878898, 34.490268707275376], [135.67799377441398, 34.49773406982423], [135.67449951171895, 34.50133514404296], [135.67300415039097, 34.5032005310059], [135.675094604492, 34.505798339843814], [135.67669677734398, 34.51353454589842], [135.67660522460898, 34.524600982666], [135.66909790039097, 34.53060150146482], [135.66709899902298, 34.530799865722734], [135.66529846191398, 34.52953338623052], [135.66169738769497, 34.53026580810549], [135.65969848632804, 34.538333892822344], [135.65980529785193, 34.54100036621092], [135.65809631347696, 34.543533325195256], [135.65330505371094, 34.54133224487298], [135.65049743652295, 34.544933319091804], [135.65290832519494, 34.546932220458984], [135.65620422363304, 34.552200317382834], [135.65449523925804, 34.55360031127929], [135.65739440917994, 34.56079864501948], [135.65769958496097, 34.56299972534184], [135.67039489746097, 34.56973266601563], [135.67269897460898, 34.570667266845696], [135.67109680175804, 34.57666778564452], [135.67260742187497, 34.57993316650391], [135.67620849609403, 34.580398559570305], [135.681198120117, 34.584201812744126], [135.68150329589798, 34.5849342346191], [135.68009948730497, 34.58653259277337], [135.67700195312497, 34.58980178833013], [135.67779541015597, 34.591865539550795], [135.67529296874997, 34.601268768310526], [135.67050170898398, 34.603534698486285], [135.65919494628898, 34.60246658325198], [135.65190124511696, 34.60413360595702], [135.65150451660202, 34.60680007934568], [135.65029907226602, 34.60873413085938], [135.65539550781304, 34.61146545410163], [135.65840148925804, 34.61466598510744], [135.65960693359403, 34.62406539916991], [135.66310119628895, 34.63326644897464], [135.66189575195295, 34.635398864746065], [135.66389465331997, 34.64326858520509], [135.66479492187497, 34.64973449707031], [135.66510009765597, 34.65293502807622], [135.67080688476594, 34.66160202026371], [135.67140197753898, 34.66753387451168], [135.67359924316398, 34.66986846923829], [135.67779541015597, 34.67926788330084], [135.67669677734398, 34.68486785888666], [135.67260742187497, 34.6921348571777], [135.67280578613304, 34.700000762939545], [135.67269897460898, 34.70166778564449], [135.68370056152298, 34.71126556396477], [135.68780517578097, 34.712467193603494], [135.69970703124997, 34.72140121459956], [135.70379638671898, 34.723934173583984], [135.69990539550798, 34.73479843139648], [135.69650268554696, 34.743667602539055], [135.698699951172, 34.74606704711906], [135.69839477539097, 34.749599456787124], [135.70190429687497, 34.75053405761718], [135.70649719238298, 34.74846649169924], [135.70950317382798, 34.75320053100594], [135.70840454101597, 34.7617340087891], [135.70899963378898, 34.77173233032229], [135.70669555664097, 34.77153396606447], [135.710998535156, 34.78126525878908], [135.71159362792997, 34.78126525878908]]]}}, {"type": "Feature", "properties": {"code": "32", "name": "島根県"}, "geometry": {"type": "MultiPolygon", "coordinates": [[[[133.248, 36.161], [133.2516, 36.1724], [133.2446, 36.1771], [133.2423, 36.1675], [133.2298, 36.1699], [133.2447, 36.1897], [133.2238, 36.1886], [133.2083, 36.1987], [133.2073, 36.2099], [133.1826, 36.2121], [133.1919, 36.2437], [133.1767, 36.2532], [133.1873, 36.2821], [133.18, 36.2881], [133.2039, 36.2798], [133.1988, 36.2875], [133.2043, 36.2916], [133.1916, 36.2909], [133.1952, 36.3015], [133.2098, 36.3008], [133.2096, 36.3109], [133.2315, 36.3183], [133.2241, 36.3283], [133.2468, 36.3345], [133.2622, 36.3283], [133.2817, 36.3485], [133.2958, 36.3293], [133.3088, 36.3288], [133.3075, 36.3189], [133.3207, 36.3275], [133.3239, 36.3091], [133.3417, 36.3107], [133.3364, 36.3065], [133.3442, 36.298], [133.3628, 36.2971], [133.356, 36.2927], [133.3628, 36.2787], [133.3701, 36.2815], [133.3853, 36.2687], [133.3725, 36.2517], [133.3765, 36.2305], [133.3697, 36.2062], [133.3387, 36.196], [133.3511, 36.2124], [133.3443, 36.2241], [133.3345, 36.2029], [133.3062, 36.1996], [133.3087, 36.1942], [133.3086, 36.1995], [133.3341, 36.1973], [133.3397, 36.1699], [133.2899, 36.18], [133.2872, 36.1711], [133.2795, 36.1882], [133.2775, 36.1699], [133.2586, 36.1641], [133.2586, 36.1727], [133.248, 36.161]]], [[[132.9979, 36.0389], [132.9464, 36.0643], [132.953, 36.0763], [132.9456, 36.08], [132.9693, 36.0947], [132.9626, 36.0973], [132.9771, 36.1145], [133.0053, 36.1079], [133.0139, 36.1377], [133.0429, 36.1353], [133.0438, 36.1279], [133.0544, 36.1268], [133.0684, 36.1429], [133.0912, 36.1391], [133.0691, 36.1134], [133.0391, 36.1073], [133.0563, 36.0833], [133.0431, 36.0605], [133.0069, 36.0743], [133.0051, 36.091], [133.0126, 36.0951], [133.0051, 36.1058], [133.0031, 36.0924], [132.9897, 36.0927], [132.9922, 36.0844], [132.986, 36.0935], [132.9792, 36.0891], [132.9979, 36.0389]]], [[[133.0677, 36.0351], [133.0697, 36.0591], [133.0791, 36.0695], [133.0669, 36.076], [133.0742, 36.08], [133.0636, 36.101], [133.0806, 36.1025], [133.0814, 36.1143], [133.0896, 36.0963], [133.0978, 36.1185], [133.1318, 36.1114], [133.1269, 36.1063], [133.1351, 36.1025], [133.117, 36.0844], [133.136, 36.0855], [133.1519, 36.0753], [133.1375, 36.0824], [133.1321, 36.0744], [133.1134, 36.0786], [133.1176, 36.0647], [133.0963, 36.0723], [133.1076, 36.0625], [133.0965, 36.0577], [133.1027, 36.0509], [133.088, 36.0529], [133.0871, 36.0462], [133.0762, 36.0451], [133.0799, 36.0383], [133.0677, 36.0351]]], [[[133.1656, 36.1001], [133.1565, 36.1041], [133.1629, 36.1147], [133.1656, 36.1001]]], [[[133.0587, 35.9941], [133.0572, 36.005], [133.0407, 36.0133], [133.0375, 36.0009], [133.024, 36.0071], [133.0059, 36.0036], [132.9993, 36.0324], [133.0262, 36.032], [133.0715, 36.011], [133.0587, 35.9941]]], [[[133.2441, 35.5491], [133.2175, 35.5461], [133.1979, 35.5264], [133.2215, 35.4815], [133.3021, 35.4351], [133.3205, 35.4069], [133.314, 35.3867], [133.3239, 35.3743], [133.3071, 35.3659], [133.2948, 35.3465], [133.2977, 35.3247], [133.2919, 35.3197], [133.3057, 35.3027], [133.299, 35.2915], [133.3099, 35.2685], [133.2745, 35.258], [133.2581, 35.2615], [133.1528, 35.2191], [133.1544, 35.2032], [133.1686, 35.209], [133.1819, 35.2009], [133.1816, 35.1881], [133.1944, 35.1699], [133.1493, 35.1409], [133.1397, 35.1183], [133.1447, 35.1067], [133.1374, 35.0931], [133.1396, 35.0757], [133.0964, 35.0849], [133.0861, 35.0787], [133.0603, 35.0814], [133.0518, 35.0704], [133.033, 35.0683], [132.9902, 35.1014], [132.9743, 35.0835], [132.9499, 35.0755], [132.9088, 35.0865], [132.8972, 35.1035], [132.8718, 35.1018], [132.827, 35.0612], [132.8362, 35.0473], [132.8139, 35.0407], [132.7871, 35.014], [132.7872, 35.0048], [132.7656, 34.9965], [132.7679, 34.9847], [132.7452, 34.9771], [132.7521, 34.9671], [132.7468, 34.9593], [132.7393, 34.9621], [132.7198, 34.9481], [132.707, 34.955], [132.6845, 34.9507], [132.6729, 34.9319], [132.6333, 34.9049], [132.635, 34.8987], [132.6547, 34.8997], [132.663, 34.8899], [132.6751, 34.8943], [132.6798, 34.8846], [132.6999, 34.8821], [132.7099, 34.8499], [132.6972, 34.8429], [132.6792, 34.8513], [132.6691, 34.8329], [132.6601, 34.8327], [132.6507, 34.8405], [132.6151, 34.8433], [132.5673, 34.8064], [132.5536, 34.8081], [132.5374, 34.7949], [132.5195, 34.8037], [132.5051, 34.796], [132.454, 34.8012], [132.4559, 34.8074], [132.4346, 34.8206], [132.4205, 34.814], [132.4228, 34.7981], [132.396, 34.7794], [132.381, 34.7858], [132.3824, 34.7949], [132.3718, 34.8012], [132.3356, 34.7901], [132.3157, 34.8014], [132.298, 34.7771], [132.2797, 34.7835], [132.2776, 34.7987], [132.241, 34.8059], [132.2418, 34.7845], [132.225, 34.7702], [132.2215, 34.7503], [132.203, 34.7488], [132.1888, 34.7345], [132.1786, 34.7365], [132.13, 34.708], [132.1299, 34.6989], [132.1557, 34.6929], [132.1612, 34.6833], [132.126, 34.6413], [132.1296, 34.6303], [132.1157, 34.6127], [132.1169, 34.6026], [132.1299, 34.598], [132.1251, 34.5825], [132.0838, 34.5379], [132.0527, 34.5299], [132.0473, 34.5215], [132.0359, 34.5022], [132.0583, 34.4929], [132.0572, 34.4807], [132.0679, 34.4675], [132.0245, 34.4623], [132.0135, 34.4367], [131.9968, 34.4279], [131.9895, 34.4142], [132.0125, 34.3827], [132.0126, 34.3717], [131.9747, 34.342], [131.9578, 34.3064], [131.919, 34.3377], [131.8991, 34.3191], [131.8873, 34.3271], [131.8804, 34.3087], [131.8333, 34.3111], [131.8301, 34.3025], [131.8192, 34.3026], [131.7945, 34.3272], [131.7762, 34.3335], [131.7772, 34.3536], [131.7654, 34.3649], [131.7637, 34.3816], [131.7833, 34.3995], [131.7931, 34.4362], [131.7585, 34.4341], [131.7553, 34.44], [131.7376, 34.4288], [131.6976, 34.4351], [131.6935, 34.4638], [131.6992, 34.4743], [131.6945, 34.4811], [131.6825, 34.4785], [131.6814, 34.4921], [131.6672, 34.5041], [131.7048, 34.5317], [131.7021, 34.5652], [131.7112, 34.5628], [131.726, 34.5783], [131.7181, 34.6121], [131.6942, 34.621], [131.6994, 34.6485], [131.6837, 34.6681], [131.6899, 34.681], [131.7027, 34.6724], [131.7468, 34.6759], [131.8441, 34.7087], [131.8701, 34.7324], [131.8736, 34.7423], [131.8641, 34.7548], [131.8895, 34.7581], [131.8965, 34.7757], [131.9137, 34.7741], [131.9193, 34.7862], [131.9299, 34.7821], [131.943, 34.7911], [131.9543, 34.8157], [131.9871, 34.8271], [131.9946, 34.8425], [132.0055, 34.8465], [132.0145, 34.8598], [132.007, 34.8682], [132.0205, 34.8727], [132.0184, 34.8642], [132.0357, 34.8824], [132.046, 34.8779], [132.0399, 34.8739], [132.0534, 34.8717], [132.0601, 34.8939], [132.0701, 34.8923], [132.0647, 34.9076], [132.0768, 34.9066], [132.0808, 34.9115], [132.075, 34.9085], [132.0731, 34.9187], [132.0839, 34.9307], [132.1022, 34.9333], [132.1119, 34.953], [132.1437, 34.9639], [132.1511, 34.9769], [132.1877, 34.9946], [132.2354, 35.0346], [132.3085, 35.0566], [132.317, 35.0735], [132.3259, 35.0758], [132.323, 35.0865], [132.3315, 35.0975], [132.3449, 35.0926], [132.3393, 35.1019], [132.3859, 35.1287], [132.3907, 35.1373], [132.381, 35.1468], [132.402, 35.1578], [132.403, 35.1699], [132.4204, 35.1828], [132.4168, 35.1903], [132.4466, 35.1976], [132.4865, 35.2297], [132.4968, 35.2269], [132.5277, 35.2431], [132.5384, 35.2573], [132.626, 35.2873], [132.6643, 35.3365], [132.6738, 35.3749], [132.6715, 35.4011], [132.6239, 35.4179], [132.6287, 35.4352], [132.6409, 35.4321], [132.6414, 35.4415], [132.668, 35.4409], [132.6762, 35.4475], [132.6861, 35.4408], [132.6847, 35.4514], [132.71, 35.4418], [132.7505, 35.4475], [132.757, 35.4563], [132.7269, 35.47], [132.7998, 35.4836], [132.8146, 35.4981], [132.8644, 35.5133], [132.9655, 35.5148], [132.9746, 35.5231], [132.9659, 35.526], [132.9687, 35.5438], [133.0265, 35.5389], [133.031, 35.5578], [133.0441, 35.5535], [133.0576, 35.5635], [133.0606, 35.5705], [133.0478, 35.5785], [133.0655, 35.5763], [133.0681, 35.5839], [133.0958, 35.5783], [133.0897, 35.5883], [133.0977, 35.5901], [133.0835, 35.6011], [133.0889, 35.6037], [133.1115, 35.5978], [133.1239, 35.5766], [133.1374, 35.5819], [133.1294, 35.5772], [133.1388, 35.5623], [133.1512, 35.5595], [133.1597, 35.5716], [133.165, 35.5638], [133.1922, 35.5632], [133.1919, 35.5801], [133.195, 35.5676], [133.2096, 35.5673], [133.2165, 35.5815], [133.2339, 35.5788], [133.2238, 35.5713], [133.2509, 35.5758], [133.2542, 35.5699], [133.2694, 35.5784], [133.2804, 35.5716], [133.2815, 35.5782], [133.2909, 35.578], [133.3251, 35.5683], [133.2441, 35.5491]]], [[[133.1251, 35.5882], [133.1194, 35.5911], [133.1272, 35.596], [133.1251, 35.5882]]]]}}, {"type": "Feature", "properties": {"code": "03", "name": "岩手県"}, "geometry": {"type": "MultiPolygon", "coordinates": [[[[141.5819, 40.3745], [141.587, 40.4075], [141.6547, 40.4289], [141.6831, 40.4509], [141.7542, 40.3693], [141.7549, 40.3565], [141.7718, 40.3458], [141.775, 40.3235], [141.8167, 40.2707], [141.8341, 40.2205], [141.8074, 40.2161], [141.8, 40.1988], [141.8127, 40.1903], [141.8067, 40.1979], [141.7949, 40.1906], [141.8527, 40.1691], [141.8764, 40.1445], [141.8718, 40.1355], [141.8431, 40.1309], [141.8312, 40.1161], [141.8295, 40.0865], [141.8515, 40.0561], [141.8757, 40.0495], [141.9083, 40.0093], [141.9364, 40.0092], [141.9548, 39.9857], [141.957, 39.9583], [141.9636, 39.9535], [141.9614, 39.9459], [141.941, 39.9399], [141.9404, 39.9199], [141.9553, 39.8934], [141.9721, 39.8829], [141.9786, 39.8311], [141.9907, 39.8209], [141.9844, 39.7898], [142.0046, 39.7761], [141.9887, 39.7601], [142.0039, 39.7522], [141.9721, 39.7305], [141.9868, 39.7235], [141.9866, 39.7106], [141.9686, 39.6919], [141.985, 39.6875], [141.9713, 39.6519], [141.9833, 39.6476], [141.9651, 39.6401], [141.9726, 39.6347], [141.966, 39.6361], [141.9701, 39.6235], [141.9457, 39.5992], [141.9475, 39.5915], [141.9589, 39.5865], [142.0167, 39.6557], [142.0268, 39.6557], [142.0237, 39.6153], [142.0345, 39.6101], [142.0261, 39.6054], [142.0341, 39.5989], [142.0269, 39.5793], [142.0568, 39.5749], [142.0578, 39.5611], [142.0692, 39.5609], [142.0726, 39.5487], [142.0662, 39.5343], [142.0529, 39.5334], [142.0618, 39.5264], [142.0569, 39.5221], [142.0338, 39.5293], [142.0293, 39.5091], [142.0109, 39.5003], [142.0096, 39.4765], [141.9743, 39.482], [141.9542, 39.468], [141.9791, 39.4395], [141.9898, 39.4509], [142.0043, 39.4461], [142.0093, 39.4647], [142.0371, 39.4834], [142.0506, 39.4849], [142.0607, 39.4719], [142.0394, 39.4457], [142.044, 39.4255], [142.0296, 39.4161], [142.0098, 39.4261], [142.0109, 39.415], [141.9868, 39.4091], [141.9828, 39.426], [141.976, 39.4275], [141.9393, 39.387], [141.9471, 39.3719], [141.9679, 39.3751], [141.9582, 39.3577], [141.9407, 39.349], [141.9156, 39.3568], [141.9157, 39.346], [141.8993, 39.3365], [141.9154, 39.3245], [141.9237, 39.3333], [141.9446, 39.3297], [141.9535, 39.3393], [141.9753, 39.3381], [141.9976, 39.3522], [141.9712, 39.3137], [141.8879, 39.3037], [141.9247, 39.2862], [141.9292, 39.2681], [141.8895, 39.2742], [141.8868, 39.2694], [141.9034, 39.2569], [141.8922, 39.2466], [141.9129, 39.2482], [141.9201, 39.2385], [141.9285, 39.2471], [141.9712, 39.2491], [141.9448, 39.2414], [141.9565, 39.2228], [141.9488, 39.2183], [141.9259, 39.2225], [141.9275, 39.2154], [141.9048, 39.2059], [141.888, 39.2091], [141.8907, 39.198], [141.8692, 39.2072], [141.8666, 39.1927], [141.8909, 39.1819], [141.9229, 39.1849], [141.9217, 39.1786], [141.8851, 39.1555], [141.8521, 39.1567], [141.8375, 39.1462], [141.8718, 39.1311], [141.8742, 39.1161], [141.9002, 39.1197], [141.9218, 39.1051], [141.8943, 39.0967], [141.8818, 39.0845], [141.8586, 39.1043], [141.8115, 39.1121], [141.8157, 39.0954], [141.8099, 39.0891], [141.8242, 39.0865], [141.8218, 39.0773], [141.8686, 39.0724], [141.8755, 39.0651], [141.8143, 39.0574], [141.8531, 39.0297], [141.802, 39.0246], [141.7951, 39.0298], [141.7977, 39.0433], [141.7834, 39.0282], [141.7696, 39.0349], [141.763, 39.0201], [141.7335, 39.0203], [141.7284, 39.0286], [141.7374, 39.0304], [141.7311, 39.0339], [141.741, 39.051], [141.7335, 39.0533], [141.7398, 39.0575], [141.7299, 39.0711], [141.7231, 39.0666], [141.7252, 39.0412], [141.7099, 39.0247], [141.7156, 39.0173], [141.7326, 39.0184], [141.7447, 38.9958], [141.742, 38.9859], [141.7111, 38.9964], [141.717, 38.9819], [141.7099, 38.9847], [141.6973, 38.9693], [141.7174, 38.9675], [141.7288, 38.9529], [141.713, 38.951], [141.7057, 38.9392], [141.6893, 38.9489], [141.6849, 38.9688], [141.6694, 38.9759], [141.6687, 38.9897], [141.6817, 38.9987], [141.6672, 39.006], [141.6251, 39.0011], [141.6322, 38.971], [141.5681, 38.9957], [141.5242, 38.9917], [141.5103, 39.0029], [141.491, 38.9985], [141.4839, 38.9785], [141.4938, 38.9562], [141.4861, 38.9351], [141.4916, 38.9159], [141.4514, 38.8767], [141.4525, 38.8623], [141.4663, 38.8572], [141.4502, 38.8365], [141.4589, 38.8148], [141.4297, 38.8109], [141.4383, 38.7833], [141.4223, 38.7803], [141.4233, 38.7729], [141.4107, 38.7681], [141.415, 38.7857], [141.3981, 38.79], [141.3945, 38.7997], [141.3803, 38.7964], [141.3531, 38.8128], [141.3354, 38.8073], [141.3104, 38.8227], [141.3035, 38.7933], [141.2736, 38.7969], [141.2631, 38.7877], [141.255, 38.76], [141.2295, 38.7532], [141.2348, 38.7484], [141.217, 38.7495], [141.2047, 38.7703], [141.1812, 38.7848], [141.1694, 38.7778], [141.1397, 38.79], [141.1407, 38.8139], [141.1244, 38.8167], [141.1217, 38.8265], [141.1059, 38.8232], [141.1051, 38.8377], [141.1218, 38.8356], [141.1463, 38.8559], [141.1401, 38.8779], [141.108, 38.878], [141.0939, 38.8881], [141.044, 38.8773], [141.0208, 38.8866], [140.9865, 38.8755], [140.958, 38.9085], [140.9273, 38.9215], [140.9158, 38.9172], [140.9055, 38.9289], [140.8814, 38.9291], [140.8262, 38.9635], [140.7739, 38.9585], [140.7645, 39.0001], [140.7784, 39.0081], [140.7947, 39.0291], [140.7938, 39.0418], [140.8103, 39.0574], [140.8, 39.0609], [140.8024, 39.0778], [140.7529, 39.0865], [140.7631, 39.1086], [140.7561, 39.1185], [140.7702, 39.1244], [140.7496, 39.1397], [140.7741, 39.1678], [140.7841, 39.1659], [140.8085, 39.1803], [140.7657, 39.1977], [140.7632, 39.2127], [140.7703, 39.2239], [140.7868, 39.2268], [140.7888, 39.238], [140.7517, 39.2631], [140.7182, 39.2729], [140.7179, 39.2965], [140.6947, 39.3001], [140.6991, 39.3281], [140.7096, 39.3303], [140.7042, 39.343], [140.6903, 39.3467], [140.6931, 39.3585], [140.6769, 39.3678], [140.6799, 39.3815], [140.6541, 39.3909], [140.6633, 39.4049], [140.6586, 39.4157], [140.6816, 39.4199], [140.686, 39.4366], [140.677, 39.4472], [140.6831, 39.4575], [140.7243, 39.4807], [140.714, 39.4984], [140.7409, 39.5348], [140.7406, 39.5458], [140.7279, 39.5561], [140.7307, 39.5661], [140.7542, 39.5708], [140.7641, 39.5877], [140.78, 39.5905], [140.7827, 39.6044], [140.7957, 39.6033], [140.8219, 39.6498], [140.8229, 39.6882], [140.8106, 39.7073], [140.795, 39.7099], [140.7749, 39.7349], [140.8046, 39.7458], [140.8054, 39.7568], [140.8478, 39.7961], [140.8213, 39.816], [140.787, 39.8238], [140.783, 39.8657], [140.7994, 39.8821], [140.8261, 39.8867], [140.8527, 39.8665], [140.8781, 39.8747], [140.8665, 39.9147], [140.855, 39.9237], [140.8577, 39.9531], [140.8483, 39.9597], [140.8552, 40.0439], [140.8447, 40.0737], [140.8718, 40.0912], [140.88, 40.1075], [140.8674, 40.1313], [140.8832, 40.1589], [140.8696, 40.1599], [140.8605, 40.1738], [140.8926, 40.1927], [140.8962, 40.214], [140.91, 40.2239], [140.9421, 40.2282], [140.9442, 40.2461], [140.9553, 40.2482], [140.9805, 40.2201], [141.0263, 40.2221], [141.0771, 40.2529], [141.1046, 40.2567], [141.1095, 40.2611], [141.1009, 40.2815], [141.1393, 40.3011], [141.2146, 40.3148], [141.2613, 40.3486], [141.278, 40.3447], [141.2927, 40.3523], [141.2941, 40.3639], [141.3174, 40.3733], [141.3366, 40.3607], [141.3351, 40.3455], [141.3514, 40.3315], [141.3771, 40.3393], [141.3976, 40.3677], [141.4083, 40.3579], [141.4434, 40.3763], [141.4809, 40.3765], [141.5374, 40.3478], [141.5819, 40.3745]]]]}}, {"type": "Feature", "properties": {"code": "31", "name": "鳥取県"}, "geometry": {"type": "Polygon", "coordinates": [[[134.36950683593798, 35.61459732055658], [134.37179565429702, 35.60833358764654], [134.37530517578102, 35.607532501220724], [134.38200378418, 35.603534698486264], [134.38720703125, 35.60306549072269], [134.392700195313, 35.60086441040042], [134.393997192383, 35.59780120849611], [134.40299987793003, 35.59346771240232], [134.40609741210903, 35.58926773071286], [134.40780639648403, 35.58766555786132], [134.40679931640602, 35.58653259277344], [134.40550231933602, 35.58300018310547], [134.40570068359403, 35.57373428344734], [134.40589904785202, 35.5684661865234], [134.41050720214804, 35.562866210937486], [134.41580200195304, 35.56353378295897], [134.42080688476602, 35.56293106079097], [134.42430114746102, 35.55133438110351], [134.42039489746094, 35.54486465454102], [134.42500305175804, 35.541866302490206], [134.42219543456997, 35.53633117675778], [134.42160034179693, 35.53453445434568], [134.41960144043003, 35.531532287597685], [134.41819763183602, 35.525333404541044], [134.412307739258, 35.5153312683105], [134.41600036621102, 35.51373291015631], [134.41870117187503, 35.51373291015631], [134.42460632324196, 35.50880050659179], [134.42790222168003, 35.50746536254882], [134.42990112304696, 35.50320053100588], [134.42709350585898, 35.495933532714844], [134.43719482421903, 35.475601196289134], [134.43409729003903, 35.47106552124017], [134.43339538574196, 35.46666717529298], [134.43609619140597, 35.462867736816435], [134.43760681152304, 35.45846557617189], [134.43980407714804, 35.44279861450203], [134.44610595703097, 35.441333770751996], [134.44929504394497, 35.438064575195334], [134.45420837402295, 35.43666839599614], [134.46279907226597, 35.436466217040966], [134.46679687499997, 35.432933807373], [134.46969604492196, 35.432933807373], [134.47309875488298, 35.429866790771506], [134.47689819335898, 35.429134368896534], [134.47950744628898, 35.42526626586914], [134.47560119628898, 35.423267364502045], [134.47770690917997, 35.41986465454096], [134.47689819335898, 35.41386413574223], [134.481002807617, 35.41019821166992], [134.47830200195298, 35.400932312011705], [134.47459411621097, 35.392467498779304], [134.47190856933597, 35.382999420166], [134.47219848632798, 35.37799835205082], [134.47579956054696, 35.37473297119142], [134.48519897460898, 35.37113189697269], [134.48880004882798, 35.36800003051763], [134.493698120117, 35.367599487304716], [134.496795654297, 35.367267608642564], [134.50239562988298, 35.36600112915044], [134.50520324707, 35.35906600952147], [134.51190185546898, 35.35440063476562], [134.51330566406298, 35.353931427002045], [134.51139831543, 35.3512001037598], [134.509994506836, 35.349334716796946], [134.50830078125, 35.341667175293004], [134.506408691406, 35.33853149414058], [134.503997802734, 35.3365325927734], [134.502197265625, 35.32540130615233], [134.504898071289, 35.31593322753911], [134.51040649414097, 35.311267852783175], [134.514007568359, 35.307064056396534], [134.510299682617, 35.30286788940426], [134.50930786132798, 35.29560089111332], [134.511795043945, 35.284664154052706], [134.51460266113298, 35.27733230590819], [134.501602172852, 35.26906585693361], [134.496795654297, 35.26760101318357], [134.489593505859, 35.26179885864257], [134.48550415039097, 35.26219940185548], [134.48190307617196, 35.25619888305657], [134.48030090331997, 35.25320053100593], [134.47540283203097, 35.249198913574205], [134.47079467773398, 35.249198913574205], [134.46240234374997, 35.24413299560553], [134.46240234374997, 35.23666763305659], [134.45260620117196, 35.2379341125488], [134.44830322265597, 35.2379341125488], [134.44270324706997, 35.23580169677729], [134.43840026855503, 35.2308006286621], [134.43400573730503, 35.22946548461913], [134.42739868164102, 35.231666564941406], [134.42129516601602, 35.23699951171883], [134.40820312500003, 35.23966598510741], [134.40220642089804, 35.241001129150376], [134.39970397949202, 35.24739837646484], [134.393005371094, 35.2526016235352], [134.38059997558602, 35.248733520507805], [134.38009643554702, 35.24813461303708], [134.373199462891, 35.24593353271481], [134.373794555664, 35.23899841308592], [134.37179565429702, 35.2349319458008], [134.368896484375, 35.23266601562504], [134.360000610352, 35.22919845581047], [134.350692749023, 35.2236671447754], [134.341796875, 35.22073364257807], [134.337997436523, 35.220401763916], [134.332992553711, 35.21246719360349], [134.32080078124997, 35.201801300048814], [134.31829833984398, 35.20219802856454], [134.315002441406, 35.20113372802733], [134.30189514160196, 35.20219802856454], [134.29420471191398, 35.199867248535206], [134.29170227050804, 35.20000076293954], [134.28070068359403, 35.19659805297854], [134.27560424804696, 35.19879913330081], [134.27110290527295, 35.200798034668], [134.26640319824196, 35.20846557617194], [134.26049804687494, 35.210399627685455], [134.25489807128903, 35.20859909057618], [134.25160217285202, 35.20326614379884], [134.24679565429696, 35.20013427734378], [134.24519348144497, 35.19933319091796], [134.240600585938, 35.199131011962876], [134.23300170898403, 35.198398590087905], [134.22830200195304, 35.19726562500002], [134.22549438476602, 35.194465637207024], [134.22169494628903, 35.19146728515629], [134.21609497070304, 35.18959808349608], [134.213409423828, 35.190399169921896], [134.203308105469, 35.18906402587893], [134.20089721679702, 35.19060134887699], [134.19369506835903, 35.189468383789105], [134.193496704102, 35.187667846679744], [134.189697265625, 35.17620086669916], [134.17810058593798, 35.16986846923828], [134.171798706055, 35.16986846923828], [134.166900634766, 35.17193222045904], [134.168106079102, 35.1791343688965], [134.16670227050798, 35.1832656860352], [134.16180419921898, 35.190132141113324], [134.16050720214798, 35.19079971313481], [134.153396606445, 35.19486618041993], [134.15400695800798, 35.20286560058594], [134.15710449218798, 35.21066665649412], [134.161697387695, 35.21793365478524], [134.161895751953, 35.22140121459964], [134.162704467773, 35.226001739502], [134.16250610351597, 35.229267120361314], [134.158203125, 35.23419952392583], [134.14390563964798, 35.23139953613283], [134.13670349121097, 35.23899841308592], [134.14480590820298, 35.24280166625983], [134.14300537109398, 35.247066497802685], [134.14419555664097, 35.25320053100593], [134.14500427246097, 35.253601074218835], [134.14990234374997, 35.258533477783175], [134.14649963378898, 35.26113128662109], [134.14289855957, 35.26393127441409], [134.137008666992, 35.2709999084473], [134.13999938964798, 35.27366638183588], [134.13870239257798, 35.27899932861331], [134.13420104980497, 35.28273391723628], [134.13160705566398, 35.280933380127], [134.12179565429696, 35.28099822998049], [134.11489868164097, 35.28386688232416], [134.11390686035196, 35.286464691162074], [134.11090087890597, 35.290134429931555], [134.10430908203097, 35.29493331909183], [134.10220336914094, 35.29813385009774], [134.10040283203097, 35.30013275146484], [134.09719848632804, 35.30586624145508], [134.09399414062497, 35.30566787719726], [134.09240722656304, 35.30580139160159], [134.08680725097702, 35.30719757080078], [134.08369445800804, 35.303333282470746], [134.07710266113304, 35.3027992248535], [134.07380676269503, 35.30146408081053], [134.06959533691403, 35.29719924926759], [134.061706542969, 35.30313110351557], [134.05490112304702, 35.29880142211913], [134.04809570312503, 35.298599243164134], [134.043807983398, 35.30266571044917], [134.03630065918, 35.30419921874996], [134.02960205078102, 35.30546569824217], [134.02799987793, 35.30780029296878], [134.022094726563, 35.3060646057129], [134.010101318359, 35.307598114013686], [134, 35.31399917602542], [134.000701904297, 35.31826782226563], [134.00419616699202, 35.324600219726605], [134.007797241211, 35.32740020751952], [134.014495849609, 35.333667755127], [134.012603759766, 35.3365325927734], [134.010498046875, 35.33900070190434], [134.014297485352, 35.34486770629883], [134.01420593261702, 35.350399017333984], [134.013595581055, 35.34999847412107], [134.008407592773, 35.35046768188483], [133.996795654297, 35.35279846191408], [133.992599487305, 35.34939956665043], [133.990097045898, 35.34846878051764], [133.979598999023, 35.344001770019524], [133.970596313477, 35.34759902954098], [133.96339416503898, 35.346000671386705], [133.95950317382798, 35.34406661987301], [133.953094482422, 35.33953475952149], [133.95050048828097, 35.3365325927734], [133.94529724121097, 35.33273315429694], [133.94250488281304, 35.33399963378906], [133.93919372558597, 35.33399963378906], [133.93670654296903, 35.33546829223628], [133.93159484863304, 35.333801269531335], [133.92750549316403, 35.32279968261724], [133.93139648437497, 35.31819915771479], [133.92689514160196, 35.3103981018066], [133.92489624023398, 35.3075332641602], [133.91920471191403, 35.30719757080078], [133.90840148925804, 35.306934356689474], [133.90629577636696, 35.305332183837926], [133.89950561523403, 35.30433273315429], [133.89649963378903, 35.30233383178711], [133.89199829101602, 35.30006408691408], [133.88600158691403, 35.294464111328075], [133.88409423828094, 35.29600143432622], [133.88099670410202, 35.29399871826168], [133.87759399414102, 35.29499816894532], [133.87179565429702, 35.2933311462402], [133.862701416016, 35.29299926757813], [133.860305786133, 35.287666320800795], [133.86579895019503, 35.28499984741213], [133.864700317383, 35.28346633911134], [133.86369323730503, 35.27799987792967], [133.86509704589804, 35.27313232421882], [133.85920715332003, 35.26973342895509], [133.854995727539, 35.26826477050779], [133.85229492187503, 35.26426696777342], [133.843292236328, 35.25320053100593], [133.844100952148, 35.24966812133787], [133.839599609375, 35.25073242187499], [133.830795288086, 35.248931884765625], [133.817596435547, 35.252666473388686], [133.81750488281298, 35.25320053100593], [133.81730651855497, 35.25619888305657], [133.815505981445, 35.26293182373054], [133.80740356445298, 35.26993179321291], [133.80900573730497, 35.274532318115185], [133.800598144531, 35.28653335571292], [133.79919433593798, 35.2885322570801], [133.799697875977, 35.29066467285162], [133.79730224609398, 35.294132232666016], [133.79420471191398, 35.29326629638671], [133.78979492187497, 35.293399810791044], [133.78939819335898, 35.29726409912108], [133.783493041992, 35.2947998046875], [133.78190612792997, 35.29766845703134], [133.77560424804696, 35.299533843994105], [133.76789855956997, 35.30699920654296], [133.76399230956997, 35.3088645935059], [133.76179504394497, 35.31113433837893], [133.75650024414097, 35.30826568603517], [133.75129699706997, 35.31106567382808], [133.74679565429696, 35.31826782226563], [133.74510192871097, 35.31933212280266], [133.74189758300804, 35.316665649414084], [133.73809814453097, 35.31786727905272], [133.73579406738304, 35.31846618652336], [133.73460388183602, 35.316997528076236], [133.73339843750003, 35.316734313964844], [133.72850036621102, 35.3168640136719], [133.72470092773403, 35.319133758544936], [133.72000122070304, 35.31919860839842], [133.71080017089804, 35.32419967651369], [133.705200195313, 35.32439804077151], [133.69709777832003, 35.32653427124021], [133.69129943847702, 35.32413101196294], [133.69140625, 35.32053375244139], [133.678207397461, 35.31879806518551], [133.67350769043, 35.32306671142582], [133.668594360352, 35.32299804687497], [133.65759277343798, 35.329132080078125], [133.649993896484, 35.335865020752], [133.64179992675798, 35.3365325927734], [133.63870239257798, 35.33826446533201], [133.633697509766, 35.339401245117244], [133.621795654297, 35.33686828613282], [133.615692138672, 35.34133148193359], [133.614303588867, 35.34053421020513], [133.60949707031295, 35.34153366088867], [133.60580444335898, 35.34159851074216], [133.60380554199196, 35.34266662597664], [133.59570312499997, 35.3451347351074], [133.59469604492196, 35.34299850463871], [133.58839416503898, 35.3365325927734], [133.58869934081997, 35.33453369140631], [133.59179687499997, 35.332332611084034], [133.58889770507798, 35.32813262939449], [133.58580017089798, 35.32366561889654], [133.58079528808597, 35.31826782226563], [133.57730102539094, 35.315399169921875], [133.57629394531304, 35.301200866699226], [133.57679748535196, 35.2986679077148], [133.57400512695304, 35.29040145874022], [133.57060241699196, 35.28746414184571], [133.57159423828097, 35.282199859619126], [133.56840515136696, 35.277732849121094], [133.57110595703097, 35.273265838622976], [133.56739807128903, 35.268665313720696], [133.56719970703097, 35.25993347167972], [133.56590270996094, 35.25540161132811], [133.56170654296903, 35.25320053100593], [133.559204101563, 35.24639892578129], [133.55490112304693, 35.24246597290041], [133.54850769043003, 35.24326705932623], [133.541702270508, 35.242401123046925], [133.536499023438, 35.237865447997955], [133.52920532226602, 35.23680114746092], [133.526306152344, 35.23846435546877], [133.51730346679702, 35.24060058593747], [133.51429748535202, 35.236534118652344], [133.507507324219, 35.233131408691435], [133.505294799805, 35.22859954833983], [133.509307861328, 35.22306823730467], [133.51429748535202, 35.22079849243164], [133.518493652344, 35.21366500854494], [133.52110290527304, 35.20726776123048], [133.52230834960903, 35.19893264770514], [133.524597167969, 35.19440078735354], [133.52560424804702, 35.193065643310476], [133.52789306640602, 35.188133239746136], [133.52560424804702, 35.182933807372955], [133.52470397949202, 35.18306732177729], [133.52040100097702, 35.182132720947315], [133.51559448242202, 35.19079971313481], [133.51220703125, 35.18980026245117], [133.50779724121102, 35.192531585693416], [133.50390625, 35.19206619262702], [133.501007080078, 35.192733764648416], [133.49679565429702, 35.18753433227541], [133.495697021484, 35.187065124511655], [133.491607666016, 35.18753433227541], [133.48620605468798, 35.186733245849595], [133.48229980468798, 35.18299865722662], [133.474395751953, 35.18199920654298], [133.472793579102, 35.178932189941406], [133.470199584961, 35.17746734619138], [133.466400146484, 35.17533111572268], [133.464996337891, 35.1765975952148], [133.460296630859, 35.17779922485353], [133.456192016602, 35.17346572875983], [133.45010375976597, 35.172332763671946], [133.44639587402298, 35.172199249267614], [133.439193725586, 35.17326736450201], [133.42810058593804, 35.17733383178713], [133.42239379882798, 35.17639923095698], [133.42059326171898, 35.1791343688965], [133.41589355468804, 35.18399810791017], [133.41160583496097, 35.18466567993156], [133.40780639648398, 35.18560028076171], [133.40249633789097, 35.18253326416023], [133.39649963378903, 35.180931091308594], [133.39410400390597, 35.17739868164062], [133.39579772949196, 35.17300033569343], [133.39329528808597, 35.16986846923828], [133.39259338378895, 35.16846466064447], [133.39739990234403, 35.164867401123004], [133.39970397949196, 35.1557998657227], [133.40229797363304, 35.151332855224574], [133.40420532226602, 35.14459991455078], [133.40850830078097, 35.14080047607423], [133.41079711914097, 35.135334014892564], [133.41130065917994, 35.12246704101562], [133.40840148925804, 35.11999893188477], [133.40289306640597, 35.114334106445284], [133.40159606933597, 35.11439895629877], [133.388305664063, 35.113132476806555], [133.38279724121094, 35.114665985107436], [133.37179565429693, 35.112800598144496], [133.36740112304702, 35.110466003417976], [133.36059570312503, 35.10480117797849], [133.358108520508, 35.10273361206046], [133.35459899902304, 35.100933074951186], [133.34889221191403, 35.1045989990234], [133.338302612305, 35.10666656494143], [133.33349609375003, 35.10260009765631], [133.332397460938, 35.09986495971679], [133.326095581055, 35.09439849853521], [133.32080078125, 35.09379959106448], [133.31640625, 35.096267700195334], [133.313003540039, 35.09773254394528], [133.310607910156, 35.096733093261726], [133.307907104492, 35.09906768798833], [133.303497314453, 35.09973144531246], [133.298904418945, 35.10353469848628], [133.290191650391, 35.09953308105473], [133.28800964355497, 35.09600067138667], [133.28840637207, 35.09166717529297], [133.28930664062497, 35.08653259277336], [133.289398193359, 35.085666656494055], [133.288192749023, 35.07746505737296], [133.29040527343798, 35.071731567382805], [133.283905029297, 35.06613540649408], [133.27729797363298, 35.06633377075198], [133.271697998047, 35.06086730957031], [133.26840209960898, 35.05780029296883], [133.26730346679696, 35.059333801269524], [133.261795043945, 35.0624008178711], [133.25799560546898, 35.067600250244105], [133.25059509277298, 35.07806777954096], [133.24679565429696, 35.07853317260744], [133.239791870117, 35.079067230224595], [133.23640441894497, 35.07820129394529], [133.23199462890597, 35.077598571777294], [133.23260498046903, 35.07053375244144], [133.22830200195304, 35.06840133666992], [133.21839904785193, 35.071533203124986], [133.21420288085903, 35.07400131225592], [133.20390319824196, 35.0727996826172], [133.19760131835903, 35.07213211059572], [133.181106567383, 35.06900024414056], [133.179107666016, 35.06746673583977], [133.173004150391, 35.06900024414056], [133.16850280761702, 35.067665100097685], [133.16439819335903, 35.07040023803711], [133.16110229492202, 35.07360076904302], [133.157897949219, 35.07260131835938], [133.155395507813, 35.0723342895508], [133.152603149414, 35.07026672363278], [133.14669799804702, 35.067398071289105], [133.14239501953102, 35.065200805664105], [133.136001586914, 35.06933212280271], [133.135696411133, 35.0742683410645], [133.13960266113298, 35.075664520263686], [133.13960266113298, 35.07826614379878], [133.140899658203, 35.081199645996115], [133.138000488281, 35.084400177002024], [133.137008666992, 35.08653259277336], [133.13740539550798, 35.093132019043], [133.139709472656, 35.09840011596676], [133.141006469727, 35.10106658935552], [133.14469909668, 35.10666656494143], [133.139709472656, 35.118267059326165], [133.14570617675798, 35.12433242797847], [133.14570617675798, 35.13280105590823], [133.149307250977, 35.14093399047848], [133.15499877929702, 35.145866394043], [133.156692504883, 35.148868560790994], [133.16569519043, 35.14939880371088], [133.17030334472702, 35.153598785400426], [133.18380737304702, 35.15753173828131], [133.18930053710903, 35.16159820556643], [133.19270324707003, 35.16686630249019], [133.19439697265594, 35.16986846923828], [133.19219970703102, 35.17833328247068], [133.188903808594, 35.1841316223145], [133.18499755859403, 35.18513107299796], [133.181594848633, 35.18806457519529], [133.18339538574193, 35.19433212280269], [133.18190002441403, 35.20086669921884], [133.173294067383, 35.205467224121115], [133.17160034179702, 35.20833206176761], [133.16859436035202, 35.20899963378909], [133.162506103516, 35.206665039062486], [133.15849304199202, 35.205665588378935], [133.154403686523, 35.20320129394527], [133.15119934082003, 35.20619964599609], [133.152206420898, 35.20826721191412], [133.15100097656298, 35.216197967529276], [133.15280151367202, 35.21913528442379], [133.15499877929702, 35.22073364257807], [133.16099548339804, 35.22306823730467], [133.16239929199202, 35.22299957275391], [133.169799804688, 35.2264671325684], [133.17120361328102, 35.22819900512701], [133.17399597168003, 35.229732513427706], [133.17779541015602, 35.23206710815431], [133.188903808594, 35.23680114746092], [133.19090270996102, 35.23626708984377], [133.192993164063, 35.23720169067383], [133.20570373535202, 35.2420654296875], [133.21000671386696, 35.24186706542968], [133.22380065918003, 35.24933242797854], [133.22740173339795, 35.246932983398445], [133.22889709472696, 35.2470016479492], [133.23089599609403, 35.246932983398445], [133.23939514160196, 35.25073242187499], [133.24090576171903, 35.250068664550774], [133.24470520019497, 35.25320053100593], [133.24679565429696, 35.25506591796878], [133.25070190429696, 35.25866699218751], [133.258102416992, 35.261531829834], [133.26200866699196, 35.25886535644533], [133.27450561523398, 35.25799942016602], [133.280502319336, 35.2619323730469], [133.28480529785196, 35.26119995117193], [133.28630065917997, 35.26126480102542], [133.28869628906298, 35.26119995117193], [133.290100097656, 35.26100158691411], [133.295196533203, 35.26426696777342], [133.300796508789, 35.26340103149412], [133.30439758300798, 35.265933990478544], [133.305801391602, 35.265731811523366], [133.309906005859, 35.268466949462876], [133.307403564453, 35.27933120727537], [133.29899597168, 35.291534423828104], [133.305694580078, 35.30266571044917], [133.304306030273, 35.30426406860354], [133.297500610352, 35.3118667602539], [133.291900634766, 35.319664001464815], [133.297698974609, 35.32473373413094], [133.29609680175798, 35.326801300048785], [133.295700073242, 35.3365325927734], [133.296295166016, 35.33926773071291], [133.29479980468798, 35.34653472900386], [133.307098388672, 35.36586761474611], [133.31379699707, 35.365600585937536], [133.31770324707, 35.36793136596678], [133.31770324707, 35.37279891967772], [133.31979370117202, 35.37273406982423], [133.32389831543, 35.37426757812502], [133.323104858398, 35.377067565918026], [133.313995361328, 35.38673400878906], [133.314605712891, 35.391201019287095], [133.319107055664, 35.394599914550824], [133.320007324219, 35.39979934692383], [133.320495605469, 35.406932830810526], [133.31449890136702, 35.41986465454096], [133.309707641602, 35.42813110351563], [133.302093505859, 35.43506622314451], [133.27549743652298, 35.44480133056639], [133.24679565429696, 35.46266555786134], [133.22630310058597, 35.47719955444341], [133.22149658203097, 35.481464385986264], [133.21159362793003, 35.50320053100588], [133.198608398438, 35.52506637573238], [133.19790649414102, 35.52640151977543], [133.199905395508, 35.533931732177685], [133.21749877929696, 35.54613113403324], [133.23120117187497, 35.54906845092766], [133.23580932617196, 35.54906845092766], [133.24409484863295, 35.54913330078133], [133.24600219726597, 35.54600143432617], [133.24679565429696, 35.54813385009769], [133.24749755859398, 35.54646682739257], [133.25750732421895, 35.55020141601563], [133.26480102539097, 35.55160140991209], [133.264694213867, 35.548931121826236], [133.25469970703097, 35.54119873046881], [133.25540161132798, 35.54026794433593], [133.25120544433597, 35.5379981994629], [133.25039672851597, 35.53893280029296], [133.24679565429696, 35.53686523437502], [133.24659729003898, 35.53653335571287], [133.24409484863295, 35.5351982116699], [133.24679565429696, 35.52780151367189], [133.25509643554696, 35.52826690673829], [133.25999450683597, 35.519866943359375], [133.25090026855497, 35.51580047607416], [133.25900268554696, 35.50320053100588], [133.26150512695298, 35.50066757202154], [133.26400756835898, 35.498199462890604], [133.28759765625, 35.48120117187496], [133.311996459961, 35.47026443481453], [133.34019470214804, 35.46239852905268], [133.34080505371102, 35.4627342224121], [133.343505859375, 35.46199798583977], [133.34519958496102, 35.46206665039062], [133.36180114746102, 35.459266662597706], [133.37179565429693, 35.45726776123052], [133.37359619140597, 35.4569320678711], [133.38890075683594, 35.45393371582028], [133.39100646972702, 35.453998565673764], [133.39320373535202, 35.45353317260737], [133.40960693359403, 35.45473098754883], [133.42480468749997, 35.46020126342768], [133.42579650878898, 35.46179962158204], [133.42869567871097, 35.47000122070313], [133.433395385742, 35.47733306884774], [133.43220520019497, 35.480934143066385], [133.43260192871097, 35.48193359375002], [133.43969726562497, 35.4858665466309], [133.445602416992, 35.493999481201236], [133.457901000977, 35.49826431274409], [133.462005615234, 35.49826431274409], [133.46789550781298, 35.49839782714842], [133.48010253906298, 35.50320053100588], [133.488296508789, 35.50806427001946], [133.493499755859, 35.51240158081052], [133.49679565429702, 35.5157318115234], [133.49980163574202, 35.51553344726558], [133.513595581055, 35.5176658630371], [133.518005371094, 35.5204658508301], [133.52189636230503, 35.51953125000004], [133.52360534668, 35.51966476440428], [133.52830505371102, 35.51946640014646], [133.52969360351602, 35.51946640014646], [133.53520202636702, 35.52406692504883], [133.54080200195304, 35.521465301513736], [133.542907714844, 35.52159881591798], [133.54389953613304, 35.521934509277315], [133.55189514160202, 35.523731231689496], [133.55400085449196, 35.523731231689496], [133.55780029296903, 35.526199340820256], [133.56700134277304, 35.530334472656314], [133.57020568847702, 35.53026580810547], [133.58970642089798, 35.53200149536126], [133.59429931640597, 35.52666854858401], [133.59829711914097, 35.52666854858401], [133.606994628906, 35.52226638793947], [133.621795654297, 35.520065307617195], [133.625, 35.51926422119138], [133.630599975586, 35.51933288574222], [133.64250183105497, 35.5153312683105], [133.647598266602, 35.51539993286134], [133.656997680664, 35.51226806640628], [133.65620422363298, 35.51240158081052], [133.655899047852, 35.50993347167967], [133.65739440918, 35.50919723510743], [133.66569519043, 35.50746536254882], [133.668395996094, 35.506931304931584], [133.68319702148403, 35.50713348388667], [133.69009399414102, 35.507064819335916], [133.70350646972702, 35.507266998291], [133.71690368652304, 35.50413131713867], [133.72410583496102, 35.50320053100588], [133.74679565429696, 35.50159835815433], [133.77160644531304, 35.50073242187503], [133.78199768066398, 35.50093460083012], [133.78649902343795, 35.500865936279276], [133.78999328613298, 35.50093460083012], [133.83869934082, 35.50320053100588], [133.85299682617202, 35.50506591796882], [133.854995727539, 35.50506591796882], [133.87179565429702, 35.505867004394545], [133.87869262695304, 35.507400512695334], [133.88029479980503, 35.507198333740156], [133.88240051269503, 35.507266998291], [133.88529968261693, 35.50873184204104], [133.88999938964804, 35.50753402709958], [133.89529418945304, 35.50753402709958], [133.90170288085903, 35.51033401489258], [133.90310668945304, 35.51033401489258], [133.90319824218804, 35.510398864746065], [133.90809631347693, 35.508598327636705], [133.93569946289097, 35.51279830932616], [133.93910217285196, 35.51620101928707], [133.9375, 35.51726531982419], [133.94589233398398, 35.51946640014646], [133.94920349121097, 35.51746749877928], [133.95840454101597, 35.51933288574222], [133.959197998047, 35.525665283203104], [133.962692260742, 35.52286529541019], [133.96470642089798, 35.522998809814524], [133.96769714355497, 35.52233123779304], [133.97250366210898, 35.52266693115229], [133.97770690917997, 35.5223999023438], [133.98170471191398, 35.524868011474645], [133.983291625977, 35.52293395996086], [133.988006591797, 35.52293395996086], [133.990707397461, 35.52553176879877], [133.994400024414, 35.52386856079101], [133.995193481445, 35.524398803710895], [133.996795654297, 35.52433395385741], [133.999908447266, 35.5252647399902], [134.001800537109, 35.53079986572271], [134.004302978516, 35.5347328186035], [134.00729370117202, 35.53793334960941], [134.013107299805, 35.529266357421925], [134.014495849609, 35.52993392944341], [134.01739501953102, 35.5217971801758], [134.01770019531298, 35.52106475830083], [134.03179931640602, 35.51873397827149], [134.04270935058602, 35.51879882812498], [134.04460144043, 35.51873397827149], [134.07769775390597, 35.52159881591798], [134.08169555664102, 35.525131225585866], [134.08419799804696, 35.52493286132813], [134.08889770507804, 35.525131225585866], [134.09330749511696, 35.524398803710895], [134.09640502929696, 35.52453231811523], [134.09989929199196, 35.52693176269532], [134.10130310058597, 35.52679824829099], [134.10290527343804, 35.525665283203104], [134.10369873046903, 35.52686691284183], [134.10610961914102, 35.525333404541044], [134.10740661621097, 35.525333404541044], [134.10969543456997, 35.52686691284183], [134.11300659179696, 35.5267333984375], [134.12030029296898, 35.52686691284183], [134.12179565429696, 35.52679824829099], [134.13670349121097, 35.52906417846683], [134.177703857422, 35.5358009338379], [134.183700561523, 35.5399322509766], [134.186798095703, 35.5399322509766], [134.186798095703, 35.541133880615234], [134.189804077148, 35.53966522216802], [134.194305419922, 35.53973388671878], [134.23019409179702, 35.54679870605472], [134.24679565429696, 35.55193328857424], [134.26719665527298, 35.55866622924803], [134.27430725097693, 35.56373214721679], [134.27499389648398, 35.56819915771482], [134.27650451660196, 35.572265625000036], [134.27729797363304, 35.572864532470675], [134.28129577636696, 35.574199676513736], [134.28689575195298, 35.57373428344734], [134.29200744628898, 35.576400756835916], [134.29159545898398, 35.582798004150376], [134.29280090331997, 35.58359909057619], [134.29040527343804, 35.58440017700201], [134.29159545898398, 35.58653259277344], [134.29119873046898, 35.587600708007834], [134.29490661621097, 35.58993148803708], [134.29960632324196, 35.589797973632834], [134.300994873047, 35.589797973632834], [134.301803588867, 35.59239959716802], [134.30599975585898, 35.59180068969729], [134.30880737304696, 35.59206771850587], [134.310394287109, 35.59393310546881], [134.313201904297, 35.594333648681626], [134.3125, 35.59360122680656], [134.31530761718804, 35.593734741210895], [134.31689453125, 35.59346771240232], [134.31790161132798, 35.593532562255895], [134.31820678710898, 35.59273147583008], [134.322799682617, 35.59093475341798], [134.33410644531298, 35.59246826171877], [134.33740234375, 35.59640121459957], [134.339492797852, 35.597667694091776], [134.336898803711, 35.60093307495117], [134.33979797363298, 35.60246658325196], [134.33869934082, 35.60513305664063], [134.339294433594, 35.60773468017581], [134.341293334961, 35.60773468017581], [134.34309387207, 35.608066558837876], [134.344802856445, 35.609199523925845], [134.34440612792997, 35.60680007934566], [134.34440612792997, 35.60493469238281], [134.348297119141, 35.60099792480466], [134.350997924805, 35.601268768310504], [134.357894897461, 35.600734710693445], [134.369003295898, 35.60419845581048], [134.36950683593798, 35.61459732055658]]]}}, {"type": "Feature", "properties": {"code": "36", "name": "徳島県"}, "geometry": {"type": "MultiPolygon", "coordinates": [[[[134.5914, 34.2144], [134.5928, 34.2413], [134.6124, 34.2504], [134.6151, 34.232], [134.5914, 34.2144]]], [[[134.6218, 34.1858], [134.5876, 34.207], [134.6079, 34.2153], [134.6143, 34.2111], [134.6037, 34.2085], [134.6104, 34.2053], [134.6218, 34.2119], [134.6239, 34.2177], [134.6138, 34.2211], [134.616, 34.2315], [134.6421, 34.2395], [134.6218, 34.1858]]], [[[134.4397, 34.2079], [134.4733, 34.2095], [134.5063, 34.2257], [134.5717, 34.2223], [134.5686, 34.2362], [134.5835, 34.2393], [134.5899, 34.2378], [134.5829, 34.2039], [134.623, 34.1813], [134.6418, 34.1802], [134.6037, 34.1197], [134.6031, 34.0852], [134.593, 34.0648], [134.6063, 34.062], [134.6031, 34.052], [134.5857, 34.0557], [134.5953, 34.0494], [134.5853, 34.0363], [134.5941, 34.0351], [134.5879, 34.0299], [134.6001, 34.0187], [134.5884, 34.0117], [134.5962, 34.0013], [134.6139, 33.9967], [134.6049, 33.9938], [134.6058, 33.9827], [134.6101, 33.9909], [134.6182, 33.9868], [134.6325, 33.9939], [134.6248, 34.0059], [134.634, 34.0097], [134.6677, 33.9622], [134.6978, 33.9501], [134.7058, 33.9257], [134.6747, 33.8797], [134.6746, 33.8862], [134.667, 33.8791], [134.6527, 33.8823], [134.6605, 33.8757], [134.6371, 33.8729], [134.6285, 33.8573], [134.6454, 33.8659], [134.6428, 33.8427], [134.6866, 33.8523], [134.7193, 33.8452], [134.693, 33.8412], [134.6805, 33.8301], [134.6996, 33.836], [134.7192, 33.8313], [134.7407, 33.8419], [134.7495, 33.8345], [134.6411, 33.7885], [134.6412, 33.7807], [134.6208, 33.7867], [134.6013, 33.7719], [134.6019, 33.7647], [134.5941, 33.7723], [134.5797, 33.7699], [134.581, 33.7633], [134.5694, 33.7617], [134.5744, 33.7532], [134.5665, 33.7327], [134.5566, 33.7343], [134.557, 33.745], [134.5433, 33.7366], [134.5427, 33.7198], [134.5166, 33.7015], [134.438, 33.663], [134.4184, 33.6656], [134.4112, 33.6541], [134.3955, 33.6561], [134.3618, 33.627], [134.3888, 33.6233], [134.3679, 33.6067], [134.3633, 33.5889], [134.332, 33.5844], [134.3622, 33.5805], [134.3219, 33.5823], [134.3108, 33.5763], [134.3064, 33.5621], [134.3191, 33.5557], [134.314, 33.5457], [134.2822, 33.5603], [134.2372, 33.5526], [134.2197, 33.5667], [134.1927, 33.5615], [134.1847, 33.5868], [134.1713, 33.5961], [134.1742, 33.6081], [134.1556, 33.6116], [134.1492, 33.6291], [134.1835, 33.6489], [134.1711, 33.6571], [134.1743, 33.6836], [134.1218, 33.6959], [134.0575, 33.6908], [134.0696, 33.7111], [134.0673, 33.7262], [134.0561, 33.7507], [134.057, 33.7795], [134.033, 33.8089], [134.0324, 33.8283], [133.9968, 33.821], [133.984, 33.8408], [133.9604, 33.8347], [133.9513, 33.8293], [133.9409, 33.7991], [133.9249, 33.8005], [133.9131, 33.7915], [133.8934, 33.8043], [133.8718, 33.806], [133.8386, 33.8446], [133.8066, 33.8365], [133.7761, 33.8422], [133.7468, 33.8368], [133.7378, 33.8495], [133.7009, 33.8498], [133.664, 33.8688], [133.6603, 33.8835], [133.6774, 33.8936], [133.6778, 33.9096], [133.6891, 33.9161], [133.6853, 33.9255], [133.6755, 33.9263], [133.692, 33.9458], [133.6918, 33.962], [133.6801, 33.9696], [133.6814, 33.9835], [133.6745, 33.9835], [133.6847, 34.0032], [133.679, 34.0124], [133.7203, 34.022], [133.7283, 34.0442], [133.7774, 34.0781], [133.7907, 34.0781], [133.7976, 34.0695], [133.8157, 34.0727], [133.8218, 34.0922], [133.8329, 34.0975], [133.8922, 34.108], [133.9033, 34.1007], [133.9214, 34.1142], [133.9385, 34.1153], [133.9454, 34.0919], [133.9718, 34.0731], [133.9968, 34.0738], [134.0093, 34.0865], [134.0267, 34.0865], [134.0503, 34.1179], [134.0602, 34.1114], [134.0801, 34.1211], [134.0921, 34.1147], [134.1218, 34.1187], [134.1379, 34.1324], [134.1348, 34.1513], [134.1456, 34.1649], [134.1734, 34.1767], [134.1956, 34.1722], [134.2594, 34.1833], [134.2911, 34.1791], [134.2974, 34.1685], [134.3139, 34.1771], [134.3426, 34.1724], [134.3493, 34.1853], [134.3844, 34.1659], [134.4016, 34.1679], [134.4124, 34.1568], [134.4334, 34.1699], [134.4287, 34.1831], [134.4384, 34.191], [134.4397, 34.2079]]], [[[134.6736, 33.8596], [134.6711, 33.8674], [134.6806, 33.8682], [134.6736, 33.8596]]], [[[134.6543, 33.8543], [134.6536, 33.8673], [134.6618, 33.8661], [134.6543, 33.8543]]], [[[134.8097, 33.8403], [134.8071, 33.8508], [134.8212, 33.8561], [134.8187, 33.8434], [134.8097, 33.8403]]], [[[134.4968, 33.6301], [134.4808, 33.6366], [134.4866, 33.6351], [134.4847, 33.6449], [134.5037, 33.6407], [134.4968, 33.6301]]]]}}, {"type": "Feature", "properties": {"code": "46", "name": "鹿児島県"}, "geometry": {"type": "MultiPolygon", "coordinates": [[[[130.2142, 32.2503], [130.2094, 32.2541], [130.2191, 32.2917], [130.2342, 32.2904], [130.2284, 32.2978], [130.2553, 32.3063], [130.2526, 32.3019], [130.2658, 32.2961], [130.2678, 32.2803], [130.2571, 32.2803], [130.2589, 32.2745], [130.2343, 32.2623], [130.2415, 32.2532], [130.2255, 32.262], [130.2142, 32.2503]]], [[[130.169, 32.2257], [130.1614, 32.2279], [130.1581, 32.2444], [130.1674, 32.2393], [130.1716, 32.2572], [130.188, 32.268], [130.169, 32.2257]]], [[[130.2038, 32.2043], [130.2073, 32.2117], [130.1965, 32.2169], [130.2007, 32.208], [130.1878, 32.2196], [130.1954, 32.2265], [130.1933, 32.2439], [130.2087, 32.224], [130.2054, 32.2173], [130.2098, 32.2203], [130.2038, 32.2043]]], [[[130.1578, 32.0898], [130.1107, 32.1258], [130.1149, 32.1565], [130.1086, 32.1699], [130.0901, 32.18], [130.0937, 32.188], [130.1081, 32.187], [130.0985, 32.1943], [130.1218, 32.2001], [130.104, 32.2043], [130.111, 32.2068], [130.1062, 32.2146], [130.137, 32.2135], [130.1562, 32.1953], [130.1576, 32.2039], [130.1446, 32.2167], [130.1546, 32.2162], [130.1535, 32.2281], [130.1626, 32.2123], [130.1742, 32.2291], [130.1903, 32.198], [130.1996, 32.1975], [130.1863, 32.1905], [130.1845, 32.1643], [130.2034, 32.1696], [130.2086, 32.1556], [130.1787, 32.1371], [130.1766, 32.1279], [130.171, 32.1341], [130.1767, 32.1177], [130.1681, 32.0949], [130.1578, 32.0898]]], [[[130.5908, 32.1859], [130.6098, 32.1863], [130.6218, 32.1558], [130.6507, 32.1511], [130.6541, 32.1355], [130.7197, 32.1006], [130.7036, 32.0784], [130.7025, 32.0582], [130.7348, 32.0479], [130.7774, 32.0139], [130.7836, 31.9786], [130.7941, 31.9721], [130.7995, 31.9493], [130.8658, 31.933], [130.8817, 31.9199], [130.8974, 31.8868], [130.913, 31.8857], [130.8935, 31.8763], [130.8884, 31.8515], [130.8746, 31.8429], [130.8811, 31.8314], [130.8761, 31.8154], [130.8835, 31.8052], [130.9149, 31.8044], [130.9311, 31.7854], [130.9866, 31.7792], [130.9894, 31.7684], [130.9773, 31.7532], [130.9968, 31.7456], [131.0142, 31.7485], [131.0129, 31.7115], [131.0271, 31.6963], [131.0251, 31.6662], [131.0455, 31.6511], [131.0531, 31.6337], [131.0783, 31.6597], [131.1276, 31.6263], [131.1642, 31.6391], [131.1877, 31.6235], [131.1851, 31.6093], [131.2038, 31.5785], [131.1883, 31.5573], [131.196, 31.5488], [131.1986, 31.5143], [131.1692, 31.4998], [131.1595, 31.4616], [131.144, 31.4678], [131.1387, 31.4611], [131.109, 31.476], [131.094, 31.4567], [131.0858, 31.4618], [131.0557, 31.4415], [131.0185, 31.3913], [131.0171, 31.3565], [131.1075, 31.3308], [131.1036, 31.3118], [131.073, 31.2915], [131.0784, 31.2723], [131.1054, 31.2754], [131.1218, 31.2867], [131.131, 31.2814], [131.1266, 31.2752], [131.0659, 31.2281], [131.0162, 31.2278], [131.0063, 31.2159], [131.0022, 31.1893], [130.9843, 31.1798], [130.9944, 31.1695], [130.9731, 31.1669], [130.978, 31.1525], [130.9598, 31.1372], [130.9216, 31.1249], [130.915, 31.1133], [130.9002, 31.1129], [130.8718, 31.0948], [130.8127, 31.0888], [130.7638, 31.0635], [130.7598, 31.0549], [130.7468, 31.0605], [130.7169, 31.0451], [130.716, 31.0265], [130.6826, 31.0237], [130.6874, 31.0161], [130.6814, 31.0032], [130.6686, 31.0087], [130.6606, 30.9942], [130.6555, 31.0053], [130.6729, 31.0289], [130.6779, 31.0529], [130.6734, 31.0654], [130.6529, 31.0694], [130.713, 31.1145], [130.731, 31.1175], [130.747, 31.1398], [130.7655, 31.1796], [130.7529, 31.2103], [130.7891, 31.2532], [130.7948, 31.2916], [130.7895, 31.3045], [130.8018, 31.3365], [130.7567, 31.4213], [130.7274, 31.4519], [130.6976, 31.4629], [130.6905, 31.4881], [130.6974, 31.4946], [130.6976, 31.5287], [130.7059, 31.5383], [130.6974, 31.5553], [130.6797, 31.5442], [130.6755, 31.5528], [130.6361, 31.5459], [130.5905, 31.5865], [130.627, 31.621], [130.6771, 31.6291], [130.684, 31.6212], [130.6952, 31.6248], [130.7157, 31.6029], [130.7095, 31.5983], [130.7161, 31.5865], [130.7082, 31.5823], [130.7149, 31.5748], [130.7101, 31.5662], [130.719, 31.5617], [130.7057, 31.5569], [130.7642, 31.5623], [130.7864, 31.5865], [130.7851, 31.6011], [130.8001, 31.6317], [130.8219, 31.656], [130.8115, 31.6819], [130.7956, 31.6882], [130.7939, 31.7018], [130.737, 31.7067], [130.7302, 31.7093], [130.7288, 31.7247], [130.7231, 31.7178], [130.7164, 31.7277], [130.6867, 31.735], [130.6274, 31.7131], [130.6089, 31.6827], [130.618, 31.6565], [130.6037, 31.6465], [130.6014, 31.6315], [130.5767, 31.6169], [130.5607, 31.5957], [130.5698, 31.5832], [130.5579, 31.5463], [130.5467, 31.549], [130.5376, 31.5221], [130.5271, 31.5233], [130.5361, 31.5195], [130.5322, 31.5069], [130.5176, 31.5032], [130.5329, 31.5009], [130.5303, 31.484], [130.5136, 31.4939], [130.5188, 31.4853], [130.5142, 31.4876], [130.5122, 31.4776], [130.5317, 31.4698], [130.5312, 31.4623], [130.5117, 31.4634], [130.5245, 31.4137], [130.5381, 31.3906], [130.5484, 31.3962], [130.5571, 31.3856], [130.547, 31.3795], [130.5411, 31.3856], [130.5704, 31.3138], [130.6218, 31.2755], [130.6667, 31.2667], [130.6486, 31.2417], [130.6549, 31.2177], [130.6301, 31.2115], [130.6272, 31.2033], [130.6322, 31.2003], [130.6353, 31.2098], [130.6449, 31.2022], [130.6393, 31.1913], [130.6264, 31.1815], [130.5938, 31.1785], [130.5871, 31.1699], [130.5955, 31.1621], [130.5862, 31.1559], [130.5543, 31.1781], [130.5413, 31.1675], [130.5197, 31.1651], [130.5057, 31.1775], [130.5143, 31.1973], [130.5075, 31.2131], [130.4623, 31.2499], [130.3531, 31.2501], [130.3151, 31.2569], [130.3071, 31.2665], [130.2936, 31.2595], [130.2908, 31.2689], [130.2919, 31.261], [130.2819, 31.2659], [130.2769, 31.2466], [130.2368, 31.2589], [130.2142, 31.2491], [130.2182, 31.2668], [130.2281, 31.2678], [130.2138, 31.2735], [130.2287, 31.2805], [130.2151, 31.2821], [130.2129, 31.2897], [130.2009, 31.282], [130.199, 31.2969], [130.2195, 31.2987], [130.2232, 31.3104], [130.2087, 31.3219], [130.2052, 31.3141], [130.173, 31.3235], [130.2054, 31.3365], [130.2089, 31.3469], [130.1994, 31.3581], [130.1893, 31.3545], [130.1884, 31.3676], [130.1742, 31.366], [130.1638, 31.374], [130.1305, 31.4113], [130.1204, 31.4167], [130.1056, 31.4119], [130.1133, 31.4232], [130.1353, 31.4129], [130.1577, 31.4397], [130.1692, 31.4199], [130.18, 31.4228], [130.1875, 31.41], [130.1921, 31.4288], [130.191, 31.4098], [130.2247, 31.3986], [130.2716, 31.4259], [130.2911, 31.4474], [130.3121, 31.4905], [130.3317, 31.5552], [130.3307, 31.6167], [130.3147, 31.6583], [130.2977, 31.6618], [130.2738, 31.7059], [130.2528, 31.7092], [130.2619, 31.7081], [130.2624, 31.7145], [130.2518, 31.7309], [130.2361, 31.7345], [130.2125, 31.7553], [130.1855, 31.7487], [130.1842, 31.7696], [130.166, 31.7938], [130.1858, 31.8301], [130.1811, 31.8355], [130.1978, 31.8533], [130.1918, 31.8601], [130.2082, 31.8709], [130.2231, 31.9115], [130.2, 31.9861], [130.1857, 31.9948], [130.1728, 31.9915], [130.182, 31.9957], [130.1793, 32.0157], [130.192, 32.0157], [130.1882, 32.0305], [130.2027, 32.0407], [130.2058, 32.0579], [130.1924, 32.0839], [130.1805, 32.0795], [130.1832, 32.0716], [130.1716, 32.0777], [130.1746, 32.1045], [130.2231, 32.1279], [130.2555, 32.1261], [130.2626, 32.1188], [130.2656, 32.1285], [130.2845, 32.1087], [130.3081, 32.108], [130.3514, 32.1358], [130.3622, 32.1511], [130.36, 32.1678], [130.4035, 32.1197], [130.4533, 32.1134], [130.4748, 32.1221], [130.476, 32.1389], [130.5386, 32.137], [130.5414, 32.1493], [130.5814, 32.1546], [130.5954, 32.1768], [130.5908, 32.1859]]], [[[130.1645, 32.0211], [130.1637, 32.0289], [130.1705, 32.0225], [130.1645, 32.0211]]], [[[129.8713, 31.8006], [129.8718, 31.8207], [129.8565, 31.8215], [129.8651, 31.8329], [129.859, 31.8371], [129.8449, 31.8298], [129.848, 31.8409], [129.8411, 31.8495], [129.8643, 31.8589], [129.8468, 31.8553], [129.8419, 31.8697], [129.8349, 31.8379], [129.8203, 31.8437], [129.8169, 31.8613], [129.8345, 31.8821], [129.8606, 31.8786], [129.9094, 31.8428], [129.9183, 31.8513], [129.91, 31.8549], [129.9074, 31.8699], [129.931, 31.8649], [129.923, 31.8624], [129.9307, 31.8499], [129.9191, 31.8403], [129.9305, 31.8365], [129.9266, 31.8213], [129.9186, 31.8167], [129.9033, 31.8248], [129.8994, 31.8139], [129.8713, 31.8006]]], [[[129.8405, 31.8204], [129.8355, 31.8252], [129.8441, 31.8291], [129.8405, 31.8204]]], [[[129.8277, 31.7747], [129.8162, 31.7787], [129.8103, 31.799], [129.8198, 31.8127], [129.8381, 31.8189], [129.8371, 31.8032], [129.8448, 31.8012], [129.8249, 31.7897], [129.8313, 31.7835], [129.8277, 31.7747]]], [[[129.7129, 31.6216], [129.7057, 31.6367], [129.6884, 31.6216], [129.6808, 31.6325], [129.665, 31.6343], [129.6571, 31.6585], [129.6812, 31.6633], [129.6759, 31.6662], [129.6919, 31.6911], [129.6875, 31.7029], [129.6998, 31.7061], [129.6963, 31.7155], [129.7064, 31.7231], [129.7653, 31.7435], [129.7736, 31.7404], [129.7744, 31.7581], [129.7881, 31.7693], [129.7807, 31.7745], [129.781, 31.7907], [129.7988, 31.7855], [129.8033, 31.7822], [129.7924, 31.7772], [129.7999, 31.7617], [129.7776, 31.7443], [129.7687, 31.7135], [129.758, 31.7097], [129.7509, 31.7178], [129.7377, 31.7044], [129.7424, 31.6869], [129.7242, 31.6699], [129.7371, 31.6552], [129.7118, 31.6336], [129.7129, 31.6216]]], [[[131.0245, 31.3629], [131.021, 31.3763], [131.0316, 31.3775], [131.0348, 31.3642], [131.0245, 31.3629]]], [[[130.1616, 31.3503], [130.1575, 31.3545], [130.1676, 31.3635], [130.1616, 31.3503]]], [[[130.6753, 31.2722], [130.6759, 31.2801], [130.6808, 31.2771], [130.6753, 31.2722]]], [[[129.4341, 31.1755], [129.4501, 31.1993], [129.4474, 31.1769], [129.4341, 31.1755]]], [[[129.9299, 30.8118], [129.9113, 30.8187], [129.9038, 30.8385], [129.9376, 30.8506], [129.9625, 30.8352], [129.9523, 30.8189], [129.9299, 30.8118]]], [[[130.9483, 30.6352], [130.9418, 30.6471], [130.9461, 30.6663], [130.9397, 30.6699], [130.9721, 30.7073], [130.9788, 30.7256], [130.9922, 30.7251], [130.9903, 30.7411], [131.0071, 30.7646], [131.0022, 30.7837], [131.0301, 30.8125], [131.0314, 30.8229], [131.0439, 30.824], [131.0552, 30.8391], [131.0815, 30.7837], [131.071, 30.7636], [131.0775, 30.6969], [131.0654, 30.6907], [131.0551, 30.6699], [131.0489, 30.6469], [131.0576, 30.6416], [131.0541, 30.6057], [131.0317, 30.5865], [131.0339, 30.5663], [131.0275, 30.5551], [131.0001, 30.5485], [130.9619, 30.4797], [130.9681, 30.4632], [130.9577, 30.4594], [130.9784, 30.4355], [130.9676, 30.4183], [130.9802, 30.3978], [130.9665, 30.3942], [130.9669, 30.3725], [130.9379, 30.3753], [130.9028, 30.363], [130.8833, 30.344], [130.8713, 30.3444], [130.8568, 30.3694], [130.865, 30.4007], [130.8492, 30.4675], [130.8718, 30.4659], [130.9289, 30.5439], [130.9502, 30.5865], [130.9483, 30.6352]]], [[[130.442, 30.8003], [130.3959, 30.81], [130.4255, 30.8193], [130.4445, 30.8101], [130.442, 30.8003]]], [[[130.2773, 30.7723], [130.261, 30.7815], [130.2673, 30.7928], [130.3016, 30.8079], [130.3197, 30.7954], [130.313, 30.7807], [130.2758, 30.7803], [130.2773, 30.7723]]], [[[130.8508, 30.7253], [130.8362, 30.7269], [130.8409, 30.7501], [130.8558, 30.7649], [130.8663, 30.7415], [130.8615, 30.7279], [130.8508, 30.7253]]], [[[130.2095, 30.4215], [130.1909, 30.4432], [130.1945, 30.4604], [130.1689, 30.4568], [130.1667, 30.4684], [130.1489, 30.4786], [130.1441, 30.4902], [130.1541, 30.4848], [130.1672, 30.4895], [130.1647, 30.4821], [130.1794, 30.4839], [130.1895, 30.4721], [130.1989, 30.4821], [130.2632, 30.4479], [130.2603, 30.4329], [130.2335, 30.4347], [130.2286, 30.4231], [130.2095, 30.4215]]], [[[130.5216, 30.2263], [130.4355, 30.2403], [130.4207, 30.2656], [130.413, 30.2651], [130.4121, 30.2959], [130.4025, 30.3151], [130.3916, 30.3202], [130.3759, 30.3725], [130.3795, 30.3929], [130.4164, 30.3954], [130.4626, 30.4358], [130.4631, 30.4565], [130.4954, 30.4554], [130.4968, 30.4691], [130.4993, 30.4523], [130.5418, 30.4464], [130.5973, 30.4102], [130.657, 30.3894], [130.6697, 30.3725], [130.6615, 30.3171], [130.6497, 30.2955], [130.5817, 30.2387], [130.5369, 30.2279], [130.5304, 30.2337], [130.5216, 30.2263]]], [[[129.9308, 29.949], [129.904, 29.9639], [129.899, 29.9754], [129.914, 29.9923], [129.9084, 30.0007], [129.915, 30.0068], [129.9455, 29.9604], [129.9308, 29.949]]], [[[129.5425, 29.8926], [129.5312, 29.8963], [129.5304, 29.9146], [129.552, 29.9034], [129.5526, 29.8947], [129.5425, 29.8926]]], [[[129.8718, 29.8161], [129.8366, 29.8497], [129.8341, 29.8635], [129.8494, 29.8826], [129.8909, 29.8697], [129.894, 29.8447], [129.9168, 29.8195], [129.8718, 29.8161]]], [[[129.5353, 29.6759], [129.5242, 29.6859], [129.533, 29.6963], [129.5353, 29.6759]]], [[[129.7059, 29.6022], [129.6965, 29.6031], [129.6913, 29.6151], [129.6845, 29.6537], [129.7198, 29.6697], [129.7412, 29.6699], [129.7373, 29.6372], [129.7059, 29.6022]]], [[[129.6036, 29.4445], [129.5934, 29.4457], [129.5948, 29.455], [129.5835, 29.4619], [129.593, 29.4763], [129.6081, 29.4717], [129.6188, 29.4511], [129.6036, 29.4445]]], [[[129.326, 29.2179], [129.318, 29.2235], [129.3236, 29.2276], [129.3303, 29.2255], [129.326, 29.2179]]], [[[129.2197, 29.1267], [129.187, 29.1549], [129.2189, 29.1575], [129.2197, 29.1267]]], [[[128.9949, 28.7915], [128.9776, 28.7927], [128.972, 28.8005], [128.9968, 28.8059], [129.0013, 28.7947], [128.9949, 28.7915]]], [[[129.6453, 28.4334], [129.6546, 28.4239], [129.6474, 28.4677], [129.6651, 28.4383], [129.6731, 28.461], [129.6469, 28.5029], [129.656, 28.4995], [129.6748, 28.5256], [129.6879, 28.5298], [129.6942, 28.4905], [129.7034, 28.4764], [129.7174, 28.4746], [129.7211, 28.4581], [129.708, 28.4207], [129.7077, 28.4285], [129.6941, 28.4141], [129.6677, 28.4077], [129.6641, 28.3977], [129.6302, 28.4063], [129.6132, 28.3999], [129.5606, 28.3325], [129.5331, 28.3272], [129.5426, 28.3101], [129.4811, 28.2883], [129.4617, 28.2961], [129.4546, 28.2929], [129.458, 28.2649], [129.4421, 28.2464], [129.4063, 28.2491], [129.4449, 28.2289], [129.4545, 28.2321], [129.4746, 28.2091], [129.4606, 28.211], [129.4501, 28.1949], [129.4335, 28.1987], [129.4185, 28.1869], [129.4025, 28.1905], [129.4073, 28.1783], [129.4003, 28.1535], [129.378, 28.1649], [129.3627, 28.1623], [129.3489, 28.1737], [129.3361, 28.1681], [129.3639, 28.1499], [129.3766, 28.1094], [129.3657, 28.1118], [129.3578, 28.1255], [129.3669, 28.1281], [129.3574, 28.1355], [129.3475, 28.1302], [129.3396, 28.1377], [129.3318, 28.1292], [129.3207, 28.1317], [129.3121, 28.1452], [129.2946, 28.1483], [129.2958, 28.1606], [129.2839, 28.1645], [129.2965, 28.1681], [129.2912, 28.1819], [129.2814, 28.1781], [129.289, 28.1889], [129.2809, 28.1971], [129.2728, 28.1814], [129.2623, 28.1825], [129.2723, 28.2069], [129.2874, 28.2123], [129.2916, 28.2227], [129.2639, 28.2147], [129.2748, 28.2321], [129.2616, 28.2254], [129.253, 28.2327], [129.2471, 28.2141], [129.2558, 28.2047], [129.2468, 28.2031], [129.2395, 28.2173], [129.2162, 28.2287], [129.2107, 28.2186], [129.195, 28.2266], [129.1831, 28.2213], [129.1686, 28.2419], [129.1511, 28.2363], [129.1337, 28.2537], [129.1637, 28.2547], [129.1799, 28.2697], [129.2079, 28.2519], [129.2124, 28.2695], [129.2243, 28.2726], [129.2468, 28.2627], [129.2468, 28.2525], [129.2539, 28.2648], [129.2725, 28.2608], [129.2742, 28.2725], [129.2917, 28.2741], [129.2923, 28.2843], [129.2723, 28.2825], [129.2647, 28.2893], [129.2637, 28.2739], [129.2487, 28.2745], [129.2098, 28.3062], [129.2338, 28.3077], [129.2843, 28.3318], [129.3027, 28.3293], [129.3118, 28.3349], [129.3097, 28.3491], [129.3245, 28.3493], [129.3373, 28.3671], [129.3657, 28.3541], [129.3862, 28.3729], [129.3982, 28.3555], [129.4098, 28.3635], [129.3939, 28.3854], [129.4257, 28.3883], [129.449, 28.3815], [129.4551, 28.4105], [129.4615, 28.4126], [129.4755, 28.3997], [129.4881, 28.4119], [129.4968, 28.3799], [129.507, 28.3998], [129.5217, 28.3991], [129.5109, 28.4071], [129.5171, 28.4402], [129.5431, 28.4619], [129.5606, 28.4485], [129.5614, 28.4577], [129.5783, 28.4671], [129.6211, 28.477], [129.589, 28.4135], [129.6, 28.4143], [129.6018, 28.4304], [129.6153, 28.4319], [129.6194, 28.45], [129.6289, 28.4356], [129.6184, 28.4278], [129.6218, 28.4159], [129.6369, 28.4156], [129.6453, 28.4334]]], [[[129.9445, 28.2739], [129.9154, 28.2951], [129.9188, 28.3196], [129.9496, 28.3259], [130.0083, 28.3746], [130.0294, 28.3714], [130.0332, 28.3565], [130.0167, 28.3365], [130.0005, 28.3365], [130.0044, 28.3295], [129.9767, 28.2872], [129.9445, 28.2739]]], [[[129.2073, 28.2821], [129.1778, 28.2964], [129.1831, 28.3061], [129.2124, 28.2961], [129.2208, 28.2839], [129.2073, 28.2821]]], [[[129.3174, 28.0615], [129.3211, 28.0952], [129.3052, 28.0865], [129.2906, 28.0899], [129.2839, 28.0624], [129.2615, 28.0775], [129.2651, 28.0865], [129.2518, 28.1104], [129.2158, 28.0758], [129.2092, 28.0847], [129.223, 28.0974], [129.2118, 28.126], [129.2188, 28.1391], [129.194, 28.1451], [129.1745, 28.1868], [129.1881, 28.1868], [129.2077, 28.2003], [129.2177, 28.1903], [129.2301, 28.1977], [129.2375, 28.1935], [129.2385, 28.1848], [129.2301, 28.1909], [129.202, 28.1807], [129.2133, 28.1739], [129.2111, 28.1632], [129.2214, 28.1665], [129.2194, 28.1581], [129.2315, 28.1531], [129.2329, 28.1582], [129.2372, 28.1505], [129.2528, 28.1571], [129.2546, 28.1738], [129.2585, 28.1571], [129.261, 28.1701], [129.2684, 28.1671], [129.2738, 28.151], [129.2438, 28.1481], [129.2548, 28.1475], [129.2442, 28.1424], [129.2602, 28.144], [129.2426, 28.1384], [129.2443, 28.1216], [129.2741, 28.1412], [129.2594, 28.1164], [129.2722, 28.1235], [129.2726, 28.1125], [129.286, 28.1245], [129.2939, 28.1069], [129.3013, 28.121], [129.3199, 28.1004], [129.3239, 28.1127], [129.3439, 28.1151], [129.3529, 28.1026], [129.3382, 28.0754], [129.3174, 28.0615]]], [[[129.1481, 28.0133], [129.1479, 28.0491], [129.1705, 28.0679], [129.177, 28.049], [129.1645, 28.0426], [129.1645, 28.0221], [129.1481, 28.0133]]], [[[129.2569, 28.0051], [129.2325, 28.0233], [129.2119, 28.0219], [129.2049, 28.0398], [129.2126, 28.0542], [129.2353, 28.0305], [129.2502, 28.0395], [129.2543, 28.0295], [129.267, 28.0349], [129.2669, 28.0144], [129.2569, 28.0051]]], [[[128.902, 27.7525], [128.9059, 27.7635], [128.8872, 27.7919], [128.8905, 27.8185], [128.8781, 27.8256], [128.8804, 27.8459], [128.8809, 27.8352], [128.8923, 27.859], [128.8887, 27.8811], [128.9037, 27.8933], [128.9707, 27.8915], [128.9747, 27.872], [128.9558, 27.8629], [128.9702, 27.8521], [128.9676, 27.8177], [128.9852, 27.8039], [128.9951, 27.8051], [129.0132, 27.7811], [129.035, 27.7713], [129.0309, 27.7474], [129.0198, 27.7411], [129.0201, 27.7174], [129.0024, 27.7042], [128.986, 27.6696], [128.9364, 27.6607], [128.9217, 27.6699], [128.9156, 27.6953], [128.8811, 27.7201], [128.8961, 27.7337], [128.902, 27.7525]]], [[[128.5763, 27.4005], [128.5923, 27.3965], [128.6114, 27.408], [128.6293, 27.4075], [128.6895, 27.4395], [128.7123, 27.4344], [128.6765, 27.4135], [128.6346, 27.3652], [128.6063, 27.3449], [128.5563, 27.3288], [128.523, 27.361], [128.5218, 27.3869], [128.5323, 27.4045], [128.5553, 27.3953], [128.5763, 27.4005]]], [[[128.4426, 27.0186], [128.3991, 27.0349], [128.3962, 27.0501], [128.4122, 27.0479], [128.4182, 27.0639], [128.4387, 27.0651], [128.4534, 27.0486], [128.4557, 27.0273], [128.4426, 27.0186]]]]}}, {"type": "Feature", "properties": {"code": "15", "name": "新潟県"}, "geometry": {"type": "MultiPolygon", "coordinates": [[[[139.5482, 38.5534], [139.5988, 38.5234], [139.6218, 38.5257], [139.6379, 38.5119], [139.6933, 38.5071], [139.7219, 38.4966], [139.7245, 38.4848], [139.7125, 38.4797], [139.7179, 38.4246], [139.7056, 38.4075], [139.7061, 38.3919], [139.7124, 38.3871], [139.7225, 38.3943], [139.7326, 38.3719], [139.7531, 38.3597], [139.7912, 38.3492], [139.817, 38.3559], [139.8286, 38.3448], [139.8489, 38.343], [139.8807, 38.3031], [139.8988, 38.2925], [139.9001, 38.2761], [139.8765, 38.2611], [139.8605, 38.2317], [139.7867, 38.1929], [139.7624, 38.1989], [139.7559, 38.1931], [139.7127, 38.2066], [139.6992, 38.2027], [139.6826, 38.1699], [139.6907, 38.1547], [139.6933, 38.1155], [139.6829, 38.1083], [139.6723, 38.0771], [139.6914, 38.0746], [139.6864, 38.0649], [139.6928, 38.0572], [139.6555, 38.0343], [139.6537, 37.9965], [139.6437, 37.9948], [139.6396, 37.9845], [139.6425, 37.9463], [139.6249, 37.9187], [139.6294, 37.894], [139.6574, 37.8637], [139.6811, 37.8472], [139.7114, 37.8545], [139.7415, 37.8179], [139.6579, 37.7547], [139.6497, 37.7301], [139.6243, 37.7098], [139.6273, 37.6885], [139.615, 37.6875], [139.5936, 37.6655], [139.5494, 37.6488], [139.5547, 37.6419], [139.5468, 37.6279], [139.5488, 37.6113], [139.5651, 37.5976], [139.5713, 37.5769], [139.5661, 37.5461], [139.5906, 37.528], [139.5852, 37.5131], [139.5643, 37.5023], [139.5212, 37.5144], [139.4754, 37.5031], [139.4568, 37.5181], [139.4285, 37.5144], [139.4143, 37.5095], [139.4062, 37.466], [139.3976, 37.4601], [139.3623, 37.4701], [139.3458, 37.4605], [139.3261, 37.4625], [139.2813, 37.4503], [139.2231, 37.449], [139.2074, 37.4278], [139.2083, 37.4169], [139.1972, 37.4109], [139.2098, 37.3946], [139.2317, 37.3877], [139.2336, 37.3439], [139.2178, 37.3343], [139.2242, 37.3197], [139.2119, 37.286], [139.1747, 37.2565], [139.1648, 37.238], [139.1966, 37.1942], [139.2212, 37.209], [139.2534, 37.1648], [139.2361, 37.1162], [139.2395, 37.0893], [139.2601, 37.0471], [139.2443, 37.0146], [139.2551, 36.9895], [139.241, 36.9415], [139.232, 36.9406], [139.2373, 36.9471], [139.2283, 36.9613], [139.2052, 36.9563], [139.1803, 36.9647], [139.1792, 36.9914], [139.1719, 37.0003], [139.1319, 37.0267], [139.1218, 37.0477], [139.097, 37.0588], [139.0902, 37.0196], [139.047, 36.9875], [138.9665, 36.9789], [138.9657, 36.9439], [138.9771, 36.9199], [138.979, 36.8911], [138.9397, 36.8951], [138.923, 36.8835], [138.9162, 36.851], [138.9284, 36.8326], [138.8818, 36.8258], [138.8549, 36.8119], [138.8215, 36.8171], [138.8313, 36.7937], [138.8209, 36.7641], [138.8012, 36.7619], [138.7894, 36.745], [138.7263, 36.7638], [138.7119, 36.7388], [138.7026, 36.7369], [138.6957, 36.7386], [138.6879, 36.7659], [138.6692, 36.7763], [138.6956, 36.8075], [138.6802, 36.8222], [138.6903, 36.8365], [138.6909, 36.8572], [138.6267, 36.8822], [138.6205, 36.9034], [138.5895, 36.9141], [138.5917, 36.925], [138.5837, 36.9307], [138.5864, 36.9874], [138.5658, 37.0214], [138.5137, 37.0297], [138.4563, 37.0198], [138.3947, 36.9973], [138.3431, 36.9209], [138.3184, 36.9251], [138.2984, 36.9131], [138.2903, 36.8979], [138.299, 36.8873], [138.2888, 36.8705], [138.2961, 36.8563], [138.2889, 36.8474], [138.2714, 36.8431], [138.2682, 36.8601], [138.2549, 36.87], [138.2348, 36.864], [138.2136, 36.8703], [138.2058, 36.8595], [138.1659, 36.8448], [138.1152, 36.8505], [138.0841, 36.8321], [138.0694, 36.8049], [138.0528, 36.8001], [138.047, 36.8095], [138.0353, 36.8085], [138.0033, 36.8267], [138.0186, 36.8417], [138.0142, 36.861], [138.0313, 36.8782], [138.0318, 36.8899], [138.0157, 36.8933], [138.0137, 36.9039], [137.9692, 36.9109], [137.9623, 36.9021], [137.9215, 36.9199], [137.8953, 36.9105], [137.8688, 36.9161], [137.862, 36.9085], [137.8714, 36.9023], [137.8618, 36.8923], [137.8764, 36.8672], [137.8329, 36.8204], [137.8311, 36.8089], [137.7625, 36.7664], [137.7499, 36.7795], [137.7492, 36.808], [137.7299, 36.8269], [137.7332, 36.8701], [137.7136, 36.8915], [137.7197, 36.9263], [137.711, 36.9446], [137.6675, 36.9503], [137.6349, 36.9803], [137.909, 37.06], [137.9968, 37.1134], [138.019, 37.1145], [138.051, 37.1303], [138.1017, 37.1744], [138.149, 37.1621], [138.2163, 37.1699], [138.2468, 37.1815], [138.255, 37.2075], [138.2495, 37.1825], [138.2521, 37.1911], [138.2963, 37.2116], [138.3477, 37.2494], [138.4363, 37.3241], [138.554, 37.3783], [138.5996, 37.441], [138.6172, 37.4837], [138.6285, 37.4865], [138.681, 37.543], [138.7122, 37.5581], [138.7468, 37.604], [138.7761, 37.6699], [138.7878, 37.7259], [138.8165, 37.7884], [138.8402, 37.8142], [138.8718, 37.841], [139.0719, 37.9461], [139.0696, 37.9523], [139.1533, 37.9684], [139.2305, 37.9946], [139.2276, 37.9994], [139.3138, 38.0495], [139.3718, 38.106], [139.4274, 38.1773], [139.4309, 38.1911], [139.4238, 38.1881], [139.4504, 38.2389], [139.441, 38.2457], [139.4574, 38.3965], [139.5181, 38.5048], [139.5464, 38.5373], [139.5482, 38.5534]]], [[[139.2224, 38.4369], [139.2151, 38.4399], [139.2242, 38.4481], [139.2247, 38.4653], [139.2308, 38.4639], [139.2558, 38.4914], [139.2651, 38.4887], [139.2468, 38.4525], [139.2224, 38.4369]]], [[[138.2449, 37.8027], [138.2172, 37.8104], [138.2176, 37.8167], [138.2039, 37.8216], [138.206, 37.8281], [138.2166, 37.8377], [138.247, 37.8387], [138.2722, 37.8519], [138.2887, 37.8842], [138.2894, 37.8971], [138.279, 37.9065], [138.2849, 37.9199], [138.3431, 37.9645], [138.3254, 37.994], [138.3014, 38.007], [138.2744, 38.0032], [138.2549, 37.965], [138.2286, 37.9795], [138.2338, 38.0093], [138.221, 38.0144], [138.2215, 38.0222], [138.2395, 38.0303], [138.2331, 38.061], [138.247, 38.0759], [138.2423, 38.0875], [138.2601, 38.0971], [138.2696, 38.1207], [138.2897, 38.1341], [138.3251, 38.1987], [138.3458, 38.2018], [138.372, 38.2201], [138.4013, 38.2544], [138.4088, 38.2489], [138.4273, 38.2543], [138.439, 38.2655], [138.443, 38.292], [138.4623, 38.3127], [138.4589, 38.3214], [138.5146, 38.3325], [138.5206, 38.3224], [138.5139, 38.3168], [138.4928, 38.204], [138.4505, 38.1475], [138.4355, 38.1165], [138.4349, 38.0865], [138.4821, 38.0624], [138.5624, 38.0881], [138.5723, 38.0792], [138.5735, 38.0635], [138.5464, 38.0083], [138.5043, 37.9464], [138.5002, 37.9207], [138.4867, 37.9179], [138.4703, 37.8971], [138.4299, 37.8811], [138.3549, 37.8298], [138.3056, 37.8271], [138.2819, 37.8115], [138.2747, 37.8165], [138.2449, 37.8027]]]]}}, {"type": "Feature", "properties": {"code": "39", "name": "高知県"}, "geometry": {"type": "MultiPolygon", "coordinates": [[[[133.5826, 33.8676], [133.5974, 33.8803], [133.6276, 33.8721], [133.6455, 33.883], [133.6602, 33.8816], [133.6768, 33.8586], [133.7009, 33.8498], [133.7378, 33.8495], [133.7468, 33.8368], [133.7761, 33.8422], [133.8066, 33.8365], [133.8386, 33.8446], [133.8718, 33.806], [133.8934, 33.8043], [133.9131, 33.7915], [133.9249, 33.8005], [133.9409, 33.7991], [133.9513, 33.8293], [133.9604, 33.8347], [133.984, 33.8408], [133.9968, 33.821], [134.0324, 33.8283], [134.033, 33.8089], [134.057, 33.7795], [134.0561, 33.7507], [134.0673, 33.7262], [134.0696, 33.7111], [134.0575, 33.6908], [134.1218, 33.6959], [134.1743, 33.6836], [134.1711, 33.6571], [134.1835, 33.6489], [134.1492, 33.6291], [134.1556, 33.6116], [134.1742, 33.6081], [134.1713, 33.5961], [134.1847, 33.5868], [134.1927, 33.5615], [134.2197, 33.5667], [134.2372, 33.5526], [134.2733, 33.5605], [134.306, 33.5527], [134.2856, 33.5308], [134.2875, 33.5182], [134.2413, 33.4631], [134.2084, 33.3947], [134.2129, 33.3835], [134.1766, 33.2435], [134.1437, 33.2848], [134.1518, 33.2817], [134.1492, 33.2861], [134.1383, 33.2958], [134.1086, 33.2959], [134.1021, 33.327], [134.0817, 33.3368], [134.0534, 33.3677], [134.0387, 33.3705], [134.0306, 33.4122], [133.9592, 33.4422], [133.9409, 33.4639], [133.9441, 33.4731], [133.9343, 33.4866], [133.8196, 33.5151], [133.7686, 33.5155], [133.7546, 33.5199], [133.7556, 33.5317], [133.729, 33.5381], [133.6009, 33.5192], [133.5644, 33.5008], [133.5711, 33.5363], [133.5604, 33.5525], [133.5601, 33.5391], [133.5514, 33.5371], [133.5606, 33.5302], [133.5459, 33.5179], [133.5591, 33.5083], [133.5585, 33.4983], [133.5774, 33.5009], [133.5739, 33.4957], [133.4573, 33.4458], [133.4467, 33.4515], [133.4317, 33.4369], [133.4247, 33.4489], [133.3981, 33.4449], [133.4054, 33.4323], [133.3692, 33.4303], [133.3498, 33.4157], [133.3633, 33.4156], [133.3591, 33.4078], [133.3657, 33.4071], [133.3718, 33.425], [133.3841, 33.4112], [133.3835, 33.4203], [133.3923, 33.4169], [133.3962, 33.4246], [133.4026, 33.4145], [133.4159, 33.4389], [133.4316, 33.4267], [133.4421, 33.4391], [133.4616, 33.4309], [133.4572, 33.4199], [133.4291, 33.4152], [133.4273, 33.4077], [133.4116, 33.4107], [133.4058, 33.3973], [133.3899, 33.4057], [133.3756, 33.3998], [133.3771, 33.3927], [133.3718, 33.4015], [133.3426, 33.3985], [133.3295, 33.3873], [133.3304, 33.3626], [133.3181, 33.355], [133.3113, 33.3657], [133.3223, 33.3645], [133.3238, 33.3775], [133.317, 33.3824], [133.2996, 33.3744], [133.2891, 33.382], [133.3039, 33.3905], [133.2886, 33.4053], [133.2939, 33.3883], [133.2773, 33.3851], [133.2808, 33.3769], [133.2583, 33.3651], [133.2633, 33.3403], [133.2309, 33.3235], [133.2603, 33.3101], [133.2379, 33.2959], [133.2446, 33.293], [133.2419, 33.2758], [133.2583, 33.2799], [133.2549, 33.2701], [133.2628, 33.2576], [133.2468, 33.2482], [133.2558, 33.2261], [133.2384, 33.2163], [133.2341, 33.2036], [133.2399, 33.1969], [133.2157, 33.1926], [133.2097, 33.1828], [133.2238, 33.1699], [133.2139, 33.1647], [133.2224, 33.1531], [133.2078, 33.1491], [133.2048, 33.1657], [133.1914, 33.1671], [133.17, 33.1502], [133.141, 33.0971], [133.1043, 33.0725], [133.1081, 33.0625], [133.1002, 33.0595], [133.0937, 33.0233], [133.0724, 33.0363], [133.0396, 33.0379], [133.0111, 33.0151], [132.9921, 32.9517], [132.9994, 32.9437], [132.9953, 32.9239], [133.0082, 32.9117], [133.0087, 32.8819], [132.9931, 32.8623], [132.9604, 32.8644], [132.957, 32.8581], [132.954, 32.8645], [132.9486, 32.8565], [132.9591, 32.8295], [132.9506, 32.8244], [132.9522, 32.8127], [132.9644, 32.7991], [133.0011, 32.7873], [133.0167, 32.7617], [133.0198, 32.7238], [133.0026, 32.7217], [132.9861, 32.7333], [132.9663, 32.7291], [132.9706, 32.7468], [132.9525, 32.7642], [132.9691, 32.7773], [132.9557, 32.7787], [132.9454, 32.7649], [132.9396, 32.7737], [132.947, 32.7797], [132.9357, 32.7865], [132.9196, 32.7781], [132.9113, 32.7872], [132.8804, 32.7897], [132.8748, 32.7878], [132.8784, 32.7696], [132.8688, 32.7658], [132.8708, 32.7854], [132.8613, 32.7903], [132.8453, 32.7779], [132.8405, 32.7817], [132.8329, 32.7667], [132.8147, 32.7615], [132.8148, 32.7532], [132.8023, 32.7471], [132.7703, 32.7617], [132.7564, 32.7532], [132.7109, 32.7983], [132.6835, 32.7945], [132.6968, 32.7845], [132.6546, 32.7807], [132.6477, 32.7755], [132.6502, 32.7661], [132.628, 32.7637], [132.6389, 32.7683], [132.6335, 32.7831], [132.6438, 32.7869], [132.6261, 32.7957], [132.6557, 32.8009], [132.64, 32.8085], [132.644, 32.82], [132.6578, 32.8253], [132.6613, 32.8405], [132.6728, 32.8412], [132.656, 32.8528], [132.6954, 32.8865], [132.7056, 32.8882], [132.7057, 32.8756], [132.7208, 32.8805], [132.704, 32.8945], [132.7202, 32.8971], [132.7105, 32.8999], [132.7154, 32.9104], [132.7075, 32.9259], [132.699, 32.9175], [132.6956, 32.9282], [132.6862, 32.9199], [132.6546, 32.9249], [132.6518, 32.9391], [132.6779, 32.9432], [132.6809, 32.9645], [132.6908, 32.9739], [132.6773, 33.0092], [132.6754, 33.0397], [132.657, 33.057], [132.6687, 33.0717], [132.6627, 33.1089], [132.6289, 33.1323], [132.6307, 33.1501], [132.6142, 33.1693], [132.6189, 33.1809], [132.6349, 33.1863], [132.6338, 33.1783], [132.6869, 33.1349], [132.6955, 33.1383], [132.7278, 33.1699], [132.7409, 33.2007], [132.775, 33.2062], [132.7724, 33.2417], [132.7933, 33.2745], [132.8546, 33.2922], [132.8998, 33.3207], [132.895, 33.3487], [132.8811, 33.3622], [132.8606, 33.3675], [132.853, 33.3981], [132.8357, 33.3995], [132.8335, 33.4199], [132.8244, 33.4236], [132.825, 33.4462], [132.8063, 33.4605], [132.8207, 33.4726], [132.8474, 33.4791], [132.8718, 33.4709], [132.9557, 33.4663], [133.0148, 33.4808], [133.0132, 33.4905], [133.038, 33.5266], [133.063, 33.5435], [133.0612, 33.562], [133.046, 33.5754], [133.0553, 33.595], [133.079, 33.6086], [133.0676, 33.6199], [133.0768, 33.6534], [133.1161, 33.6603], [133.1201, 33.6911], [133.1444, 33.7055], [133.1394, 33.7154], [133.1605, 33.7314], [133.1573, 33.7502], [133.1821, 33.7667], [133.1932, 33.7937], [133.2053, 33.7943], [133.2205, 33.7803], [133.2365, 33.7828], [133.2569, 33.7943], [133.2767, 33.8308], [133.3258, 33.8145], [133.3552, 33.8342], [133.3914, 33.8247], [133.4154, 33.8397], [133.4968, 33.8293], [133.5074, 33.8357], [133.5091, 33.8481], [133.5248, 33.8533], [133.5391, 33.8774], [133.5567, 33.8821], [133.5826, 33.8676]]], [[[132.6956, 32.9101], [132.687, 32.9183], [132.7028, 32.9175], [132.6956, 32.9101]]], [[[132.4816, 32.7963], [132.4857, 32.8067], [132.4987, 32.8051], [132.496, 32.7973], [132.4816, 32.7963]]], [[[132.5426, 32.7023], [132.5499, 32.7141], [132.5344, 32.7309], [132.5462, 32.7385], [132.5441, 32.7546], [132.5708, 32.7356], [132.5714, 32.717], [132.5426, 32.7023]]]]}}, {"type": "Feature", "properties": {"code": "45", "name": "宮崎県"}, "geometry": {"type": "MultiPolygon", "coordinates": [[[[131.5077, 32.774], [131.5366, 32.7585], [131.5664, 32.7543], [131.5916, 32.7751], [131.6682, 32.7667], [131.7078, 32.7716], [131.7287, 32.7996], [131.7368, 32.8329], [131.7674, 32.8385], [131.7864, 32.8335], [131.793, 32.8219], [131.8238, 32.8297], [131.8343, 32.8195], [131.8579, 32.8213], [131.8586, 32.8051], [131.8439, 32.7751], [131.8471, 32.7361], [131.8851, 32.7457], [131.8739, 32.7333], [131.8588, 32.7331], [131.8643, 32.7162], [131.8493, 32.7191], [131.8504, 32.6933], [131.8386, 32.6916], [131.8259, 32.7063], [131.817, 32.7037], [131.8152, 32.6877], [131.7929, 32.6777], [131.7901, 32.6629], [131.7781, 32.6741], [131.7693, 32.6569], [131.7627, 32.6585], [131.7692, 32.6511], [131.7633, 32.6419], [131.7502, 32.6455], [131.7568, 32.6355], [131.7714, 32.6423], [131.7724, 32.6339], [131.7536, 32.6017], [131.7418, 32.5923], [131.7081, 32.5865], [131.6932, 32.5677], [131.6828, 32.5444], [131.6848, 32.5085], [131.6914, 32.5073], [131.6916, 32.5146], [131.6995, 32.5059], [131.6982, 32.5155], [131.7134, 32.5197], [131.7098, 32.5022], [131.7277, 32.4926], [131.713, 32.4886], [131.7148, 32.4819], [131.6941, 32.4693], [131.6769, 32.4733], [131.6783, 32.4834], [131.6705, 32.4773], [131.6583, 32.4826], [131.659, 32.4689], [131.6496, 32.4573], [131.6559, 32.447], [131.6414, 32.4388], [131.6503, 32.4346], [131.6633, 32.449], [131.6614, 32.4362], [131.6706, 32.4371], [131.6735, 32.4539], [131.6776, 32.4301], [131.6541, 32.4271], [131.6879, 32.4226], [131.642, 32.407], [131.6305, 32.3816], [131.635, 32.3715], [131.6218, 32.3601], [131.6274, 32.3429], [131.6108, 32.3385], [131.5831, 32.2869], [131.5394, 32.1322], [131.4632, 31.9138], [131.4816, 31.9199], [131.4618, 31.9067], [131.4537, 31.8181], [131.4874, 31.7855], [131.468, 31.7532], [131.4674, 31.7209], [131.4575, 31.7093], [131.462, 31.7039], [131.4555, 31.6956], [131.4678, 31.6864], [131.4495, 31.6798], [131.4685, 31.6451], [131.4585, 31.6467], [131.4521, 31.6389], [131.4614, 31.632], [131.4561, 31.6243], [131.4235, 31.6089], [131.4106, 31.5924], [131.4114, 31.5699], [131.4001, 31.5815], [131.3903, 31.5635], [131.3956, 31.5575], [131.3811, 31.5552], [131.3877, 31.5411], [131.3801, 31.5333], [131.3844, 31.5105], [131.3718, 31.5175], [131.3722, 31.5068], [131.3851, 31.4999], [131.388, 31.4847], [131.3617, 31.4699], [131.3707, 31.4307], [131.3436, 31.4124], [131.3447, 31.3989], [131.3318, 31.3952], [131.3332, 31.3819], [131.3488, 31.3718], [131.3366, 31.3607], [131.3176, 31.3685], [131.3086, 31.3903], [131.255, 31.3802], [131.2359, 31.4043], [131.2411, 31.4267], [131.2278, 31.424], [131.2035, 31.4535], [131.1746, 31.45], [131.1603, 31.4597], [131.1692, 31.4998], [131.1986, 31.5143], [131.196, 31.5488], [131.1883, 31.5573], [131.2038, 31.5785], [131.1851, 31.6093], [131.1877, 31.6235], [131.1642, 31.6391], [131.1496, 31.6298], [131.1149, 31.6299], [131.0783, 31.6597], [131.0531, 31.6337], [131.0455, 31.6511], [131.0251, 31.6662], [131.0271, 31.6963], [131.0129, 31.7115], [131.0142, 31.7485], [130.9968, 31.7456], [130.9773, 31.7532], [130.9894, 31.7684], [130.9866, 31.7792], [130.9311, 31.7854], [130.9149, 31.8044], [130.8835, 31.8052], [130.8761, 31.8154], [130.8811, 31.8314], [130.8746, 31.8429], [130.8884, 31.8515], [130.8935, 31.8763], [130.913, 31.8857], [130.8974, 31.8868], [130.8817, 31.9199], [130.8658, 31.933], [130.7995, 31.9493], [130.7941, 31.9721], [130.7836, 31.9786], [130.7774, 32.0139], [130.7348, 32.0479], [130.703, 32.0575], [130.7036, 32.0784], [130.7343, 32.1087], [130.7417, 32.0983], [130.7528, 32.1032], [130.7581, 32.0967], [130.8202, 32.0949], [130.8386, 32.1067], [130.8565, 32.0995], [130.8774, 32.1209], [130.9044, 32.1331], [130.9328, 32.1162], [130.9724, 32.1211], [130.9722, 32.1337], [131.0127, 32.1738], [131.0368, 32.1699], [131.0583, 32.1553], [131.0711, 32.1601], [131.0963, 32.1528], [131.1081, 32.1599], [131.0997, 32.2014], [131.0827, 32.2071], [131.0682, 32.2251], [131.0708, 32.2367], [131.0415, 32.2502], [131.0422, 32.2604], [131.0521, 32.266], [131.0503, 32.2863], [131.0779, 32.2813], [131.1105, 32.3285], [131.0934, 32.3501], [131.0735, 32.3575], [131.0782, 32.3733], [131.0685, 32.3845], [131.0665, 32.4074], [131.0422, 32.4091], [131.019, 32.4395], [131.0062, 32.4925], [131.0098, 32.5155], [131.0249, 32.5209], [131.0186, 32.5491], [131.039, 32.5565], [131.0427, 32.5825], [131.0503, 32.5865], [131.0991, 32.5785], [131.1073, 32.5831], [131.1193, 32.6057], [131.1162, 32.6427], [131.1429, 32.6761], [131.1747, 32.6725], [131.1788, 32.7111], [131.2342, 32.7442], [131.2444, 32.7713], [131.2344, 32.7811], [131.2649, 32.8262], [131.3396, 32.8331], [131.3483, 32.8105], [131.3655, 32.8034], [131.4204, 32.8117], [131.4375, 32.8285], [131.4744, 32.8371], [131.5168, 32.8003], [131.5077, 32.774]]], [[[131.8245, 32.6555], [131.8136, 32.6578], [131.8077, 32.6699], [131.8348, 32.6699], [131.8245, 32.6555]]], [[[131.4172, 31.5118], [131.4025, 31.5299], [131.4085, 31.5414], [131.4172, 31.5118]]], [[[131.3772, 31.4488], [131.3718, 31.4521], [131.3774, 31.4564], [131.3772, 31.4488]]]]}}, {"type": "Feature", "properties": {"code": "14", "name": "神奈川県"}, "geometry": {"type": "MultiPolygon", "coordinates": [[[[139.131, 35.6718], [139.1617, 35.6679], [139.168, 35.6511], [139.1799, 35.6455], [139.2009, 35.6525], [139.2157, 35.6461], [139.2204, 35.6257], [139.2529, 35.6019], [139.2822, 35.613], [139.3414, 35.6048], [139.3986, 35.5844], [139.458, 35.5281], [139.4553, 35.5199], [139.4678, 35.5022], [139.485, 35.5039], [139.4777, 35.5121], [139.4867, 35.5355], [139.4804, 35.5577], [139.4702, 35.5607], [139.4732, 35.5763], [139.49, 35.5841], [139.4829, 35.5713], [139.4896, 35.5615], [139.5072, 35.5757], [139.4653, 35.6091], [139.4532, 35.6049], [139.4493, 35.6118], [139.463, 35.6249], [139.4968, 35.6048], [139.4951, 35.6175], [139.5146, 35.6248], [139.5254, 35.6427], [139.6192, 35.6135], [139.6653, 35.5889], [139.6783, 35.5634], [139.7025, 35.5539], [139.7018, 35.5372], [139.7575, 35.5442], [139.7898, 35.5267], [139.7942, 35.5118], [139.7763, 35.5095], [139.752, 35.5331], [139.7649, 35.5116], [139.7518, 35.5095], [139.7514, 35.5237], [139.738, 35.5147], [139.7493, 35.5085], [139.7339, 35.5005], [139.7375, 35.5139], [139.725, 35.5169], [139.7318, 35.4995], [139.7203, 35.4943], [139.7142, 35.5032], [139.7228, 35.5083], [139.7116, 35.5032], [139.7181, 35.4935], [139.6963, 35.4839], [139.698, 35.4908], [139.6885, 35.4952], [139.6929, 35.4825], [139.6819, 35.4732], [139.6684, 35.4678], [139.6708, 35.478], [139.6448, 35.4758], [139.6322, 35.466], [139.6389, 35.4629], [139.6327, 35.452], [139.6488, 35.4538], [139.6518, 35.4451], [139.6659, 35.4493], [139.6603, 35.4412], [139.6743, 35.4496], [139.669, 35.4392], [139.6753, 35.4456], [139.6813, 35.4411], [139.6755, 35.4315], [139.6907, 35.4392], [139.6697, 35.4027], [139.6526, 35.4128], [139.6318, 35.4105], [139.6308, 35.4049], [139.6455, 35.4029], [139.6221, 35.396], [139.6355, 35.3922], [139.6275, 35.3861], [139.632, 35.3823], [139.6534, 35.3873], [139.6455, 35.3778], [139.6565, 35.3727], [139.6509, 35.3663], [139.657, 35.3416], [139.6225, 35.332], [139.634, 35.3219], [139.6339, 35.331], [139.6608, 35.3281], [139.6436, 35.3077], [139.6371, 35.3117], [139.6409, 35.3031], [139.6313, 35.3001], [139.634, 35.2951], [139.6425, 35.2991], [139.6606, 35.2831], [139.6614, 35.2998], [139.6718, 35.3009], [139.6805, 35.2902], [139.6721, 35.2866], [139.691, 35.2673], [139.7325, 35.2656], [139.7466, 35.2532], [139.7272, 35.2395], [139.7176, 35.2471], [139.7295, 35.2292], [139.7138, 35.2215], [139.725, 35.2119], [139.6852, 35.2065], [139.6565, 35.185], [139.6643, 35.1584], [139.681, 35.1515], [139.678, 35.1393], [139.6671, 35.1464], [139.6576, 35.1379], [139.6109, 35.141], [139.6155, 35.1503], [139.607, 35.1543], [139.6196, 35.1553], [139.6107, 35.1629], [139.6268, 35.1628], [139.6166, 35.1699], [139.6159, 35.1899], [139.5998, 35.1948], [139.6091, 35.2103], [139.623, 35.2075], [139.6275, 35.2155], [139.605, 35.2229], [139.5923, 35.2463], [139.5764, 35.2532], [139.5757, 35.2643], [139.5676, 35.2669], [139.5693, 35.2937], [139.5521, 35.2945], [139.5449, 35.3081], [139.5355, 35.3088], [139.5253, 35.3017], [139.4886, 35.3079], [139.4777, 35.2975], [139.4765, 35.3115], [139.438, 35.3189], [139.3301, 35.3121], [139.2468, 35.2915], [139.1477, 35.2407], [139.1373, 35.1788], [139.1452, 35.1687], [139.1419, 35.1527], [139.161, 35.141], [139.1326, 35.1503], [139.1024, 35.1407], [139.0287, 35.1506], [139.0261, 35.1755], [138.9876, 35.2012], [138.976, 35.2356], [138.9752, 35.2617], [139.0048, 35.2897], [139.0187, 35.3298], [138.9994, 35.3818], [139.0017, 35.3988], [138.9697, 35.4049], [138.9162, 35.4005], [138.9174, 35.41], [138.9294, 35.4209], [138.928, 35.4368], [138.9372, 35.4489], [138.9906, 35.4741], [139.0266, 35.4808], [139.0461, 35.5097], [139.0852, 35.5121], [139.113, 35.5374], [139.1119, 35.5498], [139.1291, 35.5637], [139.1216, 35.5865], [139.1343, 35.6163], [139.1239, 35.6239], [139.1271, 35.6398], [139.1178, 35.6531], [139.131, 35.6718]]], [[[139.7456, 35.4849], [139.7363, 35.4944], [139.7785, 35.5044], [139.7456, 35.4849]]], [[[139.7146, 35.4859], [139.7345, 35.4947], [139.7419, 35.477], [139.7127, 35.4641], [139.7002, 35.4786], [139.7146, 35.4859]]], [[[139.653, 35.4635], [139.6418, 35.4719], [139.6504, 35.4744], [139.653, 35.4635]]], [[[139.6956, 35.4496], [139.6727, 35.4652], [139.6925, 35.472], [139.6949, 35.4637], [139.6848, 35.4589], [139.6978, 35.4619], [139.7027, 35.4551], [139.6956, 35.4496]]], [[[139.6449, 35.451], [139.6351, 35.4546], [139.6425, 35.4578], [139.6449, 35.451]]], [[[139.6747, 35.3997], [139.6801, 35.41], [139.6922, 35.41], [139.6747, 35.3997]]], [[[139.6501, 35.2942], [139.6439, 35.3001], [139.652, 35.3074], [139.6567, 35.3025], [139.6501, 35.2942]]]]}}]}